listing_id,avg_sentiment,n_reviews_sampled
11551,0.9553,1
13913,-0.3401,3
36299,0.9412,1
36660,0.46609,10
38605,0.9867,1
38995,0.3831333333333333,3
42010,0.4716666666666667,12
43129,0.9101333333333333,3
43202,0.96305,2
47687,0.3648571428571429,14
49970,0.37780588235294116,17
52624,0.97685,4
56229,0.5520875000000001,8
63948,0.37871666666666665,12
66772,0.29847999999999997,10
67851,0.91385,2
78892,0.3206,1
80123,0.9258,2
81410,0.6185222222222222,9
81449,0.0,1
81635,0.9267,1
84223,0.8607625,8
85191,0.24784,5
86092,0.61035,8
89870,0.8248125,8
90962,0.5719,1
91287,0.64865,2
92352,0.9097500000000001,2
92399,0.7709111111111111,9
93457,0.0,1
98541,0.9660500000000001,2
99757,0.6981,1
102565,0.3911,3
107051,0.8354111111111111,9
116268,0.7351,1
117203,0.9183,1
127652,0.8964666666666666,3
131444,0.49435,2
137581,0.6896125,8
142117,0.9517333333333333,3
145612,0.7856,1
157536,-0.5574,1
165336,0.5860000000000001,4
182802,0.9587,2
183128,0.8379,3
190015,0.783,1
190028,0.9014,1
198279,0.8193,2
200713,0.48105,4
203163,0.9517857142857142,7
207542,0.870025,4
214321,0.8883,1
216350,0.5562666666666667,3
227502,0.7799,3
229335,0.8225,1
232983,0.6351333333333333,6
238349,0.013500000000000012,2
243077,0.9794,1
254996,0.7453615384615385,13
264780,0.9845,1
264781,0.6674,2
264782,0.2352,3
264789,0.0,1
268398,0.4753,1
270600,0.7978,3
273941,0.4119,2
282198,0.6370666666666667,3
289422,0.0,1
294887,0.5927,1
306333,0.8391,5
310949,0.30236,5
311430,0.99095,2
312761,0.9511,6
314164,0.5411,1
315238,0.96285,2
318287,0.6355666666666666,3
322606,0.7210333333333333,3
326633,0.9001,1
329585,0.9866,4
330932,0.8836600000000001,5
331058,0.0,1
334412,0.1591,2
342003,0.237,2
342804,0.9438,1
344102,0.5027166666666667,6
346523,0.6415,1
348215,0.8696555555555556,9
348217,0.9126666666666666,3
350588,0.58745,4
351727,0.6347,3
356073,0.9426000000000001,2
359974,0.483,2
362026,0.9834,1
365933,0.5877666666666667,3
367207,0.4754,1
369383,0.252,4
379053,0.9691,3
380188,0.9052,1
387935,0.47475,2
388032,0.9897,1
388315,0.9916,1
388674,0.7258,2
389079,0.5961000000000001,5
389125,0.237325,4
389544,0.4511,2
389786,0.1806,2
389967,0.932075,4
390316,0.9451499999999999,2
390319,0.85445,8
390320,0.8355625,8
390356,0.41686666666666666,9
390750,0.9707,2
391273,0.34,1
391392,0.9629,2
391672,0.917225,4
391808,0.8607,1
392141,0.8639,2
395062,0.57665,4
396235,0.9904,1
401972,0.89545,4
402739,0.9488,3
414115,0.7302500000000001,2
415825,0.66574,5
415926,0.90215,4
416047,0.869525,4
424407,0.9752,1
435600,0.9712333333333333,3
436257,0.41678333333333334,6
436446,0.9694,1
436458,0.70594,10
438421,0.6221933333333334,15
439489,0.8730142857142856,7
445346,0.7378666666666667,6
445751,0.5259,2
445772,0.9136,1
445781,0.983,1
446900,0.4071,2
447891,0.45298571428571427,7
451211,0.9194,3
453797,0.4949,2
459237,0.9728,1
461923,0.9671,1
464922,0.886,1
469187,0.7282363636363637,11
469189,0.9715,1
472185,0.8414666666666667,3
477286,0.4769,2
478627,0.20873333333333335,3
483400,0.061350000000000016,2
487783,0.4221,2
501837,0.43193333333333334,3
502566,0.9958,1
504810,0.8779,1
507480,0.9501,1
507677,0.9581500000000001,2
511429,0.22619999999999996,5
511768,0.89905,2
512882,0.9017999999999999,4
517283,0.6398666666666667,3
518741,0.9798,1
520350,0.9424,1
521274,0.6273,4
521771,0.5676444444444445,9
521982,0.860225,4
522729,0.9663,1
523635,0.7697666666666666,3
523749,0.8012,1
526388,0.38370000000000004,4
529070,0.902,1
529947,0.9663,1
530395,0.4078555555555556,9
531050,0.7261857142857143,7
536121,0.45189999999999997,4
536751,0.27285,4
536996,0.0,1
539042,0.4799833333333334,6
545020,0.97,1
546039,0.8744999999999999,3
547803,0.7530666666666667,3
548106,0.4228,1
550146,0.9097500000000001,2
550492,-0.128,1
552257,-0.5847,2
554694,0.7588666666666667,3
555419,0.126,1
558694,0.9022,1
559415,0.0,1
559776,0.9071,2
560068,0.9355,1
561379,0.7438499999999999,2
563229,0.9874,1
563243,0.7219,1
564861,-0.148,2
565770,0.31805,2
566364,0.94,2
570490,0.9467333333333334,3
571265,0.6445777777777777,9
572046,0.49655,4
572805,0.9849,1
573155,-0.26145,2
583333,0.87025,2
583705,0.1849,4
590575,0.6246666666666666,3
590823,0.97865,2
593780,0.9142,1
596823,0.8592666666666666,9
597005,0.7220799999999999,5
599058,0.11520000000000002,2
601584,0.8149,2
602475,0.9253,1
604687,0.8465,1
606382,0.9939,1
607129,0.0,1
608431,0.9812,1
611025,0.89935,2
611709,0.87015,2
613103,0.9649333333333333,3
613404,0.9366,1
615347,0.8662000000000001,3
619010,0.4927,1
624532,0.9938,1
625296,0.6643,3
626710,0.7845,1
627123,0.03434999999999999,2
627920,0.7676,1
632717,0.9703,1
633856,0.5719,1
634976,0.9347,1
635138,0.9045666666666666,3
635233,0.9722,2
647243,0.9899,1
649929,0.9855,1
656590,0.86585,2
660064,0.3868,5
660891,0.8766,1
661917,0.8588,1
668172,0.21969999999999998,4
668819,0.9118428571428572,7
672080,0.4621,2
673067,0.8953,1
680305,0.3224333333333333,3
680656,0.4061857142857143,7
680739,0.8482666666666666,3
682609,0.6394181818181818,11
688855,-0.125,2
698606,0.97465,2
698852,0.743,1
699729,0.249195,20
705523,0.822525,4
705526,0.5108666666666667,3
705745,0.9738,1
711333,0.9902,1
711425,0.47197500000000003,4
713475,0.0,1
726882,0.65096,5
730831,0.90555,6
740600,0.9416,1
740867,0.9807,2
741021,0.8849499999999999,2
742379,0.8225,1
744746,0.9554,2
745091,0.7397,1
751606,0.64028,5
755127,0.9036,1
757645,0.7790666666666667,6
766496,0.3715,2
772992,0.95615,2
779186,0.8441333333333333,3
787209,0.765,1
792305,0.2984333333333334,3
794879,0.011200000000000043,2
797036,0.87005,2
804885,0.69845,2
805174,0.0,3
810314,0.9773,1
814021,0.9632,1
814659,0.6474,1
816985,0.5322,2
817542,0.345,2
819977,0.0,1
823097,0.9939,1
824973,0.48489999999999994,3
834616,0.46365,2
852486,0.0,1
854102,0.43685,12
854116,0.4852125,16
855465,0.8060166666666667,6
872544,-0.34,1
900063,0.9625,1
906474,-0.3614,1
907927,0.9354,1
910252,-0.011733333333333299,3
920932,0.8591,1
929106,0.49525,2
933693,0.7022666666666666,6
934366,0.241225,4
941492,-0.027470000000000015,10
943363,0.7136,4
945717,0.8176,1
948461,0.0,1
949787,0.6812666666666667,3
953350,0.6790833333333334,6
964547,0.9358,1
965726,0.954825,4
967495,0.4915,2
972574,0.30073333333333335,3
976422,0.8911000000000001,3
981654,0.902,1
983555,0.654325,4
991064,0.666925,4
998578,0.48660000000000003,4
999147,0.5600875,8
999691,0.9612,2
1002115,0.4764,2
1002787,0.745275,8
1003138,0.8436,4
1003616,0.10505,4
1003867,0.7579,1
1003956,0.56465,2
1011777,0.5588,2
1013117,0.6162727272727273,11
1018171,0.43196666666666667,6
1022977,0.7319999999999999,12
1028784,0.9378,2
1035339,0.6854750000000001,4
1042006,0.44824,5
1044356,0.5413,1
1046865,0.7667666666666667,3
1056379,0.891,1
1063188,0.6324,3
1066230,0.9332666666666666,3
1067936,0.9844,1
1073554,0.2358,4
1099836,0.652175,4
1103795,0.22655,8
1109914,0.4138875,8
1113541,0.617325,4
1117766,0.9708,1
1117796,0.6669,2
1122835,0.8100333333333333,3
1126252,0.0043,1
1128785,0.94655,2
1145066,0.8908,1
1148704,0.8976,1
1153876,0.8984,4
1174411,0.858,2
1176931,0.44147857142857144,14
1177530,0.4765,2
1186492,0.4543,2
1188836,0.72165,4
1192978,0.823275,8
1199554,0.9571,1
1202304,0.8743000000000001,2
1217128,0.8881,3
1218877,0.7414,5
1220145,0.7783,10
1220217,0.4148727272727273,11
1222924,0.52335,6
1224630,0.9615,2
1226016,0.9760500000000001,2
1230313,0.9782,1
1234388,0.7666666666666666,3
1241481,0.5989249999999999,4
1244325,0.664775,4
1250597,0.9813,1
1251672,0.6458333333333334,3
1254710,0.6546833333333333,6
1255710,0.886425,4
1257858,0.5456666666666666,3
1262168,0.2003666666666666,3
1266951,0.4079,7
1270251,0.30766666666666664,3
1278020,0.9055500000000001,2
1286611,0.4976499999999999,18
1289105,0.9835,1
1289284,0.9593,1
1291630,0.6189681818181818,22
1294039,0.7588999999999999,2
1311246,0.9048666666666666,3
1311837,-0.636,1
1313503,0.757425,12
1315594,0.927,1
1319498,0.9569,2
1323647,0.6480285714285714,14
1325052,0.865625,4
1325597,0.947,1
1339408,0.9494666666666666,3
1340622,0.9587,1
1341379,0.0,1
1342152,0.5242,1
1342180,0.881,2
1342325,0.9398500000000001,2
1342795,0.9951,1
1344695,0.9725,1
1345293,0.9531499999999999,2
1350621,0.8952714285714285,7
1352070,0.3868181818181818,11
1354206,0.9522,3
1357846,0.0,1
1362167,0.6103000000000001,4
1369082,0.6954,2
1372060,0.9703799999999999,5
1383888,0.9528333333333333,3
1395088,0.3277333333333333,3
1396026,0.9649,1
1408822,0.7522,2
1422528,0.9825999999999999,2
1425110,0.0,2
1427095,0.9570000000000001,2
1427868,0.9305833333333333,6
1430558,-0.636,1
1452643,0.9753,1
1457328,0.8655,1
1459886,0.944,1
1461415,0.49188,5
1483126,0.9617666666666667,3
1488173,0.8812166666666666,6
1520434,0.9426,9
1528644,0.9235666666666668,3
1529116,0.78775,2
1532025,0.93675,2
1538293,0.9806,1
1543097,0.69208125,16
1548874,0.4765,6
1555216,0.31045,2
1562712,0.9674499999999999,2
1571980,0.75,1
1573381,0.9581,1
1585716,0.9513,1
1601018,0.17,2
1602364,0.3182,1
1612301,-0.21805,6
1615242,0.18357142857142855,7
1615747,-0.6249,1
1621302,0.92265,2
1623611,0.6566,1
1635189,0.7406666666666667,3
1638098,0.9399000000000001,3
1644873,0.942675,8
1647720,0.9875499999999999,2
1651191,0.562775,4
1675409,0.8362499999999999,2
1682982,0.4574,1
1685099,0.89222,5
1696130,0.99,1
1698947,0.9923,1
1706142,0.9744,1
1719847,0.287325,8
1719900,0.8687,1
1720539,0.6212571428571428,7
1723349,0.8436,1
1732330,0.5670851851851851,27
1737200,0.9533,2
1738897,0.6932875000000001,8
1758791,-0.6114333333333334,3
1760271,0.74465,2
1760593,0.96,1
1761152,0.75868,5
1776893,0.9538,1
1777816,0.9307666666666666,6
1786015,0.7029666666666667,3
1791742,0.9781,1
1796751,0.8167,2
1796888,-0.128,1
1802813,0.7731499999999999,6
1809084,0.9322,1
1816747,0.9001,1
1827533,0.9742,1
1830958,0.8356,1
1850723,0.8908,1
1883810,0.83895,2
1885870,0.318,2
1891362,0.4083666666666666,3
1900063,0.9553333333333334,3
1904019,0.9399500000000001,2
1905484,0.5859,1
1919337,0.9554,1
1927679,0.9600500000000001,2
1935885,0.7579,1
1948750,0.93425,2
1951615,0.937,1
1951947,0.989,1
1962354,0.8497,1
1964074,0.9588,2
1973506,0.41355,2
1978773,0.8984,4
1980662,0.9568,1
1981198,0.47035,2
1990616,0.9168,2
2002358,0.7409600000000001,10
2002712,0.8976,1
2007051,0.9104000000000001,3
2008413,0.46195,10
2021039,0.968,1
2021361,0.8557666666666667,6
2025844,0.605175,12
2046402,-0.9832,1
2051141,0.6343888888888889,9
2052284,0.6959714285714286,7
2056454,0.8623,1
2085572,0.8989,1
2085670,0.6249,1
2090734,0.9614,1
2095257,0.9419,2
2119937,0.5837666666666667,3
2126708,0.8503642857142857,14
2135205,0.7132499999999999,2
2145108,0.64276,10
2145993,0.3315333333333333,3
2153716,0.799325,4
2162140,0.33754999999999996,2
2169916,-0.00040000000000001146,2
2182759,0.8887,1
2184602,0.9316,1
2184786,0.64268,5
2199875,0.8615,1
2209431,0.636,1
2213040,0.608085,20
2221286,0.8955,1
2224507,0.9251,2
2253316,0.8718,3
2254222,0.90735,4
2271369,0.727325,4
2288669,0.9898,1
2308269,0.3322428571428571,7
2328836,0.4789333333333334,3
2336065,0.8983,3
2345520,0.7955,1
2354700,0.6408999999999999,3
2357072,0.7690714285714285,7
2371649,0.9106571428571428,7
2373926,0.91,1
2398015,0.8271,1
2408578,0.9524799999999999,5
2416056,0.8210666666666667,3
2437103,0.38400000000000006,3
2441568,0.9843999999999999,3
2456463,0.926,1
2459362,0.9768,1
2460016,0.8025500000000001,2
2472822,0.48895,2
2487880,0.7644,1
2507220,0.86935,8
2518024,0.9372666666666666,3
2519161,0.6820999999999999,4
2519406,0.9366,1
2524440,0.9537818181818182,11
2524622,0.5679000000000001,7
2529188,0.7214,1
2533176,0.36643749999999997,8
2534087,0.9494,1
2552440,0.6797625,8
2554719,0.9571,1
2557474,0.6117166666666667,6
2557770,0.6239666666666667,6
2557853,0.7351,1
2559562,0.7494,1
2575218,0.8098333333333333,3
2576674,0.9781,4
2576995,0.5043666666666667,3
2580107,0.824775,4
2582659,0.93115,2
2589855,0.47351666666666664,6
2591139,0.9582,1
2602971,0.4053,8
2607475,0.85185,2
2609150,0.8633,8
2610211,0.8335,2
2652917,0.8687999999999999,3
2659707,0.6902565217391304,23
2660137,0.9335,1
2665295,0.9612,1
2689987,0.5989285714285714,7
2690320,0.6014,6
2691533,0.6652555555555556,9
2692069,0.5965333333333334,6
2704745,0.96695,2
2706674,0.9628,1
2708091,0.9755,1
2715481,0.77112,5
2720830,0.34735,4
2728159,0.648575,8
2729885,0.8636125,8
2735296,0.352375,4
2747293,0.679225,4
2757382,0.7346199999999999,10
2758609,0.78535,2
2760693,0.8842083333333334,12
2762514,0.45895,2
2780524,0.41315,10
2796795,0.9197666666666667,3
2807287,0.6255000000000001,3
2808285,0.9571,1
2813876,0.9891,1
2822720,0.29507272727272726,11
2827200,0.5969,8
2835266,0.7991,1
2839143,0.6317,3
2842506,0.9587,1
2844505,0.765,1
2852239,0.98655,2
2856792,0.9807,1
2865537,0.5546,5
2868232,0.85685,4
2880265,0.6572,2
2889261,0.918925,4
2895862,-0.9229,1
2897363,-0.5994,1
2906069,0.0,1
2916767,-0.9672,1
2925012,0.0,1
2926013,0.794875,8
2929869,0.9768,1
2934134,0.9842,2
2934808,0.5554,2
2948340,0.9332,1
2961981,0.45485,2
2964617,0.9598,1
2971708,0.43572727272727274,11
2973945,0.8149500000000001,2
2977750,0.84555,2
2986844,-0.064,2
3003685,0.9849,1
3008678,0.7678,1
3010784,0.89455,2
3024491,0.9409,1
3028291,0.9935,1
3041621,0.318275,4
3051597,0.9861,1
3066403,0.8733500000000001,2
3071519,0.9824666666666667,3
3080111,0.887,1
3086305,0.0,1
3086844,0.7845,1
3089910,0.9933,1
3113236,0.5395666666666666,6
3123288,0.94865,2
3165691,0.46215,2
3170396,0.77656,5
3173050,0.6124,1
3173847,-0.128,1
3181845,0.25386,5
3184830,0.8650375,8
3185531,0.81608,5
3186798,0.7551599999999999,5
3188938,0.8061499999999999,2
3190413,0.9120333333333334,3
3191081,0.6291666666666667,6
3205296,0.97235,2
3205932,0.6742307692307693,13
3227563,0.8671000000000001,3
3233141,0.4926,1
3238145,0.5922428571428571,7
3239200,0.9308,1
3257661,0.4754,1
3259990,0.9602666666666666,3
3270479,0.49395,2
3287526,0.9204,3
3295048,-0.9184,1
3301963,0.8622,1
3302629,0.9779,3
3324429,0.4457000000000001,5
3330074,0.6250199999999999,5
3334699,0.9718,1
3348338,0.44015,2
3355641,0.36228571428571427,7
3364246,0.90216,10
3365015,0.6249,1
3365479,0.9784,1
3370968,0.9254375,8
3378742,0.9789,3
3383015,0.8977,1
3383457,0.11659999999999998,2
3423329,0.611375,4
3424503,0.47655,2
3424775,0.97915,2
3430805,0.8631428571428571,7
3444776,0.7763,2
3474515,0.6131727272727273,11
3480534,0.9777,2
3480552,0.6050800000000001,5
3481931,0.7579,1
3482462,0.423,2
3492159,0.2263,1
3498228,0.6369,1
3499321,0.9623,1
3505446,0.9722999999999999,2
3517033,0.6464,3
3519290,0.9768,1
3519652,0.981,1
3530320,0.9932,1
3544398,0.25795,2
3546437,0.9240999999999999,2
3551562,0.6583399999999999,5
3565047,-0.50695,2
3566154,0.0,1
3572982,0.9952,1
3577016,0.5719,1
3580923,0.07770000000000005,2
3587239,0.323325,4
3587359,0.9202999999999999,2
3588725,0.606575,4
3594336,0.47445,2
3620024,0.7681,2
3621512,0.4926,1
3639077,0.2005125,8
3645778,0.9339666666666666,3
3653641,0.9897333333333332,3
3658078,0.6369,1
3658653,0.75353,10
3664786,0.8625333333333334,3
3666520,0.9134,2
3671306,0.8741333333333333,3
3682210,0.1578,2
3697446,0.9009666666666667,3
3699428,-0.3164,1
3700190,0.7187818181818182,11
3701136,0.8439,1
3701249,0.5973777777777778,9
3704294,0.9675,1
3709549,0.9261,2
3714912,0.9261,1
3716322,0.9401,1
3727713,0.5269333333333334,3
3733480,0.57805,4
3736107,0.983075,4
3739510,0.76964,5
3765708,0.6239,1
3773227,0.5207666666666666,9
3786768,0.71275,2
3787579,0.4215,1
3787924,0.9698,1
3806681,0.024933333333333325,3
3810989,0.5994,1
3830158,0.27753333333333335,3
3838369,0.9669,1
3840204,0.6760285714285714,7
3844825,0.90464,5
3853897,0.9708,1
3860604,0.717664705882353,17
3867160,0.81545,2
3872299,0.9216,1
3879286,0.9831333333333334,3
3882483,0.7064166666666667,6
3893304,0.6586666666666666,3
3897603,0.78175,2
3899976,0.7612,4
3900987,0.49165,2
3928831,0.8361333333333333,6
3930288,0.8883,1
3943204,0.88565,2
3945508,0.37472000000000005,5
3957179,0.381,4
3973779,-0.8316,1
3986296,0.7004625,8
3990249,0.8934,1
3992557,0.73535,2
4004588,0.972125,4
4004998,0.9738,1
4005042,0.634075,4
4011256,0.9862,1
4015163,0.9794,1
4017122,0.9739,2
4018456,0.61705,2
4022582,0.9331499999999999,2
4028566,0.8362,2
4029703,0.9087142857142857,7
4043964,0.9400999999999999,2
4050072,0.48185,2
4055211,0.83755,2
4088041,0.9055,2
4088703,0.6214333333333334,3
4109997,-0.13615,4
4122753,-0.7471,1
4128880,0.0,1
4135968,-0.8957,1
4139504,0.872,1
4150560,0.8990333333333332,3
4151500,0.7424,5
4168785,0.47644545454545456,22
4176422,0.9106000000000001,2
4188461,0.93725,2
4193625,0.34352,5
4202162,0.9050800000000001,5
4221631,0.5905777777777778,9
4223888,0.8148,2
4245842,0.5911666666666667,3
4246774,0.9626,3
4250274,0.0,1
4254699,0.9784,1
4265483,0.5683374999999999,16
4274784,0.9694,1
4283064,0.88725,4
4283521,0.9378000000000001,7
4284972,0.632275,8
4286878,0.9584,1
4290315,0.90125,2
4305787,0.0,1
4309179,0.8341500000000001,6
4321756,0.9390000000000001,2
4326511,0.5851615384615385,13
4332039,0.7068470588235295,17
4339716,0.9538,1
4345745,0.9851,1
4376312,0.3311333333333334,15
4385673,0.5182166666666667,6
4391345,0.8634,3
4391488,0.5515923076923077,26
4391890,0.40488,5
4395570,0.9704,1
4400007,0.9245,1
4400113,0.7574333333333333,3
4407781,0.5019333333333333,6
4408750,0.87005,2
4427215,-0.04494999999999999,2
4432976,0.393975,4
4433041,0.9314399999999999,5
4439155,0.8936,2
4440079,0.984,1
4451913,0.33588,10
4452319,0.9209,1
4477638,0.9922,1
4505695,0.0,1
4506257,-0.48615,2
4512702,0.3032333333333333,3
4514851,0.4412,2
4526289,0.8922,1
4537151,0.9721000000000001,3
4553443,0.0,1
4563023,0.0516,1
4576854,0.8707,1
4594609,0.6567000000000001,2
4605913,-0.016899999999999988,3
4619960,0.7967785714285714,14
4634999,0.8411333333333334,3
4635755,0.73465,10
4662824,0.8429,2
4666123,0.868,4
4666277,0.21960000000000002,3
4666396,0.75525,2
4671220,0.783975,4
4671441,0.72414,5
4676926,0.7316666666666667,15
4679291,0.9634,1
4679555,0.9847,1
4691584,0.5223666666666666,3
4702396,0.9594,1
4706935,0.88365,2
4715792,0.940175,4
4716169,-0.9917,1
4721337,0.9249,2
4722674,0.4556,2
4723292,0.9781333333333334,3
4742500,0.72695,4
4744827,0.566275,4
4748665,0.65903,20
4754607,0.9555666666666666,3
4761737,0.8176,1
4769279,0.7172,1
4772751,0.5875600000000001,5
4773399,0.7828333333333334,3
4783399,0.9771,1
4789443,0.0,1
4792857,0.7801999999999999,6
4800948,0.7088,1
4808055,0.3182,1
4828854,0.6777666666666666,9
4863546,0.7711333333333333,6
4889406,0.5785,9
4909320,0.44455,2
4913643,0.2038,3
4915463,0.8519,1
4927937,0.9708399999999999,5
4928798,0.7604333333333333,9
4944910,0.6286999999999999,3
4946741,0.9229,1
4947066,0.97925,2
4951684,0.9933,1
4952742,0.9493,1
4953869,-0.05135,2
4964165,0.77724,5
4972039,0.64073125,16
4981786,0.9829,1
4982166,0.7273000000000001,8
4985649,0.7346,3
5002791,0.94755,2
5005486,0.6468,1
5006883,0.48855,2
5009812,0.47545,2
5047528,0.9867,1
5072468,0.6395,2
5074946,0.9286,1
5088999,0.4404,1
5093026,0.6073333333333334,3
5099166,0.9143666666666667,3
5119248,0.27140000000000003,3
5122865,0.87805,4
5135487,0.14886666666666667,6
5139805,0.6317,3
5141415,0.8427000000000001,3
5148057,0.7738,2
5150811,0.9315500000000001,2
5153081,0.9879,1
5157654,0.5343545454545454,22
5161205,0.4781571428571429,7
5182832,0.88655,4
5218353,0.6564666666666666,9
5223640,0.819825,4
5223674,0.5994,1
5227972,-0.5574,1
5260716,0.30654000000000003,5
5266466,0.3448909090909091,11
5278769,0.891425,4
5284496,0.666075,4
5289878,0.5719,1
5336867,0.98715,2
5345295,0.6249,1
5346708,0.8383333333333334,3
5367754,0.5128666666666667,3
5390716,0.3294,2
5413880,0.3987,1
5435570,0.9412,1
5436699,0.3423333333333334,3
5443112,0.933625,4
5456530,0.8687,1
5476930,0.7309749999999999,4
5493751,0.9519,1
5494642,0.0,1
5496392,0.6429333333333332,3
5509817,-0.23659999999999998,2
5519383,0.285325,4
5532129,0.82485,2
5535422,-0.5574,1
5569438,0.4196,3
5570655,0.9718,1
5591223,0.84935,2
5625874,0.8068857142857143,7
5630906,0.0,1
5638426,0.5136333333333333,3
5639579,0.7303,5
5640325,0.7354499999999999,2
5657123,0.33676,5
5658829,0.34064285714285714,7
5658876,0.95635,2
5676366,0.9266875,8
5690943,0.9612499999999999,2
5701378,0.9709,1
5702667,0.9823,1
5703538,0.9641,1
5712639,0.4970666666666667,3
5719053,0.1276,2
5723059,0.8618777777777777,9
5723230,0.469075,4
5742008,0.34913333333333335,6
5746492,0.8071,3
5751270,0.5399428571428572,7
5759888,0.9761,1
5760182,0.9490222222222222,9
5767949,0.94625,2
5777698,0.4025714285714286,7
5784573,0.8442,1
5795944,0.0772,1
5804727,0.8607333333333335,3
5817152,0.96565,2
5822211,0.8268,1
5824715,0.836,1
5842492,0.6446666666666666,3
5846399,0.9285333333333333,3
5854117,0.0,1
5862056,0.393975,4
5868847,0.36005,2
5868895,0.9436,1
5869526,0.77144,10
5878160,0.69925,2
5897410,0.32784,5
5898268,0.68275,2
5902247,0.228225,4
5911792,0.5937,4
5927181,0.4933,2
5928712,0.991,1
5939048,0.9687,1
5940193,0.9773,1
5941523,0.9688,1
5944211,0.6938666666666666,3
5946100,0.9274249999999999,4
5951563,0.76735,4
5975144,0.925375,4
5975492,0.11322999999999998,10
5978781,0.886,1
5984864,-0.296,1
5985970,0.9273,2
5986255,0.44416666666666665,3
5989171,0.49315,2
5989615,0.9381,1
5995648,0.6699333333333333,6
5996055,0.44665,4
5996097,0.66634,10
6000786,-0.10546666666666667,3
6022576,0.17426666666666668,3
6030103,0.8011,1
6043979,0.29295,2
6053504,0.9627,1
6064470,0.930275,4
6066828,0.35233333333333333,3
6069107,0.6366428571428572,7
6072252,0.4939,1
6074541,0.8598117647058823,17
6080709,0.46484000000000003,10
6084476,0.43965,2
6084934,0.9898,1
6087810,0.9463333333333334,3
6096819,0.808075,4
6124398,0.8794,2
6126148,-0.5216,1
6127095,0.9728,2
6130866,0.9764,1
6131981,0.9730666666666666,3
6137157,0.4054333333333333,3
6161504,0.6386666666666666,3
6161586,0.0,1
6166304,0.836,1
6179409,0.5202199999999999,5
6181613,0.718,4
6183220,0.94575,2
6197340,0.9353,1
6204837,0.946,1
6205465,0.878775,4
6212710,0.73744,5
6222799,0.8731,7
6224560,0.97595,2
6230348,0.44993333333333335,3
6231335,0.9771,1
6242216,0.34,1
6254877,0.9596666666666667,3
6258259,0.9428,1
6294961,0.96085,4
6298461,0.69385,4
6315938,0.6358166666666667,6
6316365,0.5094928571428572,14
6326308,-0.3348,1
6334403,0.6914399999999999,5
6340040,0.8845666666666666,3
6344492,0.9268,1
6347826,0.7964,1
6351860,0.4019,1
6360453,0.4753,1
6369832,0.8777,1
6382434,0.836,1
6395129,0.69705,2
6403266,0.31795,4
6431501,0.9334,1
6431521,0.31951999999999997,5
6432372,0.565625,4
6441442,0.91435,2
6445907,0.4459666666666667,12
6474578,-0.8126,1
6475256,0.9608166666666667,6
6479011,0.6143799999999999,10
6485525,0.2278,3
6488364,0.7955,1
6495522,0.9961,1
6498157,0.5646142857142857,7
6519512,0.39843333333333336,3
6524579,0.37346666666666667,3
6535321,0.739575,4
6551620,0.9863500000000001,2
6553480,0.9062,1
6575530,0.9297333333333334,3
6585164,0.765,1
6587183,0.5687,3
6606399,0.8831,1
6606418,0.6977,8
6607803,0.94245,2
6611391,0.023799999999999988,2
6611516,-0.8316,1
6618185,0.2202,2
6620546,0.92692,5
6624911,0.05685000000000001,2
6631727,0.694025,12
6632570,0.7017428571428571,7
6653445,0.95105,2
6681314,0.4215,1
6686113,0.7178999999999999,3
6694469,0.5583,3
6695460,0.9536,2
6697153,0.94175,2
6701076,0.9061,1
6704485,0.68842,5
6706265,0.79095,2
6708046,-0.08791666666666666,6
6709677,0.38932,5
6709965,0.9514750000000001,4
6712284,0.4667,2
6714579,0.5719,1
6719586,0.5034833333333334,6
6728043,0.9715,1
6728256,0.6467,2
6730447,0.7765,5
6742681,0.836,1
6744497,0.5891000000000001,3
6745039,0.8957,1
6785679,0.48485,2
6791502,0.8687,1
6818212,0.9815,2
6849249,0.9257,1
6852895,0.6239,1
6872714,0.8317666666666667,3
6874664,0.9877,1
6879207,0.9376142857142857,7
6885370,0.991,1
6892028,0.6005166666666667,6
6892588,0.9749,1
6908532,0.7760333333333334,6
6913007,0.8140333333333333,6
6916734,0.923,1
6920988,0.7584625,8
6930796,0.7684333333333333,3
6932765,0.6577999999999999,2
6933001,0.87676,5
6938056,0.9324,1
6947277,0.8523999999999999,3
6950256,0.9698,2
6950991,0.48875,2
6955424,0.755775,12
6959011,0.7003,1
6963699,0.352725,4
6968345,0.8865357142857143,14
6969974,0.8003727272727272,11
6971210,-0.24694999999999998,2
6979478,0.3217,1
6981907,0.84945,2
6990916,0.975,1
6992411,0.44913333333333333,6
6999607,0.9804,1
7002956,0.9855,1
7007425,0.6361,1
7049268,0.0,1
7049738,0.0,1
7053034,0.7416666666666667,3
7079103,0.0,2
7081504,0.6193857142857143,7
7085264,0.9851,1
7085928,0.7806,10
7086428,0.9751,3
7090929,0.9632,1
7092828,0.9709,1
7092855,0.45105,2
7107161,0.97125,2
7107420,0.882375,4
7110150,0.7398,4
7121240,0.9602,1
7154129,0.8319000000000001,3
7154471,0.6304888888888889,9
7154958,-0.0781,1
7170008,0.8856,1
7171920,0.8807,1
7183149,0.96785,2
7183377,0.9388,1
7202618,0.34873333333333334,3
7203121,0.8907333333333334,6
7233983,0.6305333333333333,6
7237625,0.95752,5
7238001,-0.3444,1
7243380,0.8882,1
7257296,0.6250333333333333,3
7267615,0.987,1
7274622,0.96775,2
7276307,0.97095,2
7276367,0.0,1
7298181,0.5106,1
7312161,0.91405,2
7317867,0.8012,1
7325870,0.43734,5
7337915,0.72855,4
7338068,0.44576666666666664,18
7341378,0.4215,1
7346264,0.4128,2
7347775,0.8527999999999999,3
7356185,0.10934444444444444,9
7367500,0.8313,1
7380225,0.9799,1
7382994,0.7407636363636364,11
7385323,0.9862,1
7387094,0.34,1
7392501,0.3712333333333333,9
7395461,0.9531,2
7408042,0.21433999999999997,5
7409745,0.9714600000000001,5
7426987,0.9662999999999999,2
7448237,0.4725,2
7470914,0.20367500000000002,4
7473515,0.9553,2
7480367,0.9513499999999999,2
7491348,0.9501,2
7491400,0.8771,1
7496615,0.8934,1
7498746,0.6718999999999999,3
7513222,0.8902375,8
7537897,0.7995,15
7538425,0.8780333333333333,3
7541508,0.9062,1
7544973,0.7399,2
7545149,0.9293,1
7550548,0.12463333333333333,3
7555353,0.9537333333333334,3
7563317,0.82345,2
7572421,0.49375,2
7573219,0.9711,1
7574598,0.9501,1
7594566,0.9455,2
7600303,0.44245,2
7600355,0.644325,8
7609385,0.9735,1
7614351,0.92508,5
7615084,0.9375,1
7616192,0.89375,2
7616224,0.8446,4
7619377,0.9311,1
7629338,0.864175,4
7633036,0.4271857142857143,14
7647697,0.9919,1
7659972,0.9288272727272727,11
7676396,0.993,1
7686155,0.9263333333333333,3
7687098,0.80165,2
7696395,0.0,1
7709953,0.8908,1
7741927,0.92555,2
7742194,0.5710071428571428,14
7753090,0.0,1
7759306,0.802,1
7760425,-0.13465,2
7766134,0.93245,2
7767904,0.8480833333333333,6
7772878,0.7354125,16
7784718,0.9730666666666666,3
7785514,0.8462,1
7799465,0.4766333333333333,12
7800022,0.9738,2
7820406,0.8126,1
7822300,0.93025,2
7848776,0.0,1
7856435,0.5859,1
7866444,0.46262499999999995,4
7876250,0.4404,1
7878442,0.51176,5
7885856,0.09725,4
7907379,0.0,1
7907858,0.7964,1
7908754,0.7683500000000001,2
7917989,0.5667,3
7943504,0.69435,2
7954643,0.7364999999999999,2
7963682,0.6249,1
7977745,0.5165909090909091,11
7980607,0.4215,1
7985742,0.45333636363636365,11
7997354,0.8999,1
8018895,0.49277999999999994,5
8018994,0.9714,1
8022279,0.8225,1
8025098,0.9841,2
8025580,0.5392333333333333,3
8039330,0.4829,4
8042865,0.4215,1
8048585,0.9766,1
8062129,0.220575,4
8082492,0.9637,2
8098625,0.9361999999999999,2
8099379,0.5024333333333334,3
8114948,0.20095,2
8115581,0.0,1
8122554,0.9402,1
8130687,0.82185,6
8138528,0.5552,4
8140993,0.89325,2
8143954,0.9411153846153847,13
8144640,0.5483272727272728,11
8203315,0.8020833333333334,12
8209325,0.3774,3
8211546,0.0,1
8215684,0.48735,2
8250779,0.9412,1
8253653,-0.5267,1
8279354,0.83205,2
8282811,0.91955,2
8287309,0.6361,1
8312196,0.9255500000000001,2
8318961,0.17875000000000002,2
8320246,0.8687,1
8322445,0.64735,2
8322683,0.89908,5
8332218,0.26988181818181817,11
8334696,0.4796,1
8334707,0.8270909090909092,11
8335339,0.72638,5
8335468,0.6648,1
8336541,0.78375,2
8337869,0.9565,1
8338501,0.2434,4
8352150,0.9343142857142858,7
8354220,0.953,3
8359093,0.40005625,16
8363793,0.8074,1
8367891,0.9331,2
8368518,0.9097500000000001,2
8376020,0.32419000000000003,10
8378327,0.8403666666666667,3
8385375,0.9018909090909091,11
8395631,0.6074666666666667,6
8398257,0.9703,1
8403610,0.6249,1
8433005,0.8032,12
8436743,0.29226,5
8453710,0.9382,1
8454419,0.74665,2
8455664,-0.0772,1
8466481,0.5274375,8
8467148,0.15703333333333333,3
8471629,0.9181,1
8477795,0.96365,2
8483407,0.638275,4
8512513,0.9432,1
8522136,0.9351333333333334,3
8538166,0.9708,2
8549167,0.400475,4
8564444,0.8409333333333334,3
8564586,0.5413,1
8568310,0.9905,1
8577876,0.9678,1
8588241,0.9198500000000001,4
8604828,0.9829,1
8606257,0.0,1
8694737,0.9802,1
8700901,0.9387,1
8708403,0.89682,5
8714633,0.9721,1
8727636,0.891,1
8728268,0.5848333333333333,6
8757838,0.879675,4
8758959,0.9873,1
8769413,0.2714,1
8773125,-0.8316,1
8779177,0.9273,1
8789500,0.9759,2
8790567,0.9815999999999999,3
8791935,0.98065,2
8805567,0.9534142857142857,7
8813364,0.6053000000000001,3
8819086,0.8232,1
8823495,0.476275,8
8834649,0.92135,4
8843708,0.6852,2
8855853,0.97365,2
8858339,0.0,1
8860114,-0.12434999999999996,2
8865852,0.9794,1
8880178,0.9273,1
8886505,0.9628,1
8893501,0.94905,2
8896588,0.6538666666666667,3
8922182,0.87875,4
8931243,0.9759,1
8940973,0.40080000000000005,2
8944403,0.3409,1
8946546,0.9771,1
8955438,0.9155,4
8958912,0.9652,1
8978281,0.8861,4
8989885,0.9459666666666667,3
9020095,0.4111,2
9020973,0.46894,5
9023313,0.8168000000000001,12
9023679,0.20526363636363634,11
9039125,0.9777,4
9041832,0.55681,10
9049147,0.6688,1
9070954,-0.4417,1
9087606,0.46473999999999993,5
9092859,0.8560111111111112,9
9093354,0.9198,3
9131457,0.5831444444444445,9
9133028,0.6573333333333333,3
9155099,0.991,1
9225229,0.79215,2
9231777,0.82885,4
9241895,0.31070000000000003,5
9244494,0.9379,3
9255737,0.9636,1
9257162,0.8245,4
9257475,0.34,1
9299789,0.5654666666666667,3
9300272,0.9207,1
9323346,0.9642,1
9333548,0.42485,6
9343167,0.5488500000000001,2
9358044,0.8986000000000001,2
9361322,0.5311833333333333,6
9376593,0.1599,1
9379004,0.8195,3
9391266,0.9888,1
9408750,0.6903,6
9425208,0.6397090909090909,11
9438816,0.7610875,8
9446757,0.8746499999999999,2
9463331,0.83175,2
9472507,0.8377666666666667,12
9472739,0.8311,2
9482420,0.9768,2
9487858,0.923225,4
9499966,0.68138,5
9508979,0.9642,1
9522180,0.8371999999999999,2
9537177,0.625325,8
9542471,0.6228,4
9546687,0.07099999999999995,2
9556078,0.7788666666666666,3
9568440,0.2011,8
9582415,0.75675,2
9591335,0.33445,2
9601890,0.7446200000000001,5
9605538,0.9577,1
9642052,0.997,1
9642962,0.81825,2
9647907,0.0,1
9659220,0.9818,2
9665530,0.45144999999999996,6
9665686,0.479,8
9673008,0.7449333333333333,3
9695816,0.5498999999999999,3
9703020,0.9642,2
9710487,0.700075,4
9713994,0.49765,2
9724004,0.9758,1
9726076,0.8118,1
9729637,0.84295,2
9743681,0.9559,1
9745514,0.3287,3
9766266,0.8834,4
9769063,0.5267,1
9769683,0.2886,3
9769911,0.0,1
9782260,0.6249,1
9790132,0.98285,2
9792246,0.6249,1
9822179,0.34400000000000003,6
9826379,0.5945333333333334,6
9831098,0.8478,1
9840921,0.8200666666666666,3
9859401,0.8344,1
9900099,0.7136199999999999,5
9913528,0.5430200000000001,5
9916756,0.878525,4
9922423,0.26543333333333335,3
9923518,0.6031,4
9926400,-0.296,1
9938849,0.45593000000000006,10
9948310,0.8573,1
9970787,0.0,1
9972438,0.8316,1
9973625,0.92,1
9973917,0.9606,1
10008315,0.8781,4
10046508,0.987,1
10049821,0.97645,2
10068573,0.50426,5
10080136,0.6575,5
10083909,0.83005,2
10097696,0.7341666666666667,6
10100597,0.8732666666666667,3
10112506,0.5666000000000001,3
10128245,0.1226875,8
10128582,0.94955,2
10131999,0.8231999999999999,2
10145288,0.37503333333333333,9
10149001,0.9175,2
10160270,0.9638,2
10163641,0.8701555555555556,9
10177621,0.6947428571428571,7
10183805,0.7381285714285715,7
10184383,0.0,1
10187281,0.9121666666666667,3
10241449,0.0,1
10245266,0.9923,1
10259809,0.5188,5
10274171,0.0,1
10278486,0.91075,2
10305703,0.9864,1
10328522,0.4754,1
10355208,0.0,2
10355803,0.218525,4
10356018,0.2925666666666667,3
10358269,0.53844,5
10426187,0.4588,1
10430135,0.9091999999999999,3
10431952,-0.23372,5
10447180,0.9718,2
10462295,0.6908,1
10472066,0.9721,1
10473390,0.6313714285714286,7
10484058,0.4374,1
10486000,0.932325,4
10509346,0.9188999999999999,3
10519932,0.6193333333333334,3
10539208,0.7729769230769231,26
10570839,-0.2003,1
10589925,0.5381,5
10591740,0.0,1
10603327,0.64355,4
10609756,0.0897,3
10624049,0.78725,2
10646763,0.8953,2
10647121,0.8752500000000001,2
10666636,0.8979,1
10671046,0.98715,2
10672680,0.7965,2
10677537,0.3818,1
10706762,-0.9781,1
10712002,0.9749,1
10728129,0.2202,2
10735129,0.7930999999999999,2
10736115,0.34043999999999996,5
10736658,0.9746333333333332,9
10738655,0.8760166666666667,6
10761585,0.3441545454545455,11
10761622,0.605575,4
10762870,0.8260666666666667,3
10763729,0.885,5
10786250,0.8519,1
10821575,0.989,2
10824732,0.9692000000000001,2
10832179,0.9744,1
10857242,0.21485714285714286,7
10870435,0.21630000000000002,5
10876348,0.9219333333333334,3
10877256,0.9483,1
10892239,0.9606,2
10915374,0.809475,4
10919780,0.3367,1
10945211,0.67785,4
10976789,0.61385,4
10985877,0.4209090909090909,11
10992684,0.80945,2
11013065,0.05984545454545454,11
11013108,0.4215,1
11039419,0.945075,4
11041305,0.3451571428571429,7
11051784,0.36813,10
11056881,0.6249,1
11066627,0.6315285714285714,7
11067969,0.9177,3
11077925,0.4550375,8
11091919,-0.073,3
11113935,-0.026499999999999968,2
11117488,-0.636,1
11131944,0.8962,1
11139421,0.7958333333333334,3
11142919,0.9025666666666666,3
11152104,0.6249,1
11152142,0.43005,2
11159124,0.7963,2
11166419,0.6892,1
11178621,0.9362499999999999,6
11212322,0.9595,1
11234733,0.9437857142857142,7
11236037,0.9285,1
11266927,0.9312666666666667,3
11272599,0.9864,1
11292142,0.9403,1
11293709,0.656925,4
11303142,0.6114,1
11306536,0.22740000000000002,3
11314230,0.3277333333333333,3
11318670,0.0,1
11335610,0.6427,3
11349697,0.8749857142857144,7
11352141,0.5560333333333333,3
11352564,0.9673,1
11353017,0.518,5
11359511,0.25343333333333334,6
11366428,0.5934666666666667,3
11373377,0.8365499999999999,2
11381983,0.9031833333333333,6
11389308,0.3612,1
11390523,0.9913,1
11392403,0.5487333333333333,3
11406903,0.84055,2
11407273,0.55801,10
11417626,0.7367888888888889,9
11419334,0.5965235294117647,17
11453440,0.6089249999999999,4
11467184,0.0,1
11474031,0.7224333333333334,12
11501061,0.4927,1
11512057,0.7959,1
11518502,0.64906,5
11523459,0.9731,1
11539202,0.9056,1
11539785,0.0,1
11543582,0.9156,1
11567636,0.0,1
11571554,0.9892,1
11577003,0.5932928571428572,14
11577701,0.75345,2
11596486,0.9708,1
11619458,0.82256,5
11620064,-0.22693333333333332,3
11627571,0.0,1
11663294,0.31870000000000004,3
11665555,0.43029999999999996,6
11667286,0.5106,1
11707077,0.9914000000000001,2
11727474,0.9266,1
11729610,0.33385,4
11731497,0.7574,1
11733660,0.9579,1
11748821,0.8858,1
11766418,0.8901666666666667,3
11769774,0.5128600000000001,5
11770338,0.51654,5
11780466,0.40641999999999995,5
11780745,0.8906,1
11789170,0.4894,2
11794073,0.577,2
11808991,0.9444,2
11816239,0.48783333333333334,3
11823338,0.7089,1
11837946,0.11889999999999996,3
11840791,0.0,2
11847659,0.7082571428571428,14
11847978,0.9766,1
11848533,0.89344,5
11876615,0.0,1
11878121,0.09284999999999999,2
11879011,0.8972000000000001,3
11898585,0.92255,2
11902094,0.9475,1
11946740,0.8446333333333333,3
11954890,0.432975,8
11955427,0.5758666666666666,3
11966878,0.7906799999999999,5
11971075,0.4404,1
11981168,0.9794,1
11988123,0.42085999999999996,5
11994759,0.9231,1
12004105,0.8714999999999999,5
12015726,0.26826,5
12016367,-0.016800000000000037,2
12016529,0.6763,3
12025162,0.8603000000000001,4
12046460,0.9421,1
12076769,0.90265,4
12078745,0.4781,2
12081344,0.0,2
12083369,0.7178,1
12100616,0.0,3
12101028,0.4662,2
12101284,0.9481,1
12101525,0.14985,4
12102655,0.9053,1
12103181,0.4926,2
12118466,0.9458000000000001,3
12121520,0.78425,2
12121625,0.5719,1
12151294,0.8999666666666667,3
12156313,0.9346,4
12167470,0.8316,1
12175747,0.8559,2
12182613,0.8666,3
12188577,0.43574999999999997,4
12198477,0.8522000000000001,2
12199234,0.9817,1
12201334,0.9639,1
12220637,0.72465,6
12230795,0.6249,1
12238904,0.8132,3
12239217,0.8439,1
12252097,-0.5267,1
12252465,0.8905,2
12255427,0.30633999999999995,10
12263797,0.9045,2
12271671,0.1901,2
12272416,0.9571666666666667,3
12280413,0.5711666666666667,3
12288022,0.9298,2
12299609,0.9565,1
12300044,0.753325,4
12305010,0.7595666666666667,3
12311578,0.47373333333333334,12
12312571,0.9876,1
12316321,0.9079599999999999,5
12358732,0.785015,20
12362870,0.9348000000000001,2
12381919,0.5782666666666666,3
12384762,0.95,1
12394542,0.7573583333333334,12
12398777,0.8757333333333334,12
12400299,0.9429,1
12400792,0.8885,1
12401240,0.28365,2
12401729,0.951175,4
12429173,0.7316,2
12437267,0.6398,3
12441562,0.89425,2
12444228,0.5525833333333333,12
12448406,0.9166,2
12460823,0.93374,5
12507887,0.7539,2
12508104,0.9967,1
12539741,0.9353199999999999,5
12545145,-0.7263,1
12551776,0.8376666666666667,3
12554488,0.3656,4
12555518,0.26553333333333334,6
12555595,0.9625,1
12565080,0.5478272727272727,11
12565697,0.9697,1
12581481,0.9707,1
12596630,0.5348076923076923,13
12600698,0.9229666666666666,3
12660818,0.8356,1
12671800,0.9564,1
12680881,0.7158714285714286,7
12691587,0.9475,2
12691604,0.9487375,8
12694510,0.9619500000000001,2
12696129,0.9834,1
12702650,0.6365266666666667,15
12729334,0.909,2
12730104,0.5214,1
12750168,0.8978,1
12757777,0.9283,2
12787582,0.97045,2
12794896,0.9168000000000001,2
12795070,0.7861,2
12796302,0.9961,1
12801637,0.8966714285714286,7
12819909,0.70495,4
12825208,0.8460000000000001,2
12826615,0.0,1
12827223,0.7666833333333334,18
12829521,0.9382,1
12843506,0.7231,3
12849955,0.8635299999999999,10
12866324,0.9582666666666667,3
12871516,0.9718,1
12872989,0.8923666666666666,3
12893666,0.437125,4
12896220,0.80917,10
12904103,0.21790714285714285,14
12909451,0.4404,1
12910064,0.2710625,8
12912598,0.46965,2
12914175,-0.7906,1
12914628,0.7698499999999999,2
12921455,0.9674,1
12925678,0.66598,5
12929656,0.4815333333333333,6
12930115,0.8004,1
12938403,0.9587,1
12950703,0.9843,1
12959839,0.0,1
12961723,0.9519,2
12967777,0.8413,3
12977058,0.5994,1
12982991,0.9706333333333333,3
12994447,0.78895,2
13002729,0.8176,1
13009794,0.991,1
13011087,0.9761,2
13018363,0.9851,1
13026225,0.42173333333333335,9
13029344,0.7959,1
13035578,0.246575,4
13042832,0.9376125,8
13051741,0.6369555555555555,9
13072033,0.4778166666666667,6
13073827,0.7713,1
13085822,0.9279,1
13089506,0.35409,10
13091107,0.4966,4
13092940,0.79215,2
13107901,0.0,1
13114480,0.7009428571428572,7
13131165,0.7187666666666667,6
13132630,0.891,1
13137929,0.6949555555555555,9
13148225,0.4019,1
13160822,0.49088333333333334,12
13168239,0.9771,1
13182488,0.76285,2
13183092,0.03356666666666667,3
13190549,0.9271,2
13190630,0.8894500000000001,2
13191114,0.35156666666666664,6
13201806,0.0,1
13205200,0.8016,1
13206034,0.7239,2
13214790,0.77275,2
13218153,0.9598500000000001,2
13220864,-0.013860000000000006,5
13235972,0.82332,5
13236903,0.836,1
13244001,0.6984999999999999,10
13254100,0.9932,2
13266710,0.7728,8
13273480,0.9267333333333334,6
13274166,0.8652142857142857,7
13298385,0.8516,1
13309995,0.9324,1
13316054,0.09046666666666667,9
13322956,0.6019333333333333,3
13324052,0.10914999999999997,2
13339584,0.5127833333333333,6
13342767,0.9652,1
13347820,0.6074875,8
13366285,0.8778,2
13376810,0.9344,2
13384504,0.882,1
13389556,0.9642999999999999,2
13422389,0.16665000000000002,4
13426747,0.98525,2
13442653,0.8077333333333333,12
13448174,0.9622333333333334,3
13448522,0.8943,2
13451093,0.8679,2
13474477,0.78695,6
13488950,0.99,1
13499416,0.18325,2
13512606,0.04101666666666665,6
13518803,0.9133,4
13533628,0.9371,1
13537141,0.4867333333333333,3
13537469,0.4404,1
13541121,0.26006666666666667,6
13545040,0.9861,1
13546088,0.9705,1
13554539,0.9868,1
13557864,0.30535,6
13567897,0.36788181818181814,11
13570494,0.8770642857142857,14
13570995,0.9178,2
13572875,0.5005066666666667,15
13597954,0.8559454545454546,11
13603144,0.13103333333333333,3
13611154,0.0,1
13616141,0.8966799999999999,5
13616165,0.7379,2
13619311,0.2613666666666667,3
13622773,0.7862,8
13628189,0.8754,2
13630748,0.9702,1
13642752,0.22795,6
13645138,0.685075,4
13650403,0.91615,4
13650591,0.6466,3
13663187,0.75,1
13663264,0.270475,8
13670800,0.429875,4
13681027,0.5889727272727273,11
13692946,0.69605,10
13708783,0.9801,1
13711102,0.8569,1
13713957,0.76015,8
13726146,0.94845,2
13729108,0.5886,3
13729313,0.69275,4
13732292,0.8954249999999999,4
13738395,0.0,2
13738984,-0.1351,1
13739688,0.656675,12
13756058,0.977,2
13758288,0.44985,12
13776821,0.7683,2
13796982,0.829225,4
13804067,0.961,1
13810288,0.8702666666666667,3
13819748,0.63478,5
13821552,0.91775,2
13826971,0.051049999999999984,2
13836324,0.6928,8
13838744,0.9776,1
13841172,0.8908,1
13852215,0.923,1
13853774,0.4909866666666666,15
13868955,0.2263,1
13880416,0.6345000000000001,2
13888194,0.97205,2
13892292,0.9694,1
13899697,0.5413909090909091,11
13905660,0.4754,1
13907937,0.50352,5
13908655,0.9552,1
13911493,0.283525,4
13921193,0.9325000000000001,2
13921898,0.05710000000000004,2
13922625,0.0,1
13922810,0.8504499999999999,2
13923743,0.8074,1
13940674,0.98585,2
13945615,0.9904,1
13948830,0.444525,4
13950733,0.5278999999999999,3
13951252,0.9363,2
13951648,0.8555,1
13952980,0.8196333333333334,9
13953084,0.9775,1
13968990,0.4009,2
13969326,0.9170666666666666,3
13970399,0.026250000000000013,6
13977000,0.8316,1
13993679,0.9537,1
14009386,0.9841,1
14046488,0.9689,1
14052287,0.9309,1
14054800,0.5375,8
14060833,-0.2263,1
14065526,0.0,1
14069119,0.7670375,8
14087213,0.9040999999999999,2
14087316,0.6187,1
14089247,0.46160000000000007,7
14091652,0.0,1
14102171,0.49429999999999996,3
14104610,0.8402,1
14116477,0.9456,1
14117716,0.5851000000000001,3
14122278,0.8849,2
14124990,0.60785,4
14129891,0.874525,4
14134502,0.7845,1
14134652,0.82736,5
14138404,0.93155,2
14138904,0.33166666666666667,3
14153359,0.2059,9
14167619,0.5106,1
14175335,0.9245,1
14175725,0.9498,1
14177406,0.7895,6
14183155,0.1439,2
14184650,-0.2397,3
14193910,0.342575,4
14219535,0.18262499999999998,4
14225321,0.9817,1
14226925,0.468325,4
14227129,0.9847,1
14230498,0.901875,4
14232746,0.42932499999999996,4
14244463,0.6759999999999999,2
14245764,0.4019,1
14252064,0.9182,1
14270575,0.9765999999999999,2
14273054,0.9693333333333333,3
14275841,0.8891,2
14287376,0.0,1
14292095,0.55413,10
14295496,0.9759,1
14296351,0.9261888888888888,9
14298552,0.683875,12
14299000,0.88376,5
14299729,0.6826,13
14300513,0.5777,4
14300858,0.5366,9
14311410,0.9677,1
14313198,0.36073333333333335,3
14314022,0.9698,1
14319233,0.9724333333333334,3
14332552,0.32503333333333334,3
14352508,0.9783,1
14356194,0.7783,1
14367123,0.614275,4
14373865,0.74315,2
14387549,0.56432,5
14387752,0.7928,2
14388021,0.8229500000000001,2
14388109,0.9218000000000001,3
14401710,0.93955,2
14424909,0.8908,1
14435010,0.9857,1
14437751,0.8039555555555555,9
14448410,0.7003333333333334,3
14449281,0.29365,4
14461345,0.8543666666666666,3
14467029,0.7041999999999999,2
14469033,0.5849,1
14476398,-0.1759,1
14478087,0.8011,1
14480562,0.9347,1
14483140,0.8148444444444444,9
14483249,0.3556,9
14493563,0.8979,1
14495427,0.34572499999999995,4
14507692,0.7107,4
14511119,0.533075,12
14548304,0.68975,4
14548815,0.80108,5
14551424,0.30917500000000003,4
14552714,0.468325,4
14554470,0.7906,1
14559113,0.5580461538461539,13
14572373,0.8834,1
14572683,0.9272,2
14573691,0.9702,1
14584280,0.24975555555555554,9
14584335,0.3376,2
14586586,0.38638000000000006,5
14589222,0.45641111111111116,9
14598828,0.4199,1
14600591,0.7341000000000001,6
14609628,0.6706,2
14614508,0.9647,1
14622450,0.5737166666666667,6
14629205,0.7200599999999999,5
14629530,0.23360000000000003,9
14629728,0.6761,11
14642983,0.8908,2
14663701,0.88576,5
14665017,0.6669,2
14668789,0.4970142857142857,7
14674947,0.6037,4
14682202,0.3951833333333334,12
14682394,0.8967416666666667,12
14687256,0.7729499999999999,6
14687689,0.74973,10
14689248,0.50335,4
14699995,0.8478,1
14700538,0.9906,1
14704493,0.45540555555555556,18
14727241,0.33008571428571426,7
14736107,0.0,1
14754229,0.3559,4
14754559,0.37274999999999997,6
14754954,0.2746,3
14757410,0.6014333333333334,6
14776433,0.0,1
14781308,0.8809400000000001,5
14786888,0.8432090909090909,11
14800703,0.89528,5
14805294,0.34745000000000004,4
14810917,0.8621,2
14812944,0.9401,1
14813658,0.8093250000000001,4
14821596,0.138975,4
14825753,0.65315,2
14830987,0.9362333333333334,3
14831133,0.0,2
14832630,0.70254,15
14834946,0.6486,1
14835153,0.0,1
14840047,0.9459,1
14841504,0.9468,1
14863559,0.8798999999999999,2
14870007,0.9703,1
14892467,0.6056666666666667,3
14912250,0.6570333333333332,3
14914677,0.9366,7
14915937,0.49344,5
14916356,0.9497,2
14923158,0.6450411764705882,17
14926104,0.9668,1
14926879,0.8260142857142857,14
14932670,0.0,1
14939479,0.9345,1
14939729,0.6663375,8
14941541,0.68848,5
14941804,0.5607333333333333,3
14946325,-0.296,1
14950149,0.9784,1
14957016,0.5574,1
14959967,0.806725,8
14962560,0.948,1
14992456,0.6555,3
14993945,0.7968999999999999,4
15004754,0.6249,1
15010950,0.7652875,8
15014162,0.011899999999999985,3
15024673,0.6009,3
15030394,0.6407636363636363,11
15032866,0.9165,3
15039897,0.6991666666666667,3
15049077,0.565025,4
15049161,0.8519,1
15057481,0.9459,1
15061293,0.6562066666666666,15
15070465,0.9651,3
15072178,0.8034333333333333,6
15077841,0.9596,2
15084495,0.9237333333333333,3
15091111,0.9106000000000001,2
15095355,0.9392333333333333,3
15108344,0.87825,2
15122887,0.9592,1
15142392,0.69818,10
15143512,0.7569666666666666,9
15146269,0.9110666666666667,3
15148205,0.9452,1
15171926,0.75,1
15184435,0.8838,4
15212830,0.0,1
15216654,0.9832,1
15219081,0.7107,10
15234462,0.759875,4
15246359,0.9154333333333334,6
15250267,0.4215,1
15250583,0.9594,1
15250796,0.0,1
15251432,0.0,1
15251475,0.7142,2
15254186,0.6283299999999999,10
15262709,0.0,1
15265066,0.3612,1
15265094,0.93615,2
15265136,0.7345,1
15265188,0.5942666666666666,3
15265345,0.959,1
15267103,-0.5968,1
15278535,0.9552,1
15278841,0.77195,6
15281160,0.836,1
15300417,0.8018500000000001,4
15302976,0.47719999999999996,2
15304734,0.9622,1
15307633,0.0,1
15309852,0.9422333333333334,3
15318457,0.9174249999999999,4
15319015,0.650075,4
15320127,0.6926,15
15321590,0.6054333333333334,3
15332911,0.8903777777777778,9
15334524,0.6120333333333333,3
15335154,0.0,1
15340823,0.6747,6
15348594,0.0,1
15357654,0.9478333333333334,3
15370093,0.9411,3
15371045,0.9261,1
15374199,0.5638333333333333,3
15388905,0.97375,2
15389353,0.9117,1
15396019,0.9845,1
15402896,0.9903,2
15403601,-0.128,1
15405320,0.8519,1
15409784,0.9939,1
15430698,0.9390000000000001,2
15459316,0.09698333333333335,6
15461070,0.9574,2
15465132,0.991,1
15477726,0.0,1
15478842,0.5983,1
15480033,0.8883666666666666,3
15482999,0.9643,1
15490112,0.4667333333333333,9
15493902,0.34850000000000003,2
15504210,0.9229,1
15519185,0.9629,1
15520205,0.9855,1
15529515,0.732125,4
15531790,0.9311499999999999,2
15532277,0.9497,1
15540290,0.7696058823529411,17
15540628,0.4837666666666667,3
15548037,0.9116,1
15550621,0.4336,1
15555380,0.46355,8
15558173,0.8485333333333333,3
15575256,0.9694,1
15593166,-0.7645,1
15593721,0.886,1
15596141,0.9846999999999999,2
15597277,0.3581125,8
15597966,0.8885,1
15608462,0.94245,2
15628421,0.44153333333333333,3
15629161,0.6645,4
15629760,0.94675,2
15637830,0.9815,1
15673479,0.6697,2
15673587,0.445875,4
15678689,0.6352,2
15699022,0.92615,2
15700598,0.04423333333333331,3
15710978,0.927775,4
15713651,0.47959999999999997,7
15715884,0.636,1
15719769,-0.9182,1
15723140,0.902,1
15728735,0.6215916666666667,12
15744108,0.9592,1
15753889,0.47685,2
15754152,0.9952,1
15764482,0.9155666666666665,3
15783886,0.8637,2
15795746,0.94435,2
15800799,0.857,2
15801516,0.6054999999999999,5
15807241,0.88365,4
15813077,0.8716,1
15813326,0.63436,10
15825749,0.9001666666666667,3
15826252,0.9401,1
15829570,0.7882,2
15862300,0.0,1
15892900,0.9164,1
15911617,0.878,2
15911842,0.8519,1
15940520,0.9339500000000001,2
15940714,0.5723375,8
15946020,0.918125,4
15960710,0.9273,1
15961454,0.6249,1
15962317,0.9681,1
15967206,0.0,1
15978828,0.3182,1
15996748,0.8289333333333332,6
16011214,0.3609071428571428,14
16011401,0.79725,2
16016492,0.961325,4
16022481,0.9184,1
16033580,0.9552499999999999,2
16046231,0.9229333333333333,3
16050428,0.96535,2
16061198,0.7768666666666667,3
16061409,0.9177,2
16075567,0.3969076923076923,13
16078762,0.9549,1
16092808,0.839,1
16093798,0.9722,1
16095353,0.8066,1
16098456,0.6664,4
16105030,0.8734500000000001,4
16105742,0.0,1
16106064,0.6008333333333334,3
16107739,0.9412,1
16110405,0.5859,1
16117109,0.14618,5
16117778,0.70885,2
16117963,0.5901000000000001,3
16146598,0.77937,10
16155322,0.34288,15
16155609,0.7674,16
16164466,0.398925,4
16170253,0.98,1
16170945,0.4260875,8
16186061,0.8264833333333333,6
16197381,0.83034,5
16204807,0.3297,1
16210068,0.8033,3
16210658,0.97065,2
16210909,0.6249,1
16210910,0.31245,2
16211130,0.6374714285714286,7
16222150,0.97208,5
16224733,0.0409,1
16226044,0.713125,8
16226654,0.8664000000000001,3
16228922,0.49225,2
16237742,0.8221,1
16240619,0.6756666666666667,3
16241461,0.5293666666666667,3
16242168,0.9209,1
16248990,0.4158,2
16249077,0.38655,2
16256461,0.9168,3
16262586,0.4215,1
16267663,0.5964,2
16271538,0.367,2
16272179,-0.03149999999999999,5
16282256,-0.18400000000000002,3
16284656,0.5894833333333334,6
16293325,0.5951,2
16296476,0.7496142857142857,7
16307996,0.517075,4
16317965,0.571575,4
16328145,0.5479333333333334,9
16328396,0.45916666666666667,3
16337196,0.9599,1
16341355,0.9756,2
16351334,0.31575,2
16385357,0.4873,3
16401093,0.5994,1
16401271,0.8316,1
16410678,0.6099285714285714,7
16414022,0.8160083333333333,12
16421242,0.81,2
16435666,0.8272333333333334,3
16437470,0.9571,1
16438612,0.9348,1
16440799,0.5157434782608695,23
16454232,0.6632833333333333,6
16462880,0.2732,1
16472888,0.6677857142857143,7
16480042,0.7108,3
16485961,0.64969375,16
16488307,0.28631052631578946,19
16494892,0.5188157894736842,19
16515054,0.2757,3
16519006,0.953,3
16519237,0.9619,3
16528513,0.92105,2
16529613,0.8194333333333333,3
16540363,0.36315,2
16552859,0.0060399999999999916,5
16555802,0.6363,6
16575164,0.9588,1
16575179,0.6446333333333333,3
16578724,0.63995,10
16605256,0.7795000000000001,2
16612370,0.9251,1
16624663,0.6588,1
16626042,0.3645333333333334,3
16628672,0.8551,2
16631795,0.46930000000000005,4
16639669,0.8503,1
16642140,0.9471,2
16644755,0.0,2
16647148,0.0,1
16654872,0.9393,1
16669351,0.9407,1
16673248,0.3812090909090909,11
16676789,0.9169,1
16682490,0.6524,7
16684814,0.4372,3
16698551,0.58,4
16699441,0.0,1
16699637,0.7038166666666666,6
16714822,0.8875000000000001,3
16715324,0.911,1
16716169,0.5456,3
16716732,0.9808,1
16720120,0.91866,5
16731802,0.15682000000000001,5
16734921,0.9398,1
16738119,0.67286,5
16759676,0.7300785714285715,14
16789597,0.86315,2
16794537,0.5895285714285714,7
16806224,0.9851,1
16807217,0.872,2
16809327,0.922225,4
16814683,0.21761,10
16835828,0.6133,1
16849707,0.5136000000000001,5
16855570,0.5725666666666667,3
16855926,0.43895,2
16856287,0.0,2
16856739,0.8294625,8
16864847,0.8271,1
16865679,0.9389,3
16874511,0.8858,1
16878663,0.9935,1
16878675,0.9118,1
16879838,0.0,1
16881839,0.38196666666666673,3
16881957,0.98275,2
16884220,0.5043428571428572,7
16891527,0.7909666666666667,3
16892168,0.5748000000000001,6
16894514,0.79555,2
16897453,0.9390666666666667,3
16904406,0.9836,2
16906714,0.042266666666666675,3
16907014,0.8472899999999999,10
16907584,0.4542,3
16912047,0.926625,4
16912190,0.7658999999999999,3
16929123,0.9169,1
16930484,0.9678,1
16939518,0.916,1
16943486,0.491,2
16953154,0.5296857142857142,14
16953391,0.5620833333333334,12
16956545,0.474,1
16961544,0.2646,3
16963257,0.5949714285714285,14
16970283,0.7626,3
16975261,0.48182,5
16984085,0.77165,2
16985403,0.71634,5
16988830,0.0,1
16995975,0.3172333333333333,3
17005261,0.4758,2
17009066,0.6705,1
17018158,0.5859,1
17022726,0.4656,2
17023623,0.30384,20
17024925,0.735057142857143,7
17034284,0.56186,5
17036016,0.42756249999999996,8
17038155,0.9763666666666667,3
17038800,0.521,2
17049268,0.9738,1
17050193,0.0,1
17083723,0.9594,1
17100807,0.47275,2
17104629,0.6605,7
17107551,0.6265666666666667,3
17109392,0.9698,2
17120894,0.9686,1
17121036,0.94025,4
17121957,-0.08755000000000002,2
17127503,0.9504,1
17130564,0.9665,1
17131801,0.9379333333333334,3
17133788,0.79065,4
17136217,0.8904,1
17136801,0.8782333333333333,3
17147365,0.49385,2
17148363,0.0,1
17149736,0.9136,1
17152155,0.9927,1
17158096,0.4999692307692308,13
17172394,0.704125,4
17173256,0.7209166666666667,12
17175413,0.47467,10
17178766,0.9628,1
17183960,0.3818,1
17184579,0.4742875,8
17216211,0.6102882352941177,17
17221768,0.64795,8
17230448,0.7778,1
17242615,0.4338666666666666,3
17247557,-0.03601666666666666,6
17252081,0.4683,2
17262260,0.0,1
17274440,0.36932,10
17274613,0.8379,3
17274904,0.2532375,16
17286951,0.0,3
17296930,0.8172285714285714,7
17299024,0.9974,1
17301636,0.5519588235294117,17
17324304,0.4201,1
17324374,0.5891000000000001,6
17329226,0.9875,1
17331733,0.77005,12
17332069,0.40330625,16
17336954,0.427425,4
17337545,0.9733,2
17344226,0.84274,5
17355337,0.30763333333333337,3
17359102,0.9704,1
17375071,0.9217,1
17380483,0.72685,4
17380760,0.8135666666666667,3
17416695,0.9754,2
17418695,0.491,8
17419730,0.47572000000000003,5
17427043,0.7674000000000001,5
17427343,0.7159,4
17432042,0.0004250000000000087,4
17433893,0.9396,1
17443606,0.9569000000000001,3
17456608,0.9888,1
17460883,0.933,2
17469637,0.41781250000000003,8
17492200,0.8107,1
17493490,0.5719,1
17493988,0.8302499999999999,4
17496230,0.7766411764705882,17
17501535,0.14858,5
17506445,0.9427,1
17517605,0.8166,2
17517671,0.4911,2
17524980,0.24115,2
17528136,0.8922399999999999,5
17534115,0.856575,4
17567395,0.94135,2
17570049,0.71807,10
17581010,0.7080000000000001,3
17598917,0.718875,4
17615376,0.09547142857142858,7
17616064,0.8439,1
17616122,0.60808,5
17618552,-0.4015,1
17630677,0.5859,1
17634282,0.63804375,16
17636666,0.4275666666666667,3
17637002,0.9088499999999999,2
17649063,0.49635,2
17651319,0.36792500000000006,8
17657876,0.7961222222222222,9
17662284,0.4814333333333334,3
17664017,0.64433,10
17665879,0.94215,2
17689905,0.9934,1
17694806,0.2758,20
17697098,0.868,1
17699823,0.9599,2
17710286,0.578875,8
17723281,0.79525,2
17724681,0.48705,4
17727652,0.38077500000000003,4
17730539,0.9334,1
17734137,0.95255,2
17734678,0.8906,1
17735895,0.23812000000000003,5
17735993,0.39097777777777776,9
17739145,0.9849333333333333,3
17740024,0.6662,7
17743644,0.8681599999999999,5
17745421,0.6174166666666666,12
17748259,0.789675,8
17748419,0.19063333333333332,3
17756870,0.25312,15
17771404,0.90105,4
17774144,-0.818,1
17775553,0.95565,2
17776431,0.5719,1
17786727,0.9723200000000001,10
17790353,0.8594999999999999,2
17791967,0.9309,1
17805586,0.9819,1
17807426,0.5135222222222222,9
17808694,0.8467600000000001,5
17819949,0.659,1
17820885,0.9469,3
17823159,0.9313,1
17833514,0.6369,1
17835405,0.7079166666666666,6
17837262,-0.006340000000000012,5
17845126,0.6488166666666667,12
17845378,0.6832285714285714,7
17845662,0.9552,1
17853390,0.915,1
17857600,0.053925,4
17872390,0.0,1
17875763,0.9481,1
17884116,0.09426666666666665,3
17897443,0.9544666666666667,6
17898776,0.9237,1
17899724,0.2903,3
17899891,0.7222,5
17941844,0.11433333333333333,3
17945109,0.977025,4
17959739,0.6615333333333333,9
17959938,0.73245,2
17968122,0.8795999999999999,3
17974054,0.5228,2
17974627,0.15556,5
17982878,0.9755,1
17986985,0.6307,2
17989794,0.6328,3
17998057,0.85405,2
18007955,0.90215,2
18020854,0.5136999999999999,12
18033778,0.83565,4
18034618,0.444075,4
18046209,0.8878333333333334,6
18048327,0.0,1
18050665,0.7643166666666666,6
18051460,0.67515,6
18071645,0.44731666666666664,6
18076604,0.60335,2
18080235,0.9411,1
18107579,0.75895,2
18129429,0.8673000000000001,3
18133358,0.8945166666666666,6
18138555,0.8377500000000001,6
18141275,0.31124999999999997,10
18146967,0.7280833333333333,6
18149285,0.7627,6
18149845,-0.07246666666666667,3
18156739,0.9763,1
18157900,0.6074499999999999,6
18158347,0.9799,1
18158812,0.7427,16
18163814,0.4451333333333333,9
18167456,0.9832,1
18173643,0.8762,1
18173911,0.9298000000000001,3
18174274,0.9127,1
18174277,0.7258999999999999,3
18182380,0.66445,2
18185058,0.7614,1
18185941,0.9677,1
18187431,0.0,1
18192198,0.8461,1
18197695,0.664525,8
18204906,0.9773,1
18208847,0.7383125,8
18222403,0.5045999999999999,3
18224181,0.64784375,16
18225951,0.8653333333333334,3
18226561,0.94555,2
18227055,0.7579,1
18234380,0.9894,1
18246636,0.97405,2
18246667,0.4408,1
18246897,0.4760400000000001,5
18253939,0.9879,1
18266135,0.8828,1
18266833,0.6249,1
18271790,0.9723333333333333,3
18290897,0.8689,1
18301431,0.9862,1
18303550,0.89175,2
18305389,0.6369,1
18305957,0.3303333333333333,3
18310203,0.8468,2
18319348,0.9766,1
18327360,0.9762,1
18327815,-0.1591,2
18328030,0.8669000000000001,3
18328421,0.9608,1
18332948,0.9152,1
18337910,0.1998,3
18338833,0.9367,1
18353551,0.0,1
18365323,0.9409,1
18366265,0.5719,1
18371504,0.36039230769230773,13
18371539,0.4775333333333333,3
18373061,0.4995,3
18383228,0.6513125,8
18383561,0.6801,1
18383685,0.0,1
18391917,0.787475,4
18398539,0.6299,7
18405932,0.2391,8
18407066,0.47504,5
18411496,0.8399,1
18412276,0.5422,3
18422954,0.9895,1
18425294,0.9618,2
18427643,0.2952666666666667,3
18436650,0.9211625,8
18456447,0.9686,1
18470275,0.128,1
18473275,0.486375,4
18474480,0.5072571428571429,7
18474957,0.969375,4
18480160,0.0,1
18483090,0.875,6
18487168,0.4337,3
18487684,0.9284666666666667,3
18501216,0.9843500000000001,2
18502636,0.6337,4
18519069,0.91982,5
18519210,0.82562,5
18519632,0.48775,2
18523912,0.9390333333333333,3
18535711,0.85,1
18539833,0.8237333333333333,3
18554589,0.3956,1
18563597,0.6114,1
18566141,-0.126,1
18577118,0.9894,1
18581492,0.40974285714285713,7
18591786,0.8691777777777777,9
18596858,0.5085666666666667,6
18604712,0.9405333333333333,3
18605858,0.8053333333333333,3
18607913,0.93435,2
18608169,0.2244,1
18615810,0.5615375,8
18631428,0.87575,2
18642597,0.2609,1
18643066,0.22930000000000003,3
18663326,0.76735,6
18665952,0.0,2
18671699,0.9537,1
18676301,0.0,1
18678369,0.9334,2
18681039,0.5218833333333334,6
18682553,0.8353470588235294,17
18693068,0.6372749999999999,12
18696373,0.9656,1
18696477,0.7996857142857143,7
18697277,0.9504333333333334,3
18714194,0.0,1
18724370,0.2263,1
18726726,0.539775,8
18728171,0.902,1
18729254,0.9707,1
18735013,0.8615299999999999,10
18743874,0.9442,1
18752825,0.8807,1
18763420,0.7688,1
18763929,0.7587999999999999,3
18782647,0.9534,2
18782775,0.32170000000000004,8
18786308,0.9773,1
18793089,0.92625,2
18798576,0.3859181818181818,11
18801225,0.31936666666666663,3
18801856,0.989,1
18801900,0.82395,2
18814660,0.5538333333333333,3
18820533,0.65155,2
18837052,0.25405,2
18837860,0.9842,1
18838047,0.7902,1
18861872,0.0,1
18863815,0.9469000000000001,2
18874597,0.9641222222222221,9
18875110,0.001866666666666646,3
18884538,0.8315666666666667,3
18893469,0.587342857142857,7
18893565,0.58644,10
18893843,0.8194,3
18895996,0.6991823529411765,17
18912004,0.9296000000000001,6
18912349,0.4214,2
18914878,0.8177000000000001,2
18938488,0.7385166666666666,6
18939304,0.9231,1
18941210,0.6904111111111111,9
18943698,-0.11475000000000002,6
18955112,0.8176,1
18961480,0.8652500000000001,2
18969636,0.9418,1
18985963,-0.128,1
18987553,0.5709,1
19007627,0.5586285714285715,7
19008919,0.6459333333333334,3
19012917,0.563125,4
19017872,0.9552,2
19029703,0.6232666666666667,3
19035081,0.6971666666666666,9
19047119,0.893,1
19050603,0.8306,2
19064038,0.44059999999999994,6
19068481,0.9468666666666667,3
19075746,0.8807,1
19076472,0.9704,1
19082942,-0.013433333333333344,6
19088548,0.8989,1
19093817,0.31564000000000003,5
19099345,0.7214,2
19107561,0.8869621621621622,37
19111123,0.928025,4
19111238,0.4526,2
19124709,0.8596,3
19124948,0.40114,5
19127624,0.0754,1
19130438,0.9217,1
19130859,0.0,1
19136052,0.65418125,16
19136099,0.9195,2
19154987,0.8481,1
19155443,0.0,1
19155551,0.26268,5
19168928,-0.1027,1
19169770,0.9811666666666667,3
19174384,0.9967,1
19177612,0.6378666666666667,3
19186373,0.9442,1
19187297,0.3384,1
19188325,0.93275,2
19195802,0.6047625,8
19207808,0.8154,1
19209844,0.9911,1
19215552,0.5770111111111111,9
19234291,0.4135400000000001,5
19235095,0.5106,1
19238033,0.7282500000000001,4
19255332,0.5859285714285714,7
19256335,-0.9001,1
19258620,0.6645166666666666,6
19263738,-0.08458571428571426,7
19281213,0.10874999999999996,2
19289385,0.1609,3
19327962,0.4404,1
19339799,0.86625,2
19353227,0.040300000000000016,4
19353883,0.9231,1
19354218,0.7003,1
19355593,0.12890000000000001,3
19355635,0.5702272727272727,11
19357738,0.7557333333333333,3
19370825,0.58385,2
19382356,0.21263749999999998,8
19397763,0.061950000000000005,2
19421692,0.97125,2
19423680,0.28595,2
19437644,0.9708,1
19453247,0.762,1
19457323,0.7184,1
19458358,0.7375200000000001,5
19465690,0.7841,1
19470551,0.27094285714285715,7
19472116,0.8088181818181819,11
19481925,0.796475,4
19483907,0.9912,1
19496836,0.5813333333333334,3
19503311,0.7086,15
19503350,0.5569999999999999,3
19522550,0.0,1
19526877,0.717125,4
19539685,0.0,1
19546419,0.82955,2
19554002,0.8339333333333334,3
19560214,0.816175,4
19562388,0.1027,1
19570973,0.9024444444444444,9
19573949,0.9959,1
19580078,0.9755,1
19587017,0.9235333333333333,3
19597546,0.7623,2
19605658,0.9674,2
19607267,0.8348800000000001,5
19608684,0.9508,4
19652132,0.9902,1
19652836,0.8425666666666666,3
19653208,-0.1139,3
19656670,0.48155,4
19658029,0.9287,1
19669401,0.0,1
19670926,0.8232117647058823,17
19674765,0.9605,2
19680095,0.954025,4
19690096,0.9249,4
19692156,0.2914,1
19697200,0.25734999999999997,4
19703248,0.9821,1
19703650,0.8718,1
19708962,0.0,1
19711764,0.8653,1
19713352,0.4395833333333334,6
19714844,0.30993333333333334,3
19718216,0.9219333333333334,3
19726660,0.7889666666666667,3
19727861,0.7432,2
19728048,0.9522,1
19729661,0.5704,1
19729861,0.7104,2
19746884,0.892225,4
19753893,0.5605181818181818,11
19763087,0.7344999999999999,2
19766595,0.9544,1
19773891,0.6908,1
19773941,0.9592,1
19774260,0.641,3
19775854,0.53164,5
19782297,0.6910066666666667,15
19794021,0.7666285714285715,7
19795584,0.9168,1
19796136,0.9294,1
19798915,0.9744,1
19803976,0.9755,1
19806022,0.9224,1
19806370,0.74575,6
19813307,0.9673,1
19814956,0.33614285714285713,7
19815370,0.0,3
19819129,0.6356499999999999,8
19819730,0.4085909090909091,11
19821097,0.5380444444444445,9
19829549,0.31845,2
19840402,0.62685,2
19851980,0.6478,1
19861435,0.9026000000000001,2
19884874,0.8122,1
19885227,0.985,1
19886585,0.9109,1
19890863,0.58278,5
19891626,0.9656,1
19895633,0.7554000000000001,4
19904707,0.8478,1
19907457,0.9111222222222223,9
19910517,0.9609,1
19920441,0.64957,10
19922619,0.9153,1
19923731,0.8591,1
19928998,0.3577714285714286,14
19935201,0.8883,1
19937629,0.8217,1
19938428,0.0,1
19941110,0.7456799999999999,5
19942303,0.8402,1
19948747,0.95698,5
19957166,0.3896,2
19958282,0.9132,2
19958419,0.8976,1
19966424,0.9703999999999999,2
19968804,-0.4158,2
19974657,0.8396,1
19977938,0.6235,3
19984441,0.69888,10
19999217,0.6395333333333334,6
20001908,0.4927,1
20027638,0.86065,4
20028030,0.7906,1
20044132,0.8934,2
20048266,0.05924999999999997,2
20062687,0.8479,1
20069801,0.989,1
20076735,-0.729,1
20076741,0.71175,2
20076757,0.9152,1
20081340,0.8519,1
20088154,0.5707,1
20101452,0.7346,1
20104023,0.6018749999999999,8
20110920,0.8422,1
20111050,0.9412,1
20133203,0.9587,1
20134594,0.9771,1
20135232,0.548125,4
20135600,0.9234249999999999,4
20146150,0.9847,1
20157585,0.5984727272727273,11
20162917,0.902,1
20164603,0.6933583333333333,12
20165248,0.5156000000000001,5
20183800,0.9165000000000001,2
20202099,0.8856,1
20205353,0.837675,4
20205559,0.6249,1
20220775,0.9842,1
20225817,0.548575,4
20237473,0.3664,27
20240595,-0.31845,2
20241180,0.9834,1
20253625,0.76085,4
20256185,0.8561166666666667,6
20258223,0.804825,4
20261680,0.9889,1
20263852,0.9427,1
20278161,0.4039,5
20293481,0.07655,2
20302763,0.48276250000000004,16
20304259,0.88788,5
20308011,0.5536666666666666,3
20347478,0.9457,1
20347748,0.7452,12
20348651,0.5217666666666667,15
20349430,0.0,3
20359399,0.68,1
20362814,0.963,2
20393411,0.50643,10
20399622,0.9680500000000001,2
20399917,0.62693,10
20401411,0.81945,2
20401853,0.7186750000000001,12
20404597,0.59865,2
20419076,0.0,1
20419999,0.9673499999999999,2
20431811,0.9639500000000001,2
20433512,0.9074333333333334,3
20437035,0.25331875,16
20438698,0.37951999999999997,10
20445849,0.0,1
20453025,0.46465,4
20466269,0.34114,10
20467035,0.9626,1
20467350,0.9841,1
20475210,0.9929,1
20488191,0.0,1
20496151,-0.0006500000000000117,2
20499932,0.9848,1
20500906,0.9183333333333333,3
20511404,0.671175,8
20518771,0.9616499999999999,2
20530025,0.30445,6
20531223,-0.5267,1
20532164,0.7003,1
20547256,0.7387,6
20550268,0.9613,4
20565709,0.7056,1
20566905,0.49387499999999995,4
20568862,0.42379999999999995,6
20569349,0.5122666666666666,3
20584155,0.71691,10
20588655,0.4796,4
20597476,0.859925,8
20605145,0.8429764705882353,17
20612598,0.5511142857142858,7
20617104,0.12127500000000001,4
20629094,0.96565,2
20642509,0.6971999999999999,3
20646758,0.8531,4
20664488,0.570075,4
20675626,0.7706999999999999,7
20684880,0.9537,2
20705142,0.9883,1
20722481,0.7523166666666666,6
20740739,0.9142,1
20773538,0.5261,3
20777411,0.70948,10
20778123,0.9610333333333333,3
20797939,0.9943,1
20805640,0.5935333333333334,3
20806918,0.966,2
20825059,0.66465,2
20826475,0.688,2
20827529,0.4962363636363636,11
20830809,0.8271,1
20832778,0.9197500000000001,4
20833245,0.916025,8
20842535,0.8392999999999999,7
20843074,0.978,1
20857781,0.24962,5
20877461,-0.7243,1
20880978,0.9109,2
20886261,0.48916000000000004,5
20893572,0.9355,4
20893587,0.8967666666666666,6
20896932,0.41431000000000007,10
20914675,0.9816,1
20914935,0.796,1
20921840,0.7056,1
20927010,0.8547,1
20928248,0.5848,1
20938260,0.8487,1
20941708,-0.5267,1
20943603,0.88905,2
20950129,0.7261500000000001,2
20954883,0.0,1
20957126,0.8719,1
20963058,0.91848,5
20970985,0.95165,2
20973650,0.462075,8
20980019,0.9599,2
20980726,0.8126,1
20988762,0.753625,4
20993522,0.811,1
21004448,0.98295,2
21008036,0.6043666666666666,3
21011576,0.40552,5
21018261,0.5059,3
21034296,0.87325,4
21035387,0.9887,1
21035872,0.7471666666666668,3
21039172,0.9592,1
21048058,0.420075,4
21058635,0.7561,4
21059641,0.93425,4
21061758,0.7889999999999999,4
21063433,0.9600166666666666,6
21067501,0.979,1
21067600,0.9641,1
21068222,0.8548,1
21075132,0.28595,2
21075925,0.4906,2
21076317,0.96058,5
21079652,0.43566666666666665,3
21086035,0.31595,4
21102659,0.5904,4
21102988,0.6910000000000001,2
21108020,0.8322307692307693,13
21116139,0.191325,4
21118492,0.9604,1
21131274,-0.5994,1
21136749,0.4133375,8
21136890,-0.14243333333333333,6
21143035,0.28595,2
21146342,0.72745,2
21147750,0.683225,4
21149910,0.4239,3
21151361,0.9706,2
21161359,0.9285,1
21168777,0.964,1
21170699,0.9351499999999999,2
21174239,0.24237000000000003,10
21174765,0.6249,1
21175492,0.5587294117647059,17
21176827,0.6387999999999999,6
21185641,0.60068,5
21188623,0.35137,10
21189339,0.8555,1
21192332,0.9409000000000001,3
21197014,0.635575,4
21202760,-0.9337,1
21210289,0.9646,1
21213013,0.7422,4
21221893,0.511575,4
21223417,0.833225,4
21223966,-0.9062,1
21258767,0.9093,1
21261911,0.7220857142857142,7
21272315,0.7290615384615384,13
21274347,0.0,2
21289051,0.7154125,8
21290054,0.5523666666666668,3
21291397,0.8747166666666667,6
21291780,0.8502666666666667,6
21294054,0.836,1
21300718,0.32728,20
21301648,0.34,1
21310501,0.0005999999999999894,2
21316986,0.92,1
21317930,0.50738,5
21322200,0.5504,6
21325130,0.8461666666666666,3
21331853,0.632,1
21332614,0.97825,2
21338581,0.9446,1
21346513,0.9623,1
21348192,0.96425,2
21354853,0.0,2
21357102,0.9518,2
21374831,0.15485000000000002,4
21378992,0.9696,1
21380644,0.88222,5
21391124,0.667,1
21403035,0.822475,4
21404671,0.8255,1
21422943,0.6634800000000001,10
21431091,0.30813,10
21438070,0.88405,2
21444742,0.9298,1
21444826,0.8910833333333333,6
21447688,0.88805,2
21457216,0.7565999999999999,2
21458886,0.9958,1
21467984,0.8125666666666667,3
21468235,0.83065,2
21468810,0.6705,1
21486774,0.3841333333333334,3
21494687,0.732525,4
21495882,0.761357142857143,7
21500843,0.9272,2
21508890,0.8959,1
21509719,0.6354333333333333,6
21521250,0.2714,1
21527531,0.622257142857143,7
21528956,0.6463,3
21537106,0.5224166666666666,6
21543204,0.8982,4
21549379,0.7253333333333334,3
21556610,0.47855,2
21557018,0.8955,1
21557303,0.5997399999999999,10
21557916,0.742,1
21561999,0.9776,1
21564181,0.8405374999999999,8
21573664,0.34955,2
21576083,0.8986000000000001,5
21577599,0.8777,1
21578564,0.9936,1
21580789,0.4404,1
21587575,0.91088,5
21592553,0.9476,1
21595748,0.5695,3
21599245,0.9914,1
21604001,0.826975,4
21608077,0.74045,12
21615775,0.8675666666666667,3
21617650,0.7884500000000001,6
21620728,0.54264,5
21624574,0.54215,4
21630699,0.0,1
21641694,0.9079,1
21642159,0.42595,2
21642658,0.8219142857142857,7
21644518,0.83575,2
21670687,0.704575,4
21671933,0.5405857142857143,7
21673974,0.1788,1
21676489,0.61615,2
21677132,0.8597,1
21679119,0.0,1
21682378,0.8384,3
21685542,0.8022,3
21688218,0.9312,1
21688537,0.54,1
21688692,0.5545333333333334,3
21704608,0.97905,2
21704697,0.886,1
21705708,0.8655,1
21706030,0.5919,3
21713645,0.9804,1
21718300,0.74944,5
21722880,0.9451166666666667,6
21723009,0.4058,3
21728956,0.6815333333333333,9
21729481,0.9588,1
21732966,0.9258500000000001,2
21733162,0.14049999999999999,3
21734590,0.7291333333333333,6
21741200,0.6328666666666667,3
21745688,0.9273,1
21768332,0.9451499999999999,2
21768442,0.96285,4
21773557,0.33146666666666663,3
21777839,0.8521923076923077,13
21780537,0.9516,1
21782123,0.9258285714285714,7
21782421,0.8470090909090909,11
21785128,0.5895777777777779,18
21796016,0.9885999999999999,2
21796196,0.23340000000000002,13
21796707,0.5905785714285715,14
21808723,0.140675,4
21819335,0.22539999999999996,6
21832694,0.7888666666666667,9
21839494,0.4504333333333334,3
21839495,-0.13935,4
21843635,0.9134,1
21850935,0.40477777777777774,9
21854016,-0.02661666666666666,6
21874690,0.9431,1
21879160,0.0772,1
21879577,0.9561,1
21880752,0.9849,1
21892168,0.42815,2
21893058,0.3441833333333333,6
21893534,0.5812333333333334,6
21896283,0.765,1
21901990,0.5679,6
21907977,0.8815,2
21908992,0.29295,2
21909439,0.297975,4
21911574,0.43257500000000004,4
21928792,0.437075,4
21932467,0.883625,4
21932560,0.36824999999999997,4
21932875,0.6936,3
21932944,0.8486666666666666,6
21932985,0.48617999999999995,5
21933316,0.3825,2
21933909,0.4939,1
21942266,0.9754,1
21944286,0.93,6
21945007,0.8736999999999999,2
21953111,0.7158666666666668,3
21955557,0.9912,1
21961302,0.9744,1
21965515,-0.17346666666666666,3
21973842,0.8552500000000001,2
21974024,0.9468,1
21980231,0.5525153846153846,13
21985820,0.9839,1
21989725,0.87875,2
21993407,0.5719,1
21998267,0.5026125,8
22008618,0.5156499999999999,8
22009480,0.84855,2
22029563,0.3314666666666667,9
22041476,0.7181166666666666,6
22043164,0.5675125,8
22045052,0.9726,1
22046673,0.5555142857142857,7
22081628,0.44376363636363636,11
22096191,0.9077,1
22096575,0.52062,5
22096800,0.4404,1
22113358,0.7153307692307693,13
22117312,0.6537071428571428,14
22118268,0.0,1
22132993,0.95305,2
22133270,0.8501000000000001,2
22134266,0.22816666666666666,3
22141665,0.65873,20
22157509,0.7976000000000001,2
22173115,0.46182,5
22175503,0.369525,4
22189410,0.9694,1
22202226,0.48575,2
22208659,0.6579166666666666,6
22215128,0.679875,4
22229476,0.7782,3
22238747,0.8553,1
22238833,0.8928200000000001,5
22256244,0.8849,1
22271740,0.8643,1
22300458,0.8481,1
22303117,0.454,2
22317755,0.34,1
22339372,0.75954,5
22342984,0.9184,1
22349534,0.0,1
22351689,0.350375,4
22352153,0.66845,2
22352489,0.796,1
22353173,0.9176,1
22353530,0.6243666666666666,3
22375714,0.7138333333333332,3
22381748,0.9458666666666667,3
22381972,0.9337,1
22383809,0.6378,1
22385402,0.8016,1
22397473,0.8316,1
22427567,0.7124684210526315,19
22432962,0.9913,1
22433582,0.3404,2
22458358,-0.6014,1
22459924,0.4405,8
22460364,0.9719,1
22475478,-0.9569,1
22476268,0.9062,1
22478009,0.9746,1
22478345,0.8409,2
22484563,0.7018444444444445,9
22489064,0.4574,1
22490521,0.9719333333333333,3
22496039,0.0,1
22515679,0.5445800000000001,5
22524355,0.6221,5
22529242,0.5663,7
22530519,0.6705,1
22536953,0.8393,3
22550485,0.765,1
22556213,0.96775,2
22567214,0.3282333333333333,3
22577256,0.9545,1
22579796,0.8344714285714286,7
22580241,0.9857,1
22581431,0.6582,4
22584269,0.38347857142857145,14
22585404,0.8047833333333334,6
22585547,0.6483428571428572,7
22592225,0.43017058823529414,17
22611077,0.4191666666666667,3
22611500,0.966375,4
22636265,0.61065,6
22637797,0.6305333333333333,3
22642689,0.02210000000000001,2
22652929,0.0,1
22661606,0.6249,1
22663014,0.9305,1
22665748,0.9605,1
22683580,0.9615,2
22693328,0.48135,2
22720282,0.888,1
22722328,0.54756,5
22740103,0.2506,2
22748954,0.1779,1
22749788,0.969,1
22760729,0.5904888888888888,9
22827426,0.8386833333333333,6
22828670,0.711025,4
22840816,-0.09859999999999997,2
22842247,0.6137333333333334,3
22845367,0.4102,2
22846749,0.7121375,8
22860304,0.9653333333333333,3
22873129,0.96225,2
22878742,0.9346000000000001,2
22879284,0.8832,1
22885057,0.6788,6
22905349,0.9676,1
22905589,0.9413,1
22919017,0.0,1
22919832,0.78684,5
22943160,-0.8439,1
22943186,0.58855,2
22951647,-0.9911,1
22962647,0.9478,2
22965384,0.6239,1
22970356,0.3818428571428571,7
22980318,0.9036,3
22982119,-0.07480000000000003,2
22982455,-0.3182,1
22999263,0.30429999999999996,3
23001834,0.8944333333333333,3
23012381,-0.212,3
23022135,0.8011,1
23022971,0.4477,4
23031844,0.96115,4
23031895,0.28359999999999996,4
23051138,0.93772,5
23057867,0.4784,2
23068020,0.8045833333333333,6
23074965,0.7233285714285714,7
23076179,0.4215,1
23081996,0.9566,1
23082126,0.93,1
23100752,0.391575,16
23113731,0.9519500000000001,2
23132403,0.8265,1
23137650,0.8344,2
23145941,0.9216,1
23146252,0.6212,2
23157012,-0.9565,1
23162153,0.9389,3
23162837,0.42405,2
23167253,0.6742333333333334,3
23175145,0.4937,2
23182042,0.8119,1
23182692,0.9168,1
23185702,0.8881,1
23210209,0.288875,4
23210819,0.35062,5
23215648,0.9073666666666668,3
23219030,0.3362857142857143,14
23229090,0.5729444444444445,9
23231054,0.9883,1
23233950,0.9521999999999999,2
23234409,0.9925,1
23234902,0.5747333333333333,6
23235339,0.981,1
23239726,0.9201,1
23245368,0.9038,1
23247933,0.7460625,8
23252254,0.014442857142857137,7
23273060,0.390475,8
23273709,0.98225,2
23285146,0.96495,2
23288079,0.47465999999999997,5
23288573,0.38712,5
23288840,0.1463,7
23289005,0.09935,2
23291360,0.877825,4
23297634,0.5741285714285714,7
23298000,0.7639,1
23314793,0.6236933333333333,15
23316575,0.9546,2
23319477,0.25,1
23327018,0.25529999999999997,9
23340313,0.90085,4
23352804,0.4025,2
23352818,-0.6246499999999999,2
23353889,0.6249,1
23354332,0.7329,7
23356414,0.71492,5
23363114,0.98685,2
23367928,0.715925,12
23372781,0.31355,4
23374319,0.3415571428571429,7
23374477,0.62175,4
23374631,0.45657600000000004,25
23375074,0.9716,2
23385375,0.9718,1
23387892,0.923,1
23388344,0.7902,1
23400314,0.9698,1
23404654,0.7901,1
23414905,0.8958999999999999,2
23422390,0.9854,1
23426238,0.965975,4
23447618,0.7265666666666667,6
23448945,0.49593333333333334,6
23449229,0.909,1
23452505,0.20373333333333335,3
23463066,0.5976,3
23472351,0.922675,4
23512386,0.26025,2
23517919,0.5423,1
23518044,0.7351,1
23518123,0.9886,1
23560009,0.9882,1
23573381,0.0,1
23591444,0.9098,1
23609479,0.0,1
23628483,0.09567499999999998,4
23630556,0.9560500000000001,2
23631479,0.5709,1
23635755,0.60145,2
23645636,0.9636499999999999,2
23647853,0.9821,1
23675028,0.3612,1
23685744,0.4883,3
23695792,0.0,1
23699779,0.4459,2
23705679,0.7317166666666667,6
23706875,0.8045,1
23715293,0.9392,2
23726987,-0.2032,8
23739227,0.9571999999999999,3
23759482,-0.6597,1
23762099,0.9279,2
23765272,0.0,1
23767245,0.7415333333333334,3
23767839,0.9219999999999999,2
23778514,0.6119,1
23779457,-0.9337,1
23796570,0.8169,1
23820023,0.7083,1
23852456,0.640875,4
23854452,0.6463,2
23856458,0.98075,2
23863592,0.5633833333333333,6
23870836,0.9183,1
23898863,0.0,3
23899276,0.9793000000000001,2
23909021,0.8822,1
23913025,0.8986000000000001,2
23927138,0.8627499999999999,2
23930938,0.8323444444444444,9
23932765,0.8016,1
23939514,0.9422,1
23940627,0.9114,1
23941958,0.0,2
23954934,0.6991400000000001,5
23957871,0.6249,1
23958660,0.8817,2
23970014,0.59325,2
23973213,0.9655,1
23985961,0.0,1
23995845,0.9804999999999999,2
23996149,0.7728999999999999,3
24003490,0.8957,1
24008369,0.3966,2
24010040,0.91655,2
24017161,0.5846199999999999,5
24018563,0.9286,1
24020322,0.4965,6
24025093,0.6109,3
24030364,0.7137818181818182,11
24038647,0.6369,1
24042129,0.8172,1
24050364,0.9344,1
24051020,-0.04253333333333333,6
24052680,0.74644,5
24053193,0.8061,1
24090254,0.70866,5
24092896,0.8127,3
24111868,0.636575,4
24113728,0.35281818181818186,11
24126685,0.8543333333333334,9
24128067,0.5951636363636363,11
24128237,0.5994,1
24134747,0.906,1
24134859,0.7875666666666667,3
24146993,0.4756153846153846,13
24167571,0.2830333333333333,3
24176050,0.7552,2
24177394,0.9332333333333334,3
24191634,0.9366666666666666,3
24192437,0.97085,2
24196372,0.0,1
24200518,0.9399,1
24201835,0.9601,2
24222045,0.9565,1
24239998,0.4822,2
24242135,0.41565,2
24245471,0.2874,3
24266831,0.0,1
24279751,0.8816,1
24283559,0.57272,5
24288681,0.0,1
24293709,0.8415666666666667,3
24295178,0.9863,1
24312981,0.55106,5
24325451,0.44954,5
24327999,0.981,1
24342366,0.8856,1
24343912,0.21236666666666668,12
24345391,0.0,1
24349122,0.765,1
24354473,0.308875,4
24366035,0.38585,2
24383215,-0.3164,1
24384293,0.9385,3
24387249,0.9705,1
24389032,0.43975000000000003,14
24400443,-0.8872,1
24402515,0.595475,4
24410865,0.79165,2
24418092,0.9312,1
24434335,0.93835,2
24442542,0.8014749999999999,8
24443609,0.9167000000000001,4
24469476,0.9669,2
24480546,0.832275,4
24482746,0.7364333333333333,6
24484853,0.7269,1
24490020,0.7906,1
24507428,0.6688,1
24530359,0.6588,1
24557799,0.6490222222222222,9
24558206,0.69855,4
24558434,0.4780923076923077,13
24558501,0.1935,7
24558745,0.56151,10
24571773,0.401675,4
24576862,0.5915,3
24576893,0.9380999999999999,2
24579014,0.9389,1
24587772,0.5323333333333333,3
24587792,0.8782666666666668,3
24596928,0.9393,1
24599888,0.7250333333333333,3
24610574,0.9343600000000001,10
24613532,0.0,2
24618328,0.981,1
24620880,0.7053285714285714,7
24621466,0.0,1
24622995,-0.4158,2
24623544,0.5606,2
24640259,0.5603,6
24650780,0.59075,6
24654129,0.8996,1
24654672,0.8743,1
24666035,0.148875,8
24668915,0.86495,4
24669822,0.2725,2
24670253,0.8977,1
24670747,0.5859,1
24671835,0.32152,5
24672257,0.017675000000000024,4
24686576,0.0,1
24704792,0.9825,1
24706244,0.6729833333333334,6
24712566,0.14604999999999999,2
24732236,0.9372499999999999,2
24732772,0.34454999999999997,2
24745210,0.49011818181818184,11
24753260,0.9231,1
24787800,0.9423,8
24795162,0.78885,2
24796116,0.503,3
24797242,0.8481,1
24798369,0.8570833333333333,6
24799338,-0.6026,1
24804167,0.943275,4
24806405,0.56016,5
24807505,0.9779,1
24822908,0.96875,2
24829535,0.6439333333333334,3
24837198,0.6467999999999999,3
24839735,0.89544,5
24840842,0.007999999999999952,2
24849136,0.9522,1
24872072,0.6464428571428572,7
24876726,0.9621500000000001,2
24880026,0.8596600000000001,5
24894053,0.42111666666666664,6
24902431,0.9523,1
24912865,0.9412333333333334,6
24917182,0.475,2
24930049,0.7401,7
24934905,0.40853333333333336,12
24942389,0.8419,1
24955364,0.9349,1
24956629,0.9013666666666666,3
24958117,0.6812499999999999,2
24964881,0.8519,3
24978287,0.5236485714285715,35
24978338,0.42762,5
24978486,0.0,1
24978561,-0.9697,1
24982776,0.9256296296296297,27
24985529,0.8271,1
24989293,0.4158,2
25007854,0.0,1
25040148,0.8553999999999999,2
25045394,0.9207,1
25046044,0.43335,8
25047548,0.7239,1
25048668,0.9785,1
25048747,0.2961,3
25050984,0.8339111111111112,9
25051463,0.9728,1
25052096,0.5495333333333333,3
25067533,0.9571,1
25068958,0.8771285714285714,7
25092474,0.4215,1
25095211,0.9419500000000001,2
25107945,0.0,1
25116142,0.98065,2
25129032,0.9153,1
25132831,0.6249,1
25146125,0.636,1
25147229,0.7593142857142857,7
25147421,0.9270499999999999,2
25154667,0.8329333333333334,3
25163618,0.63825,6
25176765,0.7467,1
25177306,0.7032333333333334,3
25186319,0.5035,11
25198012,0.6386777777777778,9
25202608,0.9735333333333333,3
25203573,0.9778,1
25205694,0.7184,1
25211827,0.0,1
25222738,0.76715,2
25223009,0.9657333333333332,3
25225676,0.7274,4
25231994,0.9309,1
25243319,0.47255,2
25273671,0.6945285714285714,7
25275044,0.48808181818181817,11
25276044,0.8766,1
25318881,0.5780666666666666,3
25339003,-0.04203333333333333,3
25343350,0.35275,4
25347218,0.8271,1
25372577,0.16455,2
25372717,0.6056666666666667,3
25389885,0.64305,2
25395939,0.0,1
25397133,0.028000000000000025,2
25397296,0.967,6
25399969,0.0,1
25400960,0.9060166666666666,12
25428339,0.48505,2
25434405,0.6375,2
25441054,0.86665,2
25444192,0.34,1
25446429,0.9463,1
25447586,0.8293666666666667,3
25448042,0.9769,1
25448321,0.47330000000000005,4
25449815,0.6507000000000001,3
25465453,0.0,1
25472163,0.8318333333333333,3
25487268,0.9793000000000001,2
25505000,0.4834,2
25545928,0.6596,8
25579086,0.8003428571428571,7
25610130,0.30308,10
25667231,0.9252666666666666,3
25675087,0.8399,1
25699986,0.0,2
25704702,0.82765,2
25706308,0.6099333333333333,12
25708286,0.60872,5
25730258,0.6737428571428571,14
25733171,0.618425,4
25779378,0.8576,1
25787981,0.886,1
25789620,0.0,1
25794426,0.46295,2
25795216,0.5315875,8
25801362,0.6415705882352941,17
25804607,0.489375,4
25812834,0.10115,2
25862887,-0.5423,1
25868605,0.9555,1
25870414,0.714325,4
25870692,0.33525,2
25875591,0.341925,4
25881958,0.84705,4
25891930,0.0,1
25891960,0.7227,1
25892369,0.9436,1
25898868,0.886475,8
25912554,0.7424857142857143,7
25925288,0.6134000000000001,3
25925379,0.9562,1
25931164,0.24385,4
25931355,0.9534,2
25953669,0.9049,1
25960075,0.94205,2
25963148,0.0,1
25964261,0.7216666666666667,3
25964786,0.8991333333333333,3
25970291,0.41615,4
25972462,0.701125,4
25976537,0.7027285714285715,7
25990496,0.7218,1
25992547,0.765675,4
25994759,0.8402,1
26016746,0.864275,4
26016962,0.543475,4
26019896,0.92205,2
26027414,0.011450000000000016,2
26030250,0.9734,1
26038269,0.5352666666666667,6
26057378,0.90292,5
26073609,0.8878,1
26103664,0.9596333333333332,3
26115342,0.15215000000000004,2
26118879,0.831,1
26123033,0.5513,9
26125694,0.9115,1
26149413,0.7182,2
26152381,0.38695714285714283,7
26180136,0.9230499999999999,2
26180969,0.7269,1
26194567,-0.3612,1
26199960,0.9718,1
26211449,0.28435454545454547,11
26217564,0.9797,1
26217774,0.0,1
26219648,0.4547727272727272,11
26229488,0.7017,2
26237798,0.2798333333333333,3
26250557,0.95105,2
26252082,0.029299999999999993,2
26269671,0.9545,1
26295579,0.845425,4
26296599,0.7061333333333333,9
26318335,0.8654,2
26321398,0.5895166666666666,6
26321606,0.9259,1
26325322,0.9718,1
26331405,0.9884,1
26345214,0.9523,1
26346715,0.8841,1
26351214,0.12156666666666666,3
26351831,0.4404,1
26371909,-0.5922000000000001,3
26387070,0.9322999999999999,7
26394870,0.742,3
26421685,0.8858,1
26432731,0.78775,2
26444223,0.8902555555555556,9
26445828,0.6116727272727273,11
26450265,0.0,1
26459566,0.46086249999999995,8
26471929,0.9840500000000001,2
26472689,0.0031,1
26480119,0.19435,2
26508361,0.51705,2
26514063,0.9436,5
26515419,0.7269,1
26533161,0.39891666666666664,6
26541868,0.7917000000000001,2
26543487,0.9561000000000001,3
26548615,0.691225,4
26592171,0.0,1
26594015,0.5859,1
26595703,0.893125,4
26617634,0.11214999999999999,6
26634620,0.9852,1
26634842,0.872,1
26646085,0.9152,1
26650214,0.5709571428571428,7
26650888,0.17084,5
26666218,0.7071259259259259,27
26679207,0.4586,4
26685373,0.62435,14
26698526,0.31916666666666665,3
26701198,0.9217,1
26704001,0.953,1
26704866,0.5600333333333333,6
26707014,0.4521333333333333,3
26713503,0.55275,2
26737517,0.6314875,8
26746757,0.944075,4
26747963,0.9626,1
26748336,0.9392,1
26748719,0.8805,1
26748767,-0.22685,2
26756512,0.9654,1
26762829,0.10958000000000001,5
26765564,0.6284571428571429,7
26766399,0.695225,4
26766437,0.25501666666666667,6
26766870,0.41593181818181824,22
26788347,0.9228,1
26792758,0.892375,4
26796635,0.9681,1
26811345,0.8568,5
26832539,0.9402,1
26834519,0.9698,1
26834714,0.8885,1
26836778,0.7528,2
26868053,0.3621181818181818,22
26868401,0.826025,8
26870181,0.4242666666666667,9
26872240,0.19343333333333335,3
26873316,0.758525,4
26873433,0.23191875,16
26883154,0.8364714285714285,7
26889094,0.0,1
26912958,0.24007272727272727,11
26939959,0.8047636363636363,22
26964669,0.93035,2
26995619,0.4918,2
27014247,0.51975,4
27014274,0.9676,1
27022728,0.96535,2
27025816,0.638025,8
27026764,0.9474499999999999,2
27027109,-0.0226,5
27027855,0.33930769230769225,13
27028011,0.5493571428571429,7
27028145,0.2922666666666667,3
27028238,0.0,1
27039951,0.6984499999999999,6
27044273,0.46475,4
27044289,0.3937,1
27054712,0.9504,1
27067774,0.7738,1
27097098,0.8298,3
27097522,0.4008,2
27102631,0.8425,1
27102758,0.0,1
27104197,0.1761,1
27120569,0.0,1
27133178,0.43924,5
27156744,0.9733,1
27160864,0.6249,1
27166448,0.9377666666666666,3
27182520,0.8972,1
27189549,0.7890666666666667,9
27199252,0.4281,3
27200263,0.977,1
27216708,0.6628000000000001,5
27220016,0.9434666666666667,3
27224414,-0.08348,5
27247681,0.8399,1
27252599,0.9842,1
27257287,0.04576666666666668,3
27271387,0.3109,1
27271652,0.9229,1
27275868,0.6363363636363636,22
27287808,-0.0772,1
27303499,0.85025,2
27311175,0.7264,1
27321920,0.86315,2
27330808,0.8718,1
27331336,0.44425,2
27355455,0.9098,5
27364019,0.63678,5
27365237,-0.2056,2
27389314,0.2288666666666667,6
27392230,0.9823,1
27397431,0.9464,1
27410427,0.9356,2
27415183,0.6249,1
27423262,0.8446,2
27423355,0.4404,1
27434288,0.3974857142857143,7
27440073,0.52218,5
27445773,0.8931999999999999,3
27447977,0.4467,2
27450526,0.49205,2
27456898,0.771,10
27463685,0.710475,4
27465164,0.82405,2
27471553,0.0,1
27473090,0.5797666666666667,6
27478664,0.8370500000000001,2
27485821,0.82525,4
27491487,0.5859,1
27497583,0.8798666666666667,3
27506727,0.443,2
27515148,0.849775,4
27515941,0.1464181818181818,11
27520374,0.6176666666666667,6
27520643,0.9539,2
27521703,0.6140888888888889,9
27521764,0.49829999999999997,3
27532753,0.5387333333333334,9
27540320,0.7423166666666666,6
27542538,0.28831666666666667,6
27545759,0.9611,1
27548117,0.937,1
27558493,0.0,2
27565655,0.7698,2
27570612,0.70195,2
27609141,0.0,1
27626224,0.6736,13
27640890,0.9006000000000001,2
27643981,0.9238,2
27650214,0.30865,2
27651110,0.8064399999999999,5
27673659,0.6602333333333333,3
27686255,0.40935,8
27686661,0.52934,5
27688547,0.7003,1
27692265,0.7249,2
27710041,0.981,1
27710700,0.9589,2
27712862,0.5499,4
27717566,0.9538,1
27718382,0.9379666666666666,6
27720234,0.4497,1
27722643,0.6802285714285714,7
27727257,0.1801888888888889,9
27743869,0.8716,4
27744344,0.4765,2
27747852,0.47750000000000004,4
27769612,0.9757,1
27769628,0.9712,1
27775022,0.9791,1
27775149,0.811975,4
27775557,0.7845,1
27775591,0.9838,1
27775648,0.699775,4
27784821,0.69598,5
27819627,0.5859,1
27823749,0.96625,2
27825455,0.95675,2
27826405,0.8553,1
27827260,0.6249,1
27833221,0.9657,1
27833488,0.7228304347826087,23
27859338,0.6114666666666667,3
27863349,0.5003923076923077,13
27863468,0.6643,2
27864531,0.9286,1
27864675,0.31032727272727273,11
27864694,0.8464,1
27874771,0.738575,8
27876566,0.9584999999999999,2
27888416,0.675,1
27898114,0.8577,7
27898681,0.7117666666666667,3
27899076,0.30432857142857145,7
27914007,0.14429411764705882,17
27916312,0.4776,2
27929242,0.4822,2
27943808,0.94,2
27957717,0.9030999999999999,3
27960986,0.9510000000000001,2
27961894,0.6010666666666666,3
27977894,0.01605000000000001,2
27985668,0.8799,2
27998531,-0.47425,2
28000159,0.8709333333333333,3
28007006,0.0,1
28024155,0.9923,1
28027834,0.9626,1
28052737,0.29623333333333335,3
28064534,0.975,1
28068625,0.0,1
28078356,0.9376,1
28086524,0.81778,5
28092394,0.96905,2
28125191,0.5972555555555555,9
28127267,0.8051,1
28145755,0.471125,4
28145921,0.9153,1
28154609,0.6146,4
28159177,0.74332,5
28194114,0.835675,4
28216430,0.6213571428571428,7
28252025,0.957,1
28268470,0.9947,1
28271502,0.7783,1
28279185,0.20428888888888888,9
28284318,0.8481,1
28294706,0.9452,2
28309400,0.9065333333333333,3
28331168,0.7250833333333334,6
28335900,0.43438,15
28341342,0.6556000000000001,3
28360769,0.38915,2
28361144,0.40615,4
28378248,0.2202,2
28394803,0.87935,2
28394922,0.9778,1
28399931,0.93308,5
28407765,0.5934,7
28408099,0.9274,1
28409903,0.8957,1
28433052,0.9493333333333333,3
28435062,0.9743,1
28454996,0.6847,2
28474935,0.976,1
28476583,0.8447,4
28476861,0.4334888888888889,9
28480546,0.473775,4
28488920,0.54203125,16
28489720,0.716825,16
28491926,0.0,1
28492085,0.43095,2
28492267,0.8196749999999999,4
28492377,0.29795,6
28492483,0.5207200000000001,5
28513315,0.33185,6
28513960,0.82335,2
28519897,0.8519,1
28535711,0.6262,3
28541145,0.8245789473684211,19
28552875,0.8911666666666668,3
28556950,0.7094888888888888,18
28572328,0.6869111111111111,9
28574236,0.81725,2
28574543,0.2546,4
28579149,0.9287,1
28597831,0.8279,1
28609043,0.7253181818181819,11
28609238,0.46916,5
28609476,0.8788333333333332,3
28624274,0.1476,5
28624681,0.8361833333333334,6
28656859,0.7056230769230769,13
28657276,0.9129499999999999,2
28658105,0.636,1
28660826,0.0,1
28693487,0.683325,8
28706540,0.9514,3
28733509,0.9091,2
28746653,0.5232333333333333,3
28749227,0.8092,3
28751047,0.8125500000000001,2
28805476,0.8622,1
28807329,0.9684,1
28838351,0.902,1
28854377,0.2732,1
28864602,0.8957,1
28884908,0.6249,1
28887471,0.538725,4
28913702,0.6253000000000001,6
28933081,0.97665,2
28952791,0.765,1
28955968,0.8472571428571428,7
28972251,0.93665,2
28973796,0.9739,1
28974919,0.6851499999999999,2
28976360,0.9683,1
28982871,0.8294666666666667,3
28985887,0.900175,4
28987619,0.7652,7
28995982,0.9717,2
28999901,0.985,1
29022655,0.9481999999999999,2
29023334,0.9584,1
29028776,0.6901166666666666,6
29029014,0.8715,1
29030448,0.6553,26
29054503,0.474775,4
29065049,0.39595,4
29069910,0.4404,1
29071153,0.9526249999999999,4
29077076,-0.9709,1
29097051,0.5314,22
29097128,0.9707,1
29100994,0.3885714285714286,7
29114733,0.9869,1
29138270,0.8658,1
29145414,0.8181,2
29145470,0.3444857142857143,7
29145550,-0.636,1
29145742,0.25216,5
29146404,0.9169666666666666,3
29150662,0.5308,3
29153762,0.5106,1
29154544,0.810675,4
29158910,0.0,1
29163648,0.8553,1
29176185,-0.9661,1
29183038,0.9571,1
29183819,0.60982,5
29200784,0.8394,3
29205994,0.4067,15
29213065,0.3105,8
29232848,-0.636,1
29237506,0.4465538461538462,13
29237511,0.3389,9
29237541,0.48024285714285714,7
29245316,0.9345,1
29247609,0.17966666666666664,3
29251458,0.7219500000000001,2
29251751,0.13480000000000003,4
29255071,0.9093454545454546,11
29260271,0.9515,1
29271459,0.5519153846153846,13
29271671,0.6002,7
29272371,0.6838,2
29276880,0.940475,4
29281987,0.7196285714285714,7
29295661,0.14175,2
29296471,0.7649285714285714,7
29296683,0.74255,2
29298481,0.6297,3
29299498,0.4155333333333333,9
29300275,0.6246333333333334,6
29325604,0.26632,5
29329585,0.8452500000000001,12
29329665,0.9481,1
29330219,0.29273333333333335,3
29330785,0.5817625,8
29337463,0.15835000000000002,4
29350365,0.4616,4
29351262,0.678,9
29363329,0.5755083333333334,12
29381372,0.4854,1
29389337,0.0,1
29392703,0.4825,2
29406654,0.9558,3
29411818,0.6413666666666668,9
29426213,0.5766,6
29429447,0.07180000000000004,3
29430556,0.9862,1
29433986,0.807,1
29434101,0.8625,1
29435644,0.0,1
29453106,0.9036,1
29471712,0.8033,3
29473953,0.52116,5
29474212,0.62605,2
29474736,0.6296666666666667,6
29481047,0.6361,1
29486580,0.4892,2
29487684,0.8586199999999999,5
29501833,-0.064,2
29502124,0.463,2
29505549,0.9441,3
29506948,0.8190500000000001,2
29510241,0.9639,2
29515852,0.7759,2
29516186,0.9047999999999999,6
29516799,0.8824,1
29554469,0.86375,4
29558961,0.9513,1
29566830,0.796,1
29591387,0.8534666666666667,18
29592985,0.7298000000000001,13
29603116,0.9618,2
29604455,0.8482000000000001,2
29605148,0.69505,4
29625501,0.9594999999999999,3
29640744,0.95725,6
29643859,0.07755000000000001,2
29656978,0.8388666666666666,3
29659252,0.4113666666666667,3
29669771,0.9462,1
29683745,0.4781,2
29697309,0.8911833333333333,6
29697860,-0.018199999999999994,4
29735689,0.52565625,16
29736243,0.9254000000000001,3
29759435,0.5029875,24
29769156,0.9246,2
29792921,0.7959,1
29794559,0.80246,5
29797899,0.5012,4
29800094,0.0,1
29811365,0.72295,4
29823025,0.09854285714285715,14
29853439,0.9682,1
29868576,0.8303,1
29871463,0.9451,1
29890672,0.9725,1
29893267,-0.4158,2
29893295,0.7294,2
29894324,0.39842,5
29894967,0.20206,5
29896735,0.8996999999999999,2
29897559,0.8885,1
29898948,0.5494166666666667,6
29901107,0.9589,1
29901401,0.36200000000000004,3
29904629,0.9819,1
29922263,0.9802,1
29940587,0.9604,1
29953718,0.9064,2
29957778,0.5531,5
29964169,0.6085666666666666,3
29976109,0.0,1
30009222,0.36169999999999997,3
30009767,0.9015500000000001,2
30012567,0.0,2
30013103,0.55718,10
30027320,0.96875,2
30029186,0.0,1
30034926,0.95282,10
30037170,0.4194333333333333,15
30041168,0.6249,1
30080168,0.2732,1
30085825,0.8962,2
30102089,0.8807,1
30109323,0.902625,4
30112545,0.9595,1
30118822,0.905875,4
30120693,-0.4574,1
30121194,0.44384666666666667,15
30140784,0.7431749999999999,4
30141705,0.4433,12
30142077,0.9132,2
30143458,0.9805,1
30144142,0.49712142857142855,14
30144203,0.5229,1
30144734,0.87025,2
30148307,0.9421333333333334,3
30168480,0.577011111111111,9
30172268,0.8835000000000001,3
30172406,0.6003153846153846,13
30190463,0.4816,2
30192755,0.9059,1
30205947,0.9755,1
30219256,-0.9894,1
30222595,0.762,1
30228945,0.59467,10
30243388,0.6358,8
30245391,0.8427,1
30256451,0.6460333333333333,3
30260137,0.97385,2
30270204,0.9846,1
30278980,0.8576888888888888,9
30279726,0.3658333333333334,6
30286590,0.4142333333333334,3
30304013,0.6679600000000001,5
30310564,-0.31983333333333336,3
30342095,0.9633,1
30344868,0.4328,3
30349553,0.16109999999999997,2
30349944,0.8268,1
30350267,0.48245,6
30359072,0.552575,8
30359406,0.9642,1
30362128,0.10790000000000005,2
30366582,0.9672,1
30373351,0.9359,2
30399586,0.9893,1
30415048,0.7575142857142857,7
30419122,0.9817,1
30421460,0.7727833333333334,6
30436150,0.765,1
30439553,0.9914,1
30468598,0.9473,1
30494938,0.7005600000000001,5
30495002,0.7351,1
30504452,0.8818,2
30505353,0.70856,15
30516718,0.6646444444444444,9
30521512,0.6341636363636364,11
30532883,0.82208,5
30533376,0.6249,1
30553539,0.9369799999999999,5
30575100,0.5081,1
30576751,0.0,1
30584000,0.0,1
30584057,0.7999499999999999,2
30585109,0.8555,1
30641726,0.9363,2
30645774,0.9423,1
30647078,0.9844,1
30670294,0.0,1
30686498,0.17868,5
30690635,0.3214666666666667,3
30702364,0.97585,2
30703403,0.8479,2
30707043,0.88256,5
30709017,0.7841,1
30710773,0.9633499999999999,2
30712008,0.5616,2
30758981,0.0,1
30760224,0.09179999999999999,2
30763195,0.20015,2
30764707,0.36943333333333334,9
30766080,0.3035,2
30768016,0.9588,1
30777415,0.865625,4
30786560,0.8323625,8
30786896,0.4134,2
30808785,0.9886,1
30849548,0.4168,1
30851618,0.8326666666666668,3
30859819,0.3289,2
30888701,0.9668,2
30899539,0.8629,2
30902101,0.91504,5
30903475,0.0,1
30906165,0.654572,25
30908352,0.91385,2
30908809,0.959,1
30910626,0.27995555555555557,9
30953716,0.5462777777777778,9
30983700,0.4755625,8
31006788,0.8932,1
31007937,0.694075,4
31012056,0.78475,2
31021743,0.6249,1
31022480,0.54545,4
31039757,0.5994,1
31040204,0.9088,1
31056332,0.7527333333333334,3
31078624,0.9649000000000001,5
31082403,0.9025000000000001,2
31102128,0.90665,2
31114879,0.9743,1
31116845,0.6552399999999999,5
31140936,0.552465,20
31141775,0.7058785714285715,14
31156582,0.4253,4
31179610,0.47965,4
31183513,0.93484,5
31186975,0.296,1
31187488,0.9669,2
31189501,0.98575,2
31208879,0.91745,2
31233602,0.6249,1
31246234,0.9628,1
31258932,0.9933,1
31264841,0.73025,6
31325161,0.9697333333333332,6
31332935,0.21565,2
31361753,0.4467,2
31371332,0.9225000000000001,2
31385081,0.8180166666666667,6
31395242,0.9578,2
31402976,0.924275,4
31404052,0.71395,2
31405581,0.7752,2
31405830,0.6176666666666667,3
31411811,0.923,1
31428493,0.8474999999999999,2
31452620,0.6249,1
31456167,0.984,2
31458289,0.41736666666666666,3
31461926,0.9740500000000001,2
31478260,0.9814499999999999,2
31484015,0.0998,2
31487106,0.8715,3
31487146,0.5542,10
31496637,0.9851,1
31509892,0.9865,1
31516662,0.9562,1
31526270,0.8973,2
31532632,0.22249999999999998,17
31534566,0.6434,2
31540995,0.6021333333333333,3
31555781,0.8286333333333333,3
31556667,0.9928,1
31562518,0.9053,1
31564553,0.9349999999999999,4
31591827,0.7841,1
31606688,0.5768666666666666,9
31609769,0.9164666666666667,3
31611715,0.4404,1
31611722,0.0,1
31611901,0.31151999999999996,5
31615079,0.7336,5
31628388,0.717425,4
31634064,0.6249,1
31635141,0.8362666666666666,3
31636091,0.9893,1
31639391,0.9723,1
31660668,0.9403,2
31662739,0.88915,6
31666020,0.29866666666666664,3
31672196,0.0,1
31690146,0.7597999999999999,6
31692968,0.9424,4
31712088,-0.5267,1
31714709,0.96095,2
31715127,-0.9309,1
31715522,0.72568,5
31725364,0.4877,2
31732326,0.9795,1
31742779,0.9799500000000001,2
31755856,0.66185,4
31759662,0.4939,1
31794360,0.7351,1
31814561,0.522725,8
31834679,0.7845,1
31839940,0.5922999999999999,6
31840409,0.9182,4
31845960,0.6325000000000001,15
31846642,0.8017846153846153,13
31847860,0.5114933333333334,15
31857971,0.3057,2
31858341,-0.023399999999999976,2
31869419,0.7845,1
31871826,0.9245,1
31872997,0.3902,2
31876101,0.6574333333333333,6
31877287,0.5464,3
31892047,0.7311,7
31892593,0.6863333333333334,3
31894482,0.0,1
31896953,0.7501,1
31918465,0.5166999999999999,10
31926097,0.9273,1
31940106,0.5033666666666666,3
31941596,0.43190000000000006,4
31941670,0.5859,1
31941911,0.744175,8
31942176,0.9744999999999999,2
31948736,0.9237,1
31956740,-0.9601,1
31973641,0.3454,2
31974271,-0.030419999999999982,5
32001162,-0.08207500000000001,4
32003129,0.759,2
32010542,0.47835,8
32017126,0.6115,1
32037180,0.785075,12
32059164,0.9553666666666666,3
32070956,0.90518,5
32077744,0.9612,1
32089895,0.8271,1
32097246,0.8410333333333333,3
32098784,0.7289,3
32122217,0.5925,5
32154667,0.77645,2
32155411,0.20438333333333336,6
32164931,-0.8269,1
32166119,0.756,2
32166144,0.17236,5
32173078,0.9774,1
32175172,0.89575,2
32177307,0.8181,5
32178237,0.23506,5
32182407,0.45055,4
32188595,-0.296,1
32207008,0.991,1
32209489,0.9546250000000001,4
32214675,0.908,1
32223337,0.5827249999999999,4
32223831,0.6555,3
32227094,0.9773999999999999,3
32255989,0.9873,1
32258671,0.95445,2
32280605,0.4817,4
32283888,0.43934285714285715,14
32286058,0.4713,2
32306099,0.39664285714285713,14
32321548,0.6852,10
32321762,0.6320428571428572,7
32322018,0.6185111111111111,9
32322156,0.6011076923076923,13
32323963,0.8898,1
32333703,0.6930333333333333,3
32341177,-0.8316,1
32346196,0.3412857142857143,7
32369493,0.9665,4
32372870,0.807,1
32373728,0.0,1
32374189,0.06277999999999999,5
32375023,0.0,1
32376420,-0.1998,3
32377863,0.9258,1
32390263,0.6418,4
32394201,0.7902,2
32395454,0.8936833333333333,6
32395686,0.0,1
32400213,0.9673,1
32411653,0.74206,5
32415301,0.8939727272727273,11
32415684,0.6442,3
32415769,0.9011375,8
32418592,0.32914000000000004,5
32431587,0.8932,1
32436551,0.6834333333333333,3
32438151,0.9816,1
32440623,0.48371875,16
32441505,0.7845,1
32446707,0.6241133333333334,15
32457296,0.6102166666666666,6
32458423,0.9133,3
32465972,0.0593,3
32481558,0.95475,2
32484025,0.6554599999999999,5
32484354,0.4839,2
32484421,0.0,1
32540539,0.13733333333333334,9
32571537,0.9220333333333333,3
32582210,0.5073714285714286,7
32582637,0.20618888888888887,9
32585544,0.8350500000000001,2
32587382,0.96505,2
32601857,0.9513,1
32610139,0.6902666666666667,3
32612446,0.9694,1
32613768,0.487,2
32621759,0.4404,1
32623773,0.35102,5
32643724,0.0,1
32651609,0.7713300000000001,10
32658012,-0.5423,1
32666592,0.7959499999999999,2
32706870,0.4404,1
32707719,0.4617,2
32709192,0.9366,1
32722282,0.9866,1
32733411,0.9506,1
32734129,0.902,1
32735527,0.831,1
32741283,-0.4839,2
32756852,0.725,4
32758312,0.6031428571428572,14
32760549,0.5034428571428571,7
32764197,0.46745000000000003,4
32764551,0.9538500000000001,2
32765309,0.9954,1
32766454,0.22195,4
32776809,0.555175,4
32783593,0.5339,3
32783801,0.93875,2
32788686,0.4929666666666666,3
32803554,0.7419,1
32811918,0.9413,1
32826040,0.8442,1
32832698,0.6109,4
32835486,0.9431,2
32837029,0.8350666666666666,3
32840799,0.7142307692307692,13
32841748,0.6807230769230769,13
32862560,0.4404,1
32867236,0.6992076923076923,13
32879310,0.8557714285714286,7
32880487,0.4083875,8
32885753,0.0,1
32887020,0.2165,3
32887675,0.6264058823529411,17
32889129,0.4547,2
32893615,0.0,1
32895087,0.5442,3
32910661,0.636325,4
32915087,0.6591333333333333,6
32931716,0.4897,2
32950286,0.6515,3
32954354,0.54722,5
32971799,0.9754,1
32975049,0.8198000000000001,2
32980039,0.9854333333333334,3
32984924,0.6346666666666666,3
32987835,0.7089,1
32991703,0.91885,2
33010757,0.401075,4
33012549,0.557075,4
33014457,0.6281,3
33027859,0.4158,2
33036495,0.652,2
33054954,0.27960833333333335,12
33059111,0.0,1
33061498,0.95215,2
33065007,0.870375,4
33084869,0.9432,2
33085187,0.7089000000000001,2
33085368,0.7807111111111111,9
33090072,0.11402000000000001,5
33105079,0.32993333333333336,3
33106068,0.9888,1
33111615,-0.3612,1
33116284,0.48935,2
33147356,0.0,1
33147643,0.9646,1
33149417,0.8351285714285714,7
33161306,0.9686,4
33162891,0.9848,1
33180465,-0.29711999999999994,5
33195482,0.8119666666666667,3
33195740,0.9589,1
33196982,0.8399,1
33208817,0.8942,2
33210925,0.1998,3
33212241,0.9549666666666666,3
33214472,0.8987,2
33219219,0.9277000000000001,3
33221806,0.7799099999999999,10
33236987,0.0,1
33239592,0.6713,6
33241502,0.29973333333333335,6
33241815,0.8059,1
33249231,0.9535,2
33252606,0.55046,5
33254047,0.5959,2
33266665,0.9492,1
33268591,0.6249,1
33288295,0.9516,1
33289484,0.0,1
33310193,0.91405,2
33311230,0.9923,1
33311334,0.7612000000000001,2
33312087,0.9512,1
33313050,0.6249,1
33328619,0.8927499999999999,2
33328862,0.7474333333333334,3
33331940,0.62026,5
33362581,0.6200666666666667,3
33363422,0.9253,1
33369497,0.2023,1
33392642,0.8561,2
33396774,0.41041666666666665,6
33422588,0.0,1
33439828,0.987,1
33469166,0.8114666666666667,3
33481290,0.64975,2
33486289,0.7681666666666667,3
33492711,0.21075,2
33504079,0.65585,4
33504528,0.18612499999999998,12
33505607,0.41551428571428567,14
33507349,0.6919,2
33510937,0.148,2
33516485,0.5407666666666666,3
33518536,0.9516,1
33537071,0.8647499999999999,2
33539311,0.6674999999999999,7
33540879,0.9116,1
33540996,0.0,2
33541697,0.6435333333333334,3
33541865,0.8397,2
33544854,0.0,1
33570503,0.7906,1
33572484,0.9722999999999999,2
33573140,0.9672000000000001,2
33575567,0.7854166666666668,6
33577680,0.682425,4
33584762,0.11590000000000003,8
33587256,0.6490600000000001,5
33603423,0.92825,2
33606274,0.915,2
33622685,0.48695,2
33635691,0.0111,1
33653109,0.0,2
33681588,0.3621666666666667,3
33684230,0.6106333333333334,3
33704857,0.9163,1
33705824,0.9636,1
33709711,0.1254,2
33710497,0.9758,1
33712236,0.9092,1
33729226,0.0,1
33745031,0.29674999999999996,2
33745945,0.6462333333333333,3
33746476,0.9476,1
33747972,0.48924999999999996,2
33762084,0.6935,2
33762275,0.0,1
33769536,0.893,1
33769690,0.0,1
33775310,0.6813750000000001,8
33777868,0.48675,2
33779559,0.636,1
33840593,0.9695,1
33865049,0.951925,4
33869524,0.29642,5
33869810,0.9689,1
33878787,0.8709,1
33886682,0.6187,1
33891757,0.4099333333333333,3
33892520,0.2687333333333333,6
33898881,0.82142,5
33899692,0.50965,8
33921531,0.9895499999999999,2
33928139,-0.3404,1
33939131,0.9273,1
33952683,-0.1909,2
33953496,-0.636,1
33954618,0.6328954545454546,22
33954628,0.4393272727272727,11
33954647,0.48419333333333336,30
33954656,0.4993896551724138,29
33954667,0.5470882352941177,17
33966776,0.9109181818181817,11
33967728,0.9708333333333332,3
33986718,0.9887,1
33990486,0.9056,5
33996975,0.5191823529411765,17
34014607,0.7086333333333333,3
34024336,0.44733999999999996,5
34062485,0.9168,1
34087726,0.0,1
34105268,0.6432800000000001,15
34113348,0.9653,2
34116541,0.514975,4
34119579,0.5292416666666667,12
34119648,0.22431111111111107,9
34120344,0.1952,7
34120709,0.32704000000000005,5
34121339,0.4602,2
34135118,0.7269,1
34137057,0.3149666666666667,3
34140204,0.9879,1
34161567,0.49166,5
34162942,0.8847499999999999,2
34168340,0.0,1
34168522,0.6634,13
34169065,0.4268,2
34171064,0.9308666666666667,3
34172868,0.8856,1
34177997,0.9633,1
34203528,0.9705,1
34204542,-0.021799999999999986,2
34223450,0.8126,1
34226487,0.9945,1
34227257,0.52895,2
34240514,0.5421333333333332,3
34254573,0.5418499999999999,2
34255029,0.0,1
34256053,0.0,1
34271274,0.1328,3
34272602,0.8897999999999999,2
34277028,0.8241499999999999,2
34277755,0.807,1
34284750,0.3013857142857143,7
34293630,0.6011,2
34302297,0.908,1
34304151,0.9797,1
34307207,0.5479333333333334,3
34323639,0.8926333333333334,3
34325281,0.8778,7
34329267,0.9183499999999999,6
34337467,0.69212,5
34340111,0.74395,2
34355276,0.88735,2
34360266,0.8897125,8
34380321,0.72585,2
34381347,-0.296,1
34383193,0.7146,8
34383535,0.0,1
34386640,0.584,4
34387921,0.562275,4
34388714,-0.1866,2
34388735,0.8219333333333333,3
34407085,0.7261000000000001,6
34410904,0.6573875,8
34414026,-0.7451,2
34417881,0.053050000000000014,2
34418904,0.18084,5
34436662,0.9333499999999999,2
34443699,0.0,1
34462115,0.7273833333333334,6
34465905,0.6810615384615384,13
34471160,0.849,2
34473210,0.6622833333333333,6
34484870,0.7138199999999999,5
34493564,0.8148,4
34493815,0.5840428571428572,7
34498231,-0.5267,1
34502678,0.271025,8
34518728,0.9153,1
34532590,0.6988,1
34535540,0.743,1
34539051,-0.05680000000000002,4
34543104,0.8505,1
34574441,0.87224,5
34584318,0.36515454545454545,11
34585261,0.579025,4
34591489,0.8212875,8
34594559,0.9468,1
34595966,0.9723,1
34601855,0.5242666666666667,3
34604619,0.9848,1
34618882,0.8987125,8
34620253,0.9558,1
34643143,0.9482666666666667,3
34644528,0.8643,1
34668438,0.9603,1
34671142,0.72305,2
34674560,0.5563,1
34699150,0.4019,1
34699173,0.87,1
34700482,0.8955,1
34700889,0.8571,3
34702312,0.879175,8
34710576,0.7340307692307693,13
34714324,0.8995909090909091,11
34746396,0.47916,5
34774366,0.9371,1
34797781,0.9397666666666668,3
34807222,0.9565,1
34810735,0.8678,3
34825244,0.9962,1
34829284,0.31265,4
34835719,0.45809999999999995,3
34854501,0.9909,1
34860032,0.8686,2
34862318,0.44078,5
34867183,0.1027,1
34884624,0.0,1
34885910,0.54085,8
34886477,0.6828000000000001,2
34890275,0.41975,2
34897891,0.8225,1
34900165,0.52495,2
34903551,0.81645,4
34916444,0.8313,1
34921038,0.85205,2
34932216,0.9574,2
34933565,0.318,2
34940746,0.8945428571428572,7
34944409,0.6095333333333334,3
34955734,0.927575,4
34956172,0.844,3
34957854,0.9516,1
34962301,0.52645,2
34963590,-0.6808,1
35004974,0.5917,2
35024894,0.8479,1
35032900,0.8464,1
35050040,0.19673333333333334,3
35050937,0.7127749999999999,8
35056848,0.9295333333333332,3
35061378,0.13444999999999996,2
35062948,0.37435,10
35063421,0.95535,2
35087815,0.0,1
35091898,0.2259,5
35116851,0.8855999999999999,8
35126886,0.629,2
35138570,0.7951,1
35145239,0.9056,1
35147750,0.0,1
35151803,0.26925,4
35152393,0.47775,4
35152871,0.7760333333333334,6
35153367,0.6267333333333334,9
35154255,0.64315,4
35160365,0.6064666666666666,3
35160480,0.7938000000000001,2
35174338,0.9284,1
35180049,0.43959166666666666,12
35184380,0.96245,2
35188834,0.8452999999999999,3
35190162,0.4945,2
35194412,0.9475,2
35211701,0.728775,16
35212318,0.703025,4
35224039,0.6848125,8
35230171,0.9783,1
35243330,0.8132250000000001,4
35250095,0.44693333333333335,3
35253921,0.48052727272727275,11
35275084,0.35715714285714284,7
35308222,0.31784999999999997,2
35311169,0.6515454545454545,11
35325684,0.2757,3
35327297,0.935725,4
35329549,0.764,1
35343375,0.46740000000000004,5
35348447,0.9337,1
35349645,0.7788285714285715,7
35358926,0.926,1
35364012,0.2287,2
35379779,0.86485,2
35401517,0.7355111111111111,9
35403613,0.5374333333333333,3
35403769,0.23515000000000003,2
35404594,0.4311,2
35405022,0.95065,2
35419850,0.9029333333333334,3
35430970,0.8980666666666667,3
35430972,0.5923533333333334,15
35443792,0.4864,2
35450753,0.9381,1
35453338,0.6479,2
35455635,-0.9462,1
35456887,0.6216666666666667,3
35477386,0.488275,4
35480087,0.81282,5
35487052,0.9376000000000001,3
35505594,0.49695,2
35513104,0.5480333333333333,3
35526993,0.0,1
35529306,0.5092800000000001,5
35531221,0.952,3
35533191,-0.224525,4
35558691,0.8555,1
35561937,0.8803699999999999,10
35565086,0.8622,1
35565662,0.2023,1
35569725,0.0,1
35573848,0.9831,1
35597590,0.8885,1
35597948,0.9401,1
35601741,-0.9136,1
35602738,0.89415,2
35603330,0.3218,2
35604117,0.9689,1
35606845,0.77535,2
35632254,0.7419,1
35633750,0.9015,1
35638177,-0.9593,1
35643986,0.0,1
35648891,0.0,1
35648955,-0.14700000000000002,3
35659886,-0.128,1
35664230,0.08782499999999999,4
35664913,0.26975,2
35666575,0.9227,1
35670201,0.9487000000000001,2
35679182,0.9443333333333334,3
35684067,0.5574,1
35701557,0.49217142857142854,7
35703255,0.8167333333333334,6
35714817,0.6907666666666668,6
35724891,0.9032,1
35743849,0.9921,1
35750884,0.6532142857142856,7
35757859,0.7056,1
35760056,0.9657,1
35765741,0.2661,2
35766093,0.0,1
35766551,0.8441,1
35775624,0.8342,3
35780982,0.56475,4
35785898,0.9001,1
35797864,0.4934,2
35804342,0.5496,2
35821951,0.8703,2
35828205,0.008820000000000005,5
35830004,0.9557,1
35832531,0.657525,4
35841048,0.6932,14
35853611,0.13396666666666665,3
35854568,0.98245,2
35858262,0.4588,1
35858290,0.0,1
35859811,0.31297142857142857,7
35869483,0.5690933333333333,15
35872078,0.564825,4
35884704,0.7704333333333334,3
35906355,0.8746,1
35929052,0.97415,2
35934258,0.7425,1
35940107,0.86595,2
35953378,0.88735,2
35970746,0.9208,6
35971179,0.8399,1
35972402,0.8316,1
35980392,0.9780000000000001,3
36010469,0.83866,5
36016716,0.66405,2
36030525,0.0,1
36036536,0.7366,2
36048769,0.4045818181818182,22
36057607,0.31283333333333335,3
36057667,0.9695,1
36057940,0.4404,1
36059507,-0.125425,4
36061737,-0.14484999999999998,2
36067018,0.58161,10
36069213,0.51865,4
36070809,0.9229499999999999,2
36071115,0.9399,1
36096221,0.9161,1
36104556,0.99475,2
36115293,0.0,1
36137939,0.6858,13
36143235,0.604225,4
36159663,0.868,1
36168983,0.8704999999999999,3
36180258,0.39135,4
36184876,0.6490199999999999,5
36220653,0.84265,2
36253179,0.6739999999999999,8
36253520,0.9505,1
36267395,0.9686,1
36269912,0.5795333333333333,3
36271972,0.4019333333333333,6
36276431,0.9468,1
36289402,0.5460333333333334,3
36290351,-0.26335,2
36303298,0.5620333333333333,6
36304325,0.48345000000000005,2
36331445,0.0,1
36360312,0.812925,4
36363547,0.24252,5
36371745,0.8784333333333333,3
36376738,0.7263999999999999,2
36380825,0.50005,2
36392246,0.42000000000000004,4
36413724,0.5095,3
36435671,0.4404,1
36438223,0.6027181818181818,11
36451499,-0.1531,1
36451917,0.43064,5
36452000,0.468275,4
36452065,0.5069875,8
36501270,0.8846999999999999,5
36511631,0.7527,3
36512502,0.4926,1
36515310,0.5855105263157895,19
36517001,0.91195,2
36541728,0.48025,2
36542577,0.765,1
36543992,0.47825,2
36552072,0.0,1
36595776,0.96035,2
36596097,0.7287375,8
36623400,0.79705,2
36645460,0.9557,1
36652405,0.940475,4
36660023,0.8439,1
36684959,0.9836666666666667,3
36687082,0.7301500000000001,2
36703711,0.3494,2
36712882,0.34,1
36717567,0.6685,1
36720010,0.97585,2
36724519,0.72382,5
36726671,0.9068,1
36726723,0.27815,2
36748869,0.9538,1
36750776,0.6320250000000001,8
36752648,0.9743,1
36755303,0.7003,1
36764639,0.5385090909090909,11
36766569,0.796,1
36766777,0.6019,3
36767745,0.49575,2
36769754,0.43888333333333335,6
36778825,0.007199999999999984,3
36779935,0.9228000000000001,3
36815723,0.69465,4
36822733,-0.5574,1
36843305,0.9667,1
36861123,0.9204,1
36862239,0.48795,2
36878480,0.8643,1
36889874,0.9093,2
36908359,0.41400000000000003,4
36914727,0.5312749999999999,4
36925859,0.9233666666666668,3
36927883,0.9179999999999999,2
36929223,0.2677,1
36940077,0.4158,2
36961261,0.6369,1
36967371,0.9306,1
36967642,0.9298,1
36987288,0.14759999999999998,4
36991727,0.34,1
36992036,0.9689333333333333,3
36995606,0.7449600000000001,10
37007574,0.0,1
37013421,0.967625,4
37038771,0.35885,2
37038878,0.0,1
37039101,0.16955,2
37047304,0.5483111111111111,9
37048125,-0.7687,1
37048368,0.3294,2
37066167,0.9611,1
37079703,0.6688,1
37088335,0.8316,1
37090119,0.9898,1
37091289,0.8507333333333333,3
37092821,0.6468625,8
37107342,0.8593500000000001,2
37108546,0.0,2
37109818,0.9729,1
37114497,0.8908,1
37116726,0.9803,2
37116833,0.7928666666666667,3
37119493,0.24206666666666668,3
37122950,0.5397111111111111,9
37123007,0.5434,5
37139400,0.0,1
37143273,0.4588,1
37143747,0.2651,2
37143774,0.9527666666666667,3
37144449,0.9416,1
37145175,0.4404,1
37145713,0.9686,1
37146345,0.7966500000000001,2
37156362,0.39885000000000004,4
37171090,0.9238,4
37173666,0.8091076923076923,13
37181320,0.46685,2
37181477,0.7003,1
37182400,0.87925,2
37192801,0.6951,3
37199475,0.6662,4
37203447,0.9744,1
37205132,0.46,2
37206043,0.8718,1
37207248,0.6978357142857143,14
37209799,0.0,1
37235943,0.423,3
37236553,0.23473333333333332,3
37250770,0.48138888888888887,9
37251818,0.79625,2
37259890,0.9628,1
37275029,0.99245,2
37275182,0.0,1
37276339,0.9456,1
37288250,0.0,1
37289204,0.957325,4
37292867,0.3953,2
37293742,0.8778,3
37309249,0.6164333333333333,3
37309533,-0.6138,3
37319433,0.9772,1
37322776,0.9217,1
37324137,-0.03744999999999998,2
37326356,0.9193333333333333,3
37327139,0.7760166666666667,6
37348268,0.9212750000000001,4
37355375,0.9638,1
37360602,0.5781000000000001,2
37364762,0.8988,1
37373222,0.9378500000000001,2
37376773,0.9752,1
37378453,0.8316,1
37382359,0.79715,4
37382523,0.9825,1
37383315,0.977,1
37385778,0.5576,3
37386080,0.93405,2
37386109,0.70905,4
37386139,0.5074692307692308,13
37386908,0.0,1
37387469,0.8769,1
37388145,0.2739,6
37388346,0.836,4
37394727,0.749025,4
37396554,0.96665,2
37400072,0.4404,1
37418509,0.31675,2
37421626,0.7161,6
37422204,0.978,1
37422511,0.0,1
37441306,0.8911,1
37445958,0.5189,4
37449488,0.8159333333333333,3
37452718,0.6744214285714286,14
37455197,0.9924,1
37455841,0.8827333333333334,6
37456761,0.44883333333333336,12
37478126,0.48392857142857143,7
37481215,0.5934333333333334,3
37483488,0.28606666666666664,3
37494334,0.8907,2
37507630,0.56138,5
37510895,0.8478,1
37513717,0.9931,1
37516220,0.8979,1
37519042,-0.01924999999999999,2
37527137,-0.7139,1
37529837,0.79905,2
37545544,0.7959,1
37561671,0.1724,2
37625242,0.5859,1
37646176,0.85815,4
37647635,0.9457,1
37657909,0.41205,2
37682563,0.6249,1
37685972,0.7774000000000001,3
37698297,0.80635,2
37706588,0.81145,2
37708977,0.285725,4
37713844,0.9864,1
37716024,0.9287,1
37716126,0.9565,1
37728373,0.7867999999999999,2
37740933,0.9735,1
37742375,0.5466666666666666,9
37767883,0.7905,1
37768372,0.598925,4
37770030,0.5628,4
37772530,0.9681666666666667,3
37790656,0.8999999999999999,2
37793827,0.9697,2
37794288,0.6270375,8
37794468,0.0,1
37798267,0.839175,4
37816944,0.51915,4
37844994,0.6576000000000001,14
37859137,0.9664,1
37864812,0.49017499999999997,4
37868267,0.6336666666666667,3
37872180,0.893,1
37875748,0.563175,4
37880191,0.6249,1
37880197,0.944,1
37897928,0.8404400000000001,5
37910751,0.0,1
37911135,0.7474,1
37911710,0.33082,10
37912501,0.4761,13
37913548,0.91562,5
37923334,-0.3595,1
37926733,0.6484333333333333,3
37928090,0.6395,4
37939597,0.9729,1
37940741,0.9805,1
37950405,0.48305,2
37956814,0.4569142857142857,7
37957562,0.4440222222222222,9
37964030,0.8663333333333334,3
37975043,0.8329,2
37982622,0.6476,1
37997969,0.13033333333333333,3
38002063,0.296,1
38004895,0.012550000000000006,2
38009227,0.6344000000000001,4
38011617,0.954325,4
38016325,0.9730333333333333,3
38018776,0.0,1
38031533,0.9371,1
38033353,0.9259,1
38033521,-0.9136,1
38038192,-0.01843333333333334,3
38046198,0.923,1
38050573,0.6726,2
38055979,0.5196,5
38057640,0.7083,5
38063600,0.77939,10
38071219,0.7841,1
38072331,0.6115,1
38082107,0.1691,2
38098758,0.6281,3
38114314,0.40326000000000006,5
38114601,0.8316,1
38118626,0.9251,1
38120752,0.46668571428571426,7
38122243,0.7193285714285714,7
38141349,0.5988,2
38142057,0.35369999999999996,8
38142150,0.9432,3
38144608,0.3324,3
38152524,0.86645,4
38169527,0.5239,5
38171113,0.9549,1
38171234,0.9325,1
38172999,0.9108,2
38185314,0.5286333333333333,9
38189093,0.89448,10
38189655,0.0,1
38199388,0.0,1
38201136,0.5859,1
38210533,0.3182,1
38212604,0.9124888888888889,9
38216416,0.47539999999999993,4
38216591,0.7974875,8
38225934,0.87098,5
38226406,0.47616,5
38231256,0.9912,1
38233220,0.966,1
38235990,0.30328333333333335,6
38245775,0.13474999999999998,2
38247203,0.6028333333333333,6
38257329,0.9409333333333333,3
38260808,0.9776,1
38275375,0.985,1
38286425,0.9604,1
38293593,0.9288666666666666,3
38303080,0.70935,2
38306981,0.45587999999999995,5
38309777,0.889,2
38313270,0.65656,5
38320911,0.5851000000000001,3
38325183,0.49695555555555554,9
38343795,0.9142,3
38344328,-0.228,1
38369720,0.57754,5
38372472,0.54318,5
38385109,0.979,1
38404593,0.0,1
38404977,0.7351,1
38405449,0.6997,1
38405573,0.65295,4
38405786,0.0,1
38418308,0.6645666666666666,3
38425431,0.9804,1
38447763,0.6088333333333333,3
38457498,0.7399,2
38459627,0.7131,1
38477371,0.0,1
38478328,0.9846666666666666,3
38481252,0.8403999999999999,3
38483324,0.9115500000000001,4
38490286,0.9628,1
38499081,-0.27395,2
38503545,0.12529999999999997,2
38504284,0.7442666666666667,3
38513083,0.0,1
38514700,0.9551,1
38515284,0.8247,1
38518590,0.7906,1
38532579,0.9366,1
38533798,0.76055,4
38534772,0.68875,2
38535683,-0.128,1
38549741,0.8398,1
38570911,0.49176666666666663,3
38572265,0.9642,1
38573824,0.7754,2
38576960,0.64056,10
38603674,0.88,4
38609384,0.4767,1
38613552,0.9741,1
38617182,0.5106,1
38620418,-0.056037500000000004,8
38629442,0.17759999999999998,2
38631852,0.9311,2
38635472,0.936,1
38639282,0.8921833333333334,12
38639404,0.6235,2
38653222,0.8502,1
38693553,0.3747,3
38699949,0.9741,1
38701416,0.92995,2
38701594,0.8224999999999999,3
38707797,0.9656,1
38718238,0.9216,1
38718256,0.34556666666666663,3
38727202,0.4495,2
38748396,0.9565,2
38763987,0.27061999999999997,5
38773849,0.765,1
38774657,0.9608,1
38778891,0.4177166666666667,12
38779703,0.8856,1
38789986,0.42946666666666666,3
38793639,0.91,1
38796510,0.9513,1
38797255,0.9815,1
38799226,0.891,1
38805707,0.931275,4
38818028,0.07745000000000002,2
38827185,0.9882,1
38831578,0.7006833333333334,6
38843060,-0.2377,2
38845362,0.9925,1
38863651,0.862,1
38865719,0.0,1
38876344,0.3346857142857143,7
38886474,0.6265833333333334,6
38886939,0.9788,1
38897957,0.7166272727272728,11
38900237,0.57168,5
38904256,0.5294,3
38915878,0.32985,2
38919342,0.9169,1
38920743,0.90402,5
38920959,0.46495,2
38948195,0.8671666666666668,3
38949685,0.0413,4
38971109,0.48436666666666667,3
38973150,0.9215,2
38973895,0.9551,1
38977380,0.35905000000000004,6
38999399,0.7708583333333333,12
39014543,0.8957,1
39014897,0.9528,1
39024438,-0.296,1
39025542,0.9181,1
39038524,0.9946,1
39040941,0.49934285714285714,7
39044733,0.24845,2
39047358,0.4404,1
39048257,0.9711,1
39056332,0.0,1
39073763,0.4363,2
39074015,0.7844500000000001,2
39074206,0.20215000000000002,2
39075273,0.5994,1
39094074,0.9744,1
39097124,0.734476923076923,13
39102396,0.5266,9
39119537,0.8908,1
39120573,0.0,1
39122560,0.4134666666666667,3
39129511,0.9524,1
39134186,0.9748,1
39134405,0.9417,2
39135710,0.9221,4
39142942,0.78616,5
39146024,0.5332333333333333,6
39147353,0.2905,1
39155603,0.765,1
39160373,0.19492,5
39163348,0.25723333333333337,3
39188279,0.5340125,8
39188996,0.73685,2
39192650,0.8583,1
39200969,0.4438545454545455,11
39203195,0.5559333333333333,6
39212647,0.72642,10
39215262,0.9417,1
39225367,0.8744,1
39225442,0.8052666666666667,9
39235499,0.4014333333333333,3
39239714,0.77155,8
39240383,0.9489,1
39240948,0.9855,1
39243315,0.82323,10
39262042,-0.32695,2
39272857,0.0,1
39286042,0.6945749999999999,8
39293761,0.7178,1
39321294,0.9033,1
39335095,0.6537333333333334,6
39336437,0.0,2
39339925,-0.11246666666666667,6
39354543,0.0,1
39361974,0.7127333333333333,12
39363294,0.4404,1
39378210,0.8036333333333333,3
39379232,0.3182,1
39391093,0.8979,1
39396216,0.13605,8
39404040,0.706825,4
39404579,0.61105,6
39417289,0.8308142857142856,7
39431227,0.967,1
39433334,0.823,6
39441087,0.6251000000000001,3
39455708,0.0,1
39456527,0.0,1
39459330,0.902,1
39464075,0.2846666666666667,3
39483005,0.1993,3
39485423,0.5580888888888889,9
39492507,0.48050000000000004,4
39501648,0.9348000000000001,2
39506339,0.6908,1
39521888,0.7056,1
39525119,0.9744,1
39526600,0.49193999999999993,5
39527643,0.9493,1
39531187,0.2978733333333333,15
39540887,0.48965000000000003,4
39543861,0.5194117647058824,17
39561510,0.37356666666666666,12
39571575,0.44696153846153847,13
39574450,0.8639333333333333,3
39576426,0.6249,1
39582001,0.5578666666666666,3
39600827,0.40776666666666667,9
39601616,0.2868076923076923,13
39604175,0.9782,1
39605220,0.358875,12
39619532,0.9826,1
39622009,0.27113333333333334,9
39622457,0.9869,1
39642575,0.9899,1
39645846,0.9815,1
39661498,0.8975666666666666,3
39669696,0.11929444444444444,18
39672948,0.40034285714285717,7
39682697,0.605,5
39684311,0.41788,20
39689483,0.89985,2
39690053,0.6438666666666667,3
39694145,0.7927,3
39694701,0.3532166666666667,6
39723739,0.9878,1
39728566,0.9723,1
39738957,0.9772,1
39741384,-0.04089999999999999,5
39742670,0.490675,12
39744887,0.6315500000000001,2
39746515,0.6283000000000001,2
39765502,0.0,1
39767843,0.4404,1
39777505,0.46565,2
39778814,0.9417,1
39786682,0.7258,1
39788228,0.0,1
39789353,0.66555,10
39794432,0.0,1
39798187,0.9186,1
39829004,0.32837777777777777,9
39835703,0.3809888888888889,18
39840691,0.6338,7
39855040,0.9081,1
39858424,0.7826666666666666,3
39858735,0.6249,1
39859158,0.40961428571428576,14
39859449,0.63375,2
39859724,0.03552857142857143,7
39867538,-0.69,1
39880406,0.6612583333333334,12
39885040,0.4323166666666667,6
39895450,0.6178142857142858,14
39895551,0.9297,4
39906867,0.9607,1
39916087,-0.079,1
39917443,0.35846,5
39935085,0.44415,2
39936026,0.5447000000000001,3
39937529,0.8902,1
39958966,0.8810333333333333,3
39960093,0.08320999999999999,10
39960289,0.6634,2
39961804,0.9807,1
39968652,0.9575,1
39970895,0.9597333333333333,3
39973380,0.9325,1
39981702,-0.6423,3
39996006,0.563,4
40001099,0.9576,1
40002893,0.863325,4
40003267,0.9231,1
40010291,0.69965,2
40011440,0.9509,1
40021727,0.9024,2
40024663,0.8779,1
40027768,0.9744,1
40027957,0.79455,2
40031018,0.9864,1
40033584,0.53646,5
40034443,0.7967,2
40036566,0.92945,2
40057502,0.9935,1
40057737,-0.9136,1
40059356,0.945,1
40061126,0.9084,3
40063037,0.41105,4
40069015,0.9194,1
40077420,-0.9766,1
40077566,0.9139571428571429,7
40077729,0.872,1
40084435,0.7632714285714286,7
40116330,0.9087,1
40125470,0.8199,1
40127470,0.0,1
40131586,0.0,1
40131861,0.42656,5
40155445,0.9063749999999999,4
40177876,0.0,2
40179642,0.48835,2
40179773,0.883,1
40191859,0.7845,1
40193631,0.7504625,8
40195772,0.90465,2
40197310,0.9651,1
40200751,0.7701,1
40203245,0.5689615384615384,13
40203642,0.5563,1
40227810,0.9956,1
40230027,0.9698,1
40231126,0.9747,1
40235788,0.82675,2
40247639,0.8793,1
40257057,0.8146,1
40258748,0.2447,6
40262131,0.6760666666666667,3
40269563,0.9692,1
40274219,0.6739999999999999,2
40282342,0.9162666666666667,3
40296202,0.859225,8
40299896,0.9589,1
40303391,0.37895,2
40309424,0.9642,1
40326601,0.8999,1
40335391,0.0,1
40340679,0.5917785714285715,14
40343495,0.89994,5
40347260,0.9085000000000001,3
40348629,0.8519,1
40349429,0.6946166666666667,6
40349756,0.75,1
40360847,0.9346333333333333,3
40364757,0.6570133333333333,15
40366416,0.95095,4
40370251,0.8883571428571428,7
40370642,0.8469000000000001,3
40378473,0.31354,10
40385612,0.3060333333333333,6
40387098,0.8021,2
40417467,0.8422,1
40421466,0.0,1
40437234,0.49055,2
40437489,-0.29533333333333334,3
40440908,0.6275333333333334,3
40449515,0.3248875,8
40457528,0.0,1
40458447,0.7624,2
40459545,0.7185333333333334,3
40461532,0.7805,1
40471358,0.72375,2
40481844,0.0,1
40485550,0.9901,1
40489516,0.9875,1
40496701,0.71364,5
40497971,0.86015,6
40502340,0.5017,3
40524729,0.928,1
40538478,0.9839,1
40547861,-0.4215,1
40548543,0.5347500000000001,2
40549989,0.9016,1
40556732,0.3291,1
40557190,0.6404000000000001,9
40563012,0.816,1
40565269,-0.21725000000000003,2
40579306,0.613225,4
40583434,0.87948,5
40608370,-0.9915,1
40610184,0.8795,1
40613150,0.8888666666666666,3
40630542,-0.2915,1
40646801,0.6218199999999999,5
40647876,0.8144333333333332,3
40654931,0.7511333333333333,3
40664935,0.8176,1
40666121,0.9619,2
40668443,0.25065714285714286,7
40675787,0.7681,15
40677807,0.96065,2
40678316,0.9420999999999999,3
40695087,0.89116,5
40697645,0.43002222222222225,9
40699608,0.936625,4
40714790,0.7685166666666667,6
40722779,0.07449999999999998,5
40743773,0.7164,3
40743933,0.6510142857142858,7
40745956,0.7783,1
40749256,0.0,1
40773647,0.9735,1
40775891,0.6297333333333334,6
40796952,0.43278333333333335,6
40797001,0.784,1
40810942,-0.3045333333333333,3
40811843,0.9698,1
40825044,0.3612,1
40828873,0.47725,2
40831901,0.486175,4
40832679,0.9769,1
40836049,0.6775375,8
40840759,0.27153333333333335,6
40856017,0.9748,1
40857584,0.8663666666666666,3
40866433,0.56456,5
40877012,0.7930333333333334,6
40884756,0.131675,4
40884991,0.9622,1
40888965,0.8096,4
40890850,0.6463625,8
40903265,0.9056000000000001,3
40907447,-0.1013,2
40935563,0.2987,2
40945460,0.94475,2
40946281,0.9441666666666667,3
40960723,-0.015100000000000002,4
40966547,0.9286000000000001,2
40967655,-0.4019,1
40986166,0.9598,2
41017088,0.8419428571428572,7
41062794,0.7506,1
41080838,0.9259,2
41099953,0.91875,4
41101621,0.22618,5
41103098,0.24101666666666668,6
41117346,0.66318,5
41119542,0.9045,1
41130062,0.5681833333333334,6
41151221,0.8020571428571428,7
41152849,0.48482499999999995,4
41166609,0.9669,1
41167592,0.34486666666666665,9
41173963,0.7783,1
41203376,0.9905,1
41207529,0.9619,1
41230013,-0.8439,1
41254679,0.14989999999999998,2
41265155,0.4829,2
41268700,0.0,1
41281930,0.75866,5
41285074,0.6542928571428571,14
41292174,0.78235,4
41311549,0.955,1
41317424,0.8319666666666666,3
41331171,0.9276,1
41335563,0.0,1
41340467,0.94625,2
41347455,0.3276,4
41361201,0.9516,2
41361348,0.3182,1
41376132,0.8165714285714286,7
41378232,0.9521000000000001,3
41378469,0.709,6
41393694,0.5035937500000001,16
41394554,0.905,1
41405613,0.5225666666666666,3
41426503,0.6579,1
41430918,0.7003272727272727,11
41446902,0.915,1
41452775,0.7841,1
41456912,0.923,2
41465983,0.3715,2
41471574,0.47208000000000006,5
41478088,0.7579,1
41491018,0.5246666666666667,3
41516758,0.5271666666666667,3
41517333,0.50746,10
41517686,0.9079666666666667,3
41518297,0.8398,4
41518525,0.6921833333333334,6
41519219,0.60169,10
41521414,0.25348,5
41528035,0.7213,5
41540223,0.51344,5
41553027,0.96792,5
41553586,0.9167,3
41559554,0.32985,4
41565736,0.8200625,8
41579363,0.9877,1
41591695,0.7906,1
41593199,0.56032,10
41630445,0.7707444444444445,9
41636425,0.9464,2
41656442,0.7716888888888889,18
41656734,0.8832,2
41662663,0.2694125,8
41662925,0.9347333333333333,3
41673705,0.8428555555555556,9
41684234,0.4139,4
41687548,0.9453,1
41698973,0.43552857142857143,7
41701418,0.9652499999999999,2
41703130,0.5835333333333333,3
41703462,0.41679999999999995,17
41706088,0.89082,5
41707447,0.9861,1
41710854,0.977,1
41718932,0.9501,1
41719098,0.9371,1
41729548,0.9182,1
41746649,0.8733,3
41758994,0.94445,2
41760018,0.0,1
41782706,0.7039,2
41797620,0.8713,2
41798284,0.8074,1
41801829,0.0,1
41809935,0.8268,1
41811149,0.409875,4
41812427,-0.34,1
41812937,0.9371,1
41828691,0.2738933333333333,15
41830049,0.8999,1
41847049,0.9325000000000001,2
41847915,0.9652,1
41849947,0.8736999999999999,2
41868623,0.6028,8
41879094,0.765,1
41885099,0.9559666666666667,3
41897511,0.9581999999999999,2
41902693,0.28163,10
41911605,0.9099,1
41917030,0.61137,10
41925144,-0.9136,1
41930479,0.47785,2
41938218,0.3811666666666667,15
41938692,0.42098,10
41948357,0.86005,2
41950943,0.3716,1
41953353,0.0,1
41954577,0.943,1
41954625,0.2525,2
41994399,-0.008499999999999988,3
42001281,0.81165,2
42033213,0.8626666666666667,3
42033974,0.83405,2
42055979,0.5700999999999999,9
42059093,0.8725499999999999,2
42062414,0.9798,1
42065474,0.9392,1
42066323,0.7983,2
42081759,0.848225,4
42081780,0.3294,2
42081840,0.8271,2
42084669,0.8622,3
42093087,0.1961,2
42105646,0.85295,2
42112689,0.4648,1
42112892,0.7210000000000001,3
42119451,0.47734444444444446,9
42134540,0.886025,4
42142133,0.9638,1
42145626,0.9777,1
42145725,0.8111200000000001,5
42148114,0.5571333333333334,3
42148675,0.9778,1
42152645,0.413625,4
42167624,-0.5574,1
42171731,0.5035625,8
42172164,0.9651,1
42178374,0.31245,2
42203451,0.8704000000000001,2
42217006,0.886,1
42238385,0.7964272727272728,11
42246214,0.14534999999999998,2
42247700,0.9244666666666667,3
42248601,0.9549,1
42254480,0.925525,4
42260903,-0.11293333333333333,3
42262285,0.568475,4
42262485,0.3243,2
42263932,0.0,1
42266042,-0.9661,1
42271732,0.9546,2
42276945,0.9643,1
42277616,0.5322333333333333,3
42291459,0.596375,4
42291706,0.5175707317073172,41
42292112,0.46505,2
42292305,0.86495,4
42294734,0.9537,1
42316039,0.9761,1
42319658,0.9774,1
42320490,0.0,1
42321461,0.33390000000000003,3
42328579,0.7318857142857143,14
42329004,0.70031,10
42330393,0.77034,5
42332251,0.6908,1
42345843,0.9585666666666667,3
42346326,0.8930000000000001,3
42379678,0.5137,6
42381756,0.42195,2
42381814,0.7387333333333334,3
42393837,0.15308,5
42404009,0.7824,4
42419808,0.8026142857142856,7
42419990,0.0,3
42420106,0.8856,1
42424270,0.38555,8
42426978,0.8341,1
42427489,0.7527333333333334,3
42435148,0.4927,1
42439360,0.5236,3
42465534,0.37652,5
42471533,0.4088,2
42484770,0.4754,1
42490263,0.8822,1
42502748,0.7052090909090909,11
42502908,0.5462846153846154,13
42504097,0.9348,1
42506462,0.4275,2
42508198,0.8734500000000001,4
42510051,0.5154285714285715,7
42524070,0.74435,2
42527106,0.92865,2
42527437,0.7077166666666667,6
42536708,0.37654,5
42550648,0.9708,1
42555072,0.5294714285714285,7
42571207,0.32735,2
42573777,0.9212333333333333,3
42580760,0.98095,2
42587337,0.32653999999999994,5
42587569,0.7015,5
42588441,0.5962,1
42588669,0.9259,1
42588872,0.9689,1
42595369,0.8316,1
42598158,0.0,1
42602409,0.9896,1
42604878,0.908,1
42606577,0.5041666666666668,3
42621123,0.84575,2
42623683,0.6123181818181819,11
42625555,0.7553,1
42631372,0.6933,2
42633171,0.8692500000000001,2
42643490,0.9773,1
42643637,0.9339999999999999,2
42662104,0.42861000000000005,10
42663359,0.19155714285714284,7
42663424,0.425125,4
42672275,0.3735833333333334,6
42673000,0.9708,1
42679622,0.9589,1
42700460,0.49085,2
42703419,0.9799,2
42704484,0.9340999999999999,3
42706001,0.8333666666666666,3
42708163,0.9879,2
42708994,0.9470000000000001,3
42712073,0.9133,1
42715100,0.891,1
42726612,0.8643,1
42728387,0.8689,1
42732179,0.9906,1
42736736,0.66055,2
42740514,0.7464333333333334,6
42753421,0.7678,1
42754118,0.6154999999999999,2
42758627,0.7101714285714286,7
42766953,0.8775,1
42767142,0.4278666666666666,3
42767794,0.0,1
42771063,0.9147000000000001,2
42773562,0.8733799999999999,15
42792396,0.9891,1
42792989,0.46975,2
42799472,-0.3182,1
42803338,0.5838666666666666,3
42803619,0.7491000000000001,2
42804472,0.9804,1
42804913,0.932375,4
42806015,0.5774125,8
42833921,0.7106399999999999,5
42836135,0.6588,1
42840496,0.425425,4
42855167,0.49365,2
42863748,0.31273333333333336,3
42870798,0.0,1
42871997,0.8902,3
42886900,0.96035,2
42893317,0.0,1
42902266,-0.036849999999999994,2
42910514,0.9863,1
42920187,0.73205,2
42921636,0.9149,1
42926276,0.9577666666666667,3
42951227,0.9517,1
42969992,0.76475,4
42975364,0.0,1
42979082,0.8804,3
42979440,0.9952,1
42979496,0.26266666666666666,15
42993387,0.0,1
42994417,0.9972,1
42995279,0.6553666666666667,3
43006516,0.2997,2
43006795,-0.128,1
43006882,0.784,1
43007788,0.167625,4
43008545,0.0,1
43010803,0.94085,2
43011861,0.16896666666666668,3
43017179,0.9614,1
43018409,0.9162,1
43019322,0.836,1
43066101,0.9306,1
43077298,0.59465625,16
43086554,0.4723333333333333,3
43090169,0.9501999999999999,2
43109309,0.909775,4
43120947,0.6898071428571428,14
43121446,0.83291,10
43121464,0.9656,1
43184927,0.49099999999999994,3
43184958,0.6382714285714286,14
43267855,0.949175,4
43331648,0.9307,1
43339571,0.5856,3
43341384,0.54784375,16
43348457,-0.8582,1
43349332,0.967,1
43355643,0.872,1
43370682,0.43095,2
43378787,-0.17635,2
43388904,0.3158666666666667,3
43388929,0.5925166666666667,6
43407985,0.7588,5
43409282,0.6342357142857143,14
43420123,0.882,1
43429982,0.9000681818181818,22
43430336,0.9549666666666666,3
43431249,0.5994,1
43439421,0.963925,4
43439608,0.6684642857142856,14
43459577,0.9308,1
43472551,0.80725,2
43472600,0.87424,5
43475902,0.6908,1
43477060,0.8141333333333334,3
43483991,0.6913571428571429,7
43502985,0.061475,8
43503760,0.9411,2
43504953,0.8545,1
43556558,0.8102,6
43593029,0.9243,1
43607740,0.74136,5
43624501,0.777625,4
43661105,0.8695,1
43674645,0.8402,1
43688631,-0.2997,2
43702785,0.5836666666666667,3
43708610,0.7282500000000001,2
43709205,0.6932,4
43709557,0.8973666666666666,3
43732654,0.9630000000000001,2
43735314,0.94708,5
43736332,0.945,1
43738876,0.8689,1
43739441,0.7781666666666668,3
43767761,0.90315,2
43787650,0.2031,2
43821122,0.784,1
43855477,0.8904,1
43858033,0.20095,2
43870725,0.962,2
43888185,0.9178000000000001,3
43905632,0.8481,1
43914707,0.45255,2
43914717,0.3812,4
43914720,-0.18103333333333335,3
43925584,0.49828461538461544,13
43929267,0.5994,1
43935908,0.71845,2
43975548,0.8748,2
43977461,0.8883,1
43980206,0.3982,2
43985549,0.68174,5
43998180,0.895,2
44006594,0.9823,1
44008080,0.8910777777777779,9
44010129,0.77612,5
44019130,0.8856333333333334,3
44026641,0.8059857142857142,7
44039080,0.8143571428571429,7
44060332,0.4019,1
44066652,0.5603,3
44069529,-0.7243,1
44083081,-0.8212,1
44083213,0.11810000000000002,3
44083784,0.59816,10
44084520,0.7976333333333333,3
44093316,0.9819,1
44097575,0.23653333333333335,3
44097869,0.9694,1
44120334,0.9768,1
44129432,0.4019,1
44129562,0.9273666666666666,3
44142184,0.9898,1
44145717,0.9899,1
44147995,0.8588,1
44151478,0.9414666666666666,3
44160592,0.10138571428571429,7
44162944,0.518896875,32
44164191,0.9701,1
44164206,0.35469999999999996,5
44164867,0.42028,5
44164918,0.5477666666666666,3
44164945,0.9250499999999999,2
44164994,0.4557833333333334,6
44192192,0.8405499999999999,2
44203195,0.24345,4
44204525,0.4020666666666667,9
44204538,0.6468499999999999,2
44222706,0.5972,1
44225717,0.9184,1
44231538,0.9722,2
44245004,0.98,1
44250103,0.6249,1
44260329,0.34354,10
44266789,0.71968,10
44271436,0.9326000000000001,2
44271576,0.9057666666666666,3
44299561,0.8268,1
44304745,0.8811333333333334,3
44305857,0.347175,4
44309277,0.7717,1
44313892,0.21005,4
44317580,0.985,1
44322579,0.9848,1
44334095,0.6419750000000001,4
44335205,0.18185714285714286,7
44335380,0.24224285714285715,7
44336298,0.126,1
44351370,0.79555,2
44389895,0.0,1
44405721,0.9341,1
44417225,-0.12080000000000002,4
44428435,0.2023,1
44429897,0.07490000000000001,3
44443289,0.5658538461538462,13
44443438,0.3738333333333333,3
44443627,0.6299952380952382,21
44443638,0.73612,5
44444274,0.68509,10
44455750,0.09310000000000002,2
44460051,0.9606,1
44461671,-0.8316,1
44469620,0.43074999999999997,8
44470079,0.3776,2
44479577,0.92465,2
44481652,0.93155,2
44485866,0.5540461538461539,13
44499217,0.9389333333333333,3
44536792,0.8200333333333333,3
44548265,0.9481,1
44548646,0.9304,3
44551389,0.24898000000000003,10
44553316,0.35840000000000005,2
44556328,0.6603,6
44556921,0.9457,1
44568604,0.9283,1
44573841,0.9336,1
44575853,0.899,1
44583180,0.9696,2
44587631,0.8277000000000001,2
44622078,0.7944249999999999,8
44631744,0.39227272727272733,11
44632777,0.8605727272727273,11
44644658,0.9776,2
44647604,0.9818,1
44652702,0.9808,1
44653297,0.9532,2
44655644,0.3295,3
44697892,-0.351,2
44732052,0.42345000000000005,38
44732757,0.0641,3
44734906,-0.47050000000000003,2
44735899,0.31245,2
44742446,0.94078,5
44847528,0.975,1
44897211,0.1158,3
44899049,0.448125,4
44929682,0.47505,2
44930398,0.4404,1
44949438,0.8402,1
44961424,0.9675,4
44988370,0.4422,5
44993963,0.7389333333333333,3
44995057,0.9582,1
44999154,0.97805,2
45006692,0.4020840909090909,44
45006831,-0.007840000000000003,5
45008741,0.9903,1
45067742,0.72555,2
45077628,0.5464545454545454,11
45083663,0.9718,1
45092662,0.9905,1
45093939,-0.2997,2
45094305,0.9403,1
45096573,0.732075,4
45100596,0.9297,1
45101329,0.019199999999999995,2
45103739,0.7522000000000001,3
45132735,0.90036,5
45146802,0.8553,1
45159397,0.91905,4
45163225,0.9658,1
45169499,0.937,1
45171794,0.765,1
45183481,0.7136,2
45183608,0.8066,1
45188809,0.699325,4
45197064,0.8524,4
45197258,0.33875,8
45203784,-0.2003,1
45218238,0.8317666666666667,3
45248530,0.35602500000000004,4
45265865,0.5540166666666667,6
45268680,0.7683333333333334,3
45268913,0.8176000000000001,2
45275108,0.8878,1
45282568,0.4991999999999999,3
45282606,0.5512428571428571,14
45284336,0.5285714285714286,7
45293979,0.905775,4
45313881,0.7693,2
45321923,0.7318571428571429,7
45323512,0.0,1
45331771,0.30755,4
45339680,0.5786142857142857,7
45341674,0.9729,1
45343537,0.8035,2
45347102,0.91795,2
45348504,0.9104333333333333,3
45358883,-0.6808,1
45360172,0.9707,1
45360498,0.82434,5
45362040,0.58638,5
45379692,0.2997,2
45400566,0.9769,1
45409701,0.9879,1
45419590,0.4008,2
45423338,0.4008,2
45428391,0.42927499999999996,4
45430257,0.387525,8
45432591,0.86815,2
45436885,0.9722,1
45447633,0.9169,1
45464518,0.4819,2
45491420,0.8588,1
45494674,0.9794,1
45497979,0.6109666666666667,27
45499566,0.0,1
45500084,0.8481,1
45512567,0.9531,1
45512756,0.9918,1
45522717,0.9755,1
45523768,0.9549333333333333,3
45531121,0.9148000000000001,2
45531255,0.8976999999999999,2
45531609,0.31428888888888884,9
45537077,0.7862,2
45538488,0.9565,1
45540069,0.8966,1
45543786,0.553825,4
45551320,0.9647,1
45558997,0.46495,2
45559925,0.8993,2
45561125,0.29715,4
45573031,-0.5346,1
45579982,0.88735,2
45586635,0.8622166666666667,6
45586803,0.8885,1
45588879,0.9678,1
45626659,0.6808,1
45627062,0.262025,8
45663455,0.9789,1
45680558,0.802,1
45682676,0.113225,8
45683141,0.36345,2
45683500,0.8979,1
45683655,0.19063333333333332,3
45684172,0.97525,2
45687371,0.9718,2
45694764,-0.9358,1
45694877,0.53215,2
45697827,0.64595,2
45698030,0.9464,1
45698121,0.0,1
45706701,0.45712,10
45706706,0.9274,1
45732882,-0.7783,1
45738284,0.43496666666666667,3
45746537,0.7217,2
45747081,0.5354111111111111,9
45748926,0.0,1
45749367,0.6227846153846154,13
45759711,-0.3541,1
45761284,-0.7101,1
45769571,0.5918375,16
45777467,0.9778,1
45778028,0.484125,4
45781043,0.9833,1
45782830,0.7323833333333334,6
45783629,0.8316,1
45788215,0.9237000000000001,7
45807912,0.8746,1
45809130,0.2618666666666667,3
45823252,0.62678,15
45823603,0.9169,1
45855278,0.36345,2
45857018,0.6701,1
45887796,0.9735,1
45888021,0.3788363636363636,11
45895036,0.2716,1
45895472,0.9842,1
45897251,0.97625,2
45908356,0.9442,1
45908653,0.5994,1
45908761,0.5468818181818181,11
45933316,0.78685,2
45939788,0.90905,2
45940574,0.0,1
45946302,0.7526571428571429,7
45947782,0.6964,3
45950409,0.69545,2
45951243,0.8356,1
45951540,0.46180000000000004,5
45952790,0.9571,1
45955806,-0.4951,1
45964174,0.12334285714285716,7
45971522,0.3738666666666666,6
45987014,0.6163666666666666,6
45998915,0.9778,1
46001114,0.8437,1
46005527,0.9153,1
46015386,0.743,1
46031983,0.45548333333333335,18
46046655,0.09985,2
46049321,0.7429,2
46058857,0.8268,1
46062331,0.9541666666666666,3
46064615,0.9332444444444445,9
46076749,0.9272,1
46077784,0.0,1
46079245,0.7284200000000001,5
46081754,0.93208,5
46088308,0.6677571428571428,7
46094483,0.41905,2
46098221,0.9817,1
46103645,0.10515000000000002,2
46116097,0.591275,4
46116952,0.37901666666666667,18
46119306,0.9668,1
46129954,0.8013,2
46137157,0.6517,14
46137735,0.8392,1
46141133,0.9324,1
46167657,0.5413,1
46190030,0.69492,5
46193071,0.8316,1
46193446,0.8702769230769231,13
46198710,0.1442,3
46233904,0.6473317073170732,41
46238171,0.9460666666666667,3
46270711,0.3377,8
46271205,0.6268666666666666,6
46272016,0.674275,8
46308222,0.61215,2
46337214,0.9339500000000001,2
46342934,0.4215,1
46346435,0.8691,2
46347746,0.7721428571428571,7
46348981,0.9823,1
46349751,0.3528545454545455,11
46353765,0.84565,2
46365829,0.5106,1
46365952,0.9808,1
46388607,0.7316,1
46391440,0.529475,4
46392803,0.9539,1
46404527,0.8593999999999999,3
46434057,0.8588,1
46443844,0.47255,6
46457167,0.9077,1
46479388,-0.47255,2
46504482,0.7704333333333334,6
46505060,0.82575,2
46513214,0.714,1
46518925,0.0,1
46542159,0.9522,1
46543167,-0.007849999999999968,2
46549857,0.6484333333333333,3
46554913,0.8805,1
46554925,0.7145,2
46579012,0.47545,2
46591515,0.9253750000000001,4
46597285,0.0,1
46605892,0.8979,1
46615492,0.89358,5
46633570,0.88615,2
46633705,0.5438500000000001,4
46633707,0.2577,3
46633714,0.18988333333333332,6
46633715,0.6662333333333333,6
46633718,0.5810583333333333,12
46633721,0.3411,9
46633724,0.44301428571428575,7
46633727,0.940025,4
46641486,0.5574,1
46647327,0.9651,1
46651722,0.5719,1
46653796,0.9803,2
46654180,0.8718,1
46661530,0.9895,1
46670940,0.6249,1
46677052,0.60775,12
46685155,-0.4359,1
46689100,0.36041333333333336,15
46689290,0.5165,10
46694812,0.9209499999999999,2
46702675,0.7574,1
46703879,0.59385,2
46704251,-0.2023,1
46704365,0.36505,2
46705256,0.8015875,8
46721565,-0.5994,1
46723255,0.4215,1
46723330,0.5152,1
46724030,0.793625,4
46727173,0.49256666666666665,3
46747611,0.7494,1
46756919,0.9322,1
46762725,0.0,1
46770193,0.58865,2
46770779,0.8481,1
46774330,0.8478,1
46783186,0.9255500000000001,2
46810552,0.8302,3
46825445,0.445,10
46847855,0.0,1
46851268,0.8847083333333333,12
46870458,0.8955,1
46871194,0.8934,1
46873553,0.29295,2
46887593,0.8260692307692307,13
46887917,0.41909,10
46888827,0.8694500000000001,6
46894090,0.9132,2
46896571,0.82645,2
46917427,0.0,2
46921646,0.8943666666666666,3
46930949,0.8278666666666666,6
46933884,0.5247666666666667,3
46937686,0.0,1
46946778,0.9460666666666667,3
47019989,0.5450999999999999,5
47066182,0.65898,5
47084702,0.49096,5
47088665,0.8979,1
47094676,0.9593,2
47104355,0.72492,5
47110517,0.9791,1
47112001,0.5508545454545455,11
47140892,0.6249,1
47172791,0.5427166666666666,6
47173928,0.72275,4
47177749,0.6182181818181818,11
47186101,0.6486,1
47238876,0.9093,2
47262258,0.78002,5
47305033,0.9938,1
47311407,0.9071000000000001,3
47337069,0.9946,1
47347480,0.5354,2
47351190,0.9645,1
47391260,0.3026,10
47408549,0.5351965517241379,29
47411547,0.758,1
47416849,0.604475,4
47417895,0.8381,1
47437030,0.9665,1
47438532,0.9543714285714285,7
47458157,0.7184,1
47462013,0.9022,3
47496091,0.9669,1
47542808,0.3702142857142857,14
47556582,0.8662000000000001,2
47560588,0.3612222222222222,9
47561143,0.0,1
47592324,0.8599,2
47713735,0.9202,1
47714124,0.9401333333333334,3
47730218,0.8119999999999999,3
47733166,0.8882,2
47741953,0.0,1
47743176,0.39607499999999995,4
47743853,0.562,2
47753106,0.9274,1
47757165,0.9047,1
47758525,0.8779,1
47758745,0.3869833333333333,6
47780594,0.8481,1
47791422,0.5559499999999999,4
47793679,0.66945,4
47821753,0.8658,1
47828503,0.64845,8
47833657,0.7538,9
47846291,0.5727642857142856,14
47846305,0.6158250000000001,4
47846314,0.7993666666666667,6
47925888,0.0,1
47947983,0.38378999999999996,10
47948833,0.9085333333333333,3
47955838,0.98,1
47973681,0.56920625,16
47973951,0.935,4
47976775,0.4006,8
47980417,0.9364000000000001,5
47989266,0.4404,1
47990252,0.8413,6
47990399,0.4651142857142857,7
47993786,0.5719,1
47998642,0.7031999999999999,7
48024053,0.8969,1
48030987,0.9162333333333333,3
48080734,0.4404,1
48107509,0.8645,2
48141090,0.8060333333333333,3
48142963,0.0754,1
48144152,0.8047,1
48173862,0.9621,1
48175497,0.66515,4
48177817,0.3121,6
48205907,0.0,1
48226372,0.4773666666666667,3
48265544,0.7624,8
48301197,0.8598875,8
48308585,0.58835,2
48322421,0.57575,2
48323690,0.22463333333333332,6
48326526,0.9639,1
48327852,0.7256083333333333,12
48344885,0.7887444444444445,9
48376984,0.80835,2
48378329,0.4404,1
48379356,0.9658333333333333,3
48388245,0.9748,1
48390471,0.8221,1
48412725,0.7032666666666666,3
48425474,0.93045,2
48437822,0.7394000000000001,5
48441485,0.5719,1
48456795,0.9501,1
48478669,0.98035,2
48524900,0.8785583333333333,12
48560616,0.9097,1
48560897,0.0,1
48562929,0.8785,1
48580532,0.0,1
48600182,0.8085666666666667,3
48600425,0.9837,1
48608839,0.989,1
48622276,0.8245947368421053,19
48626550,0.7717,1
48638018,0.9376,1
48640671,0.9377727272727273,11
48654073,0.42693000000000003,10
48654799,0.4275333333333333,6
48659789,0.5698692307692308,13
48660291,0.46181,10
48660469,0.6705,1
48660477,0.8593999999999999,2
48660478,0.7152666666666666,3
48660747,-0.408,1
48666565,0.4926333333333333,3
48669027,-0.8944,1
48673596,0.27195,4
48689411,-0.5106,1
48695871,0.527875,4
48697891,0.15885,2
48699286,-0.03616666666666668,3
48700389,0.9553,1
48709147,-0.8548,2
48737827,0.458775,4
48745828,-0.5423,1
48761249,0.9603666666666667,3
48765426,0.3354714285714286,7
48781335,-0.3675,3
48782358,0.0,1
48794672,0.4404,1
48795039,0.7820499999999999,2
48797512,0.75032,10
48820322,0.0,1
48829926,0.682975,4
48830386,0.38308888888888887,9
48836953,0.932,3
48840677,0.9277,1
48840720,0.32670714285714286,14
48868113,0.4418333333333333,3
48874361,0.2423,7
48875290,0.96892,5
48879939,0.68638,5
48901826,0.9766,1
48911431,0.47973999999999994,5
48927954,0.44020000000000004,4
48929130,0.98775,2
48933587,0.8332166666666666,6
48947423,0.6077833333333333,6
48949459,0.8915333333333333,3
48951087,0.4385,2
48951217,0.9386,1
48970203,0.9881,1
48970663,-0.1511,1
48974916,0.8126,1
48985112,0.65195,2
48989666,0.8835,1
48996203,0.9599,1
48998656,0.6570833333333334,6
49005163,0.69948,5
49008985,0.7292,5
49023347,0.48773333333333335,6
49035193,0.9701,1
49037372,0.926675,4
49039344,0.6247833333333334,6
49041965,0.4276,2
49049988,0.577575,8
49066492,0.6249,1
49067526,0.2226375,8
49068729,0.0,1
49077516,0.7003,1
49092388,0.0,2
49097036,0.2508666666666666,3
49124577,0.4592,2
49128878,0.7557,3
49150233,0.7734058823529412,17
49166814,0.9574,8
49167579,0.6908,1
49187529,0.9901,1
49188805,0.9565,1
49190056,0.6801,1
49191278,0.9351,1
49201551,0.82465,2
49201953,0.38215999999999994,5
49203042,0.9167,1
49204343,0.8313,1
49205557,0.9893,1
49207172,0.31245,2
49220194,0.8998,1
49220474,0.41513333333333335,3
49220565,0.6848,1
49220748,0.57635,2
49226245,0.9253,1
49229368,-0.13475,2
49235436,0.5591333333333334,3
49238712,0.7251166666666666,6
49240550,0.56648,5
49242875,0.9361,1
49245387,0.95165,4
49281589,-0.3612,1
49286570,0.5227,3
49288184,0.6057666666666667,3
49288186,0.4416399999999999,5
49288189,0.8059333333333333,3
49303439,0.8504666666666667,3
49316057,0.836,1
49319803,0.9034,2
49336545,0.7109666666666667,3
49353471,0.0,1
49353522,0.014000000000000012,3
49354713,0.0,1
49358625,0.7298600000000001,5
49361737,0.620725,4
49365999,0.7861666666666667,9
49372948,0.40685000000000004,8
49374030,0.3295,2
49376352,0.78745,2
49378476,0.85055,2
49391946,0.6908,1
49411551,-0.042666666666666665,3
49411724,0.6464875,8
49436535,0.8795,1
49436817,0.96245,2
49439004,0.486225,4
49439681,0.68545,2
49441756,0.7902,2
49443020,0.9732,1
49455425,0.9256333333333333,9
49460383,0.0,2
49484649,0.7596166666666667,6
49487390,0.9565,1
49490601,0.0,1
49492923,0.8534833333333333,6
49501940,0.40936666666666666,6
49516958,0.9575,1
49517041,0.0,1
49517637,0.46225,2
49518331,0.315,9
49535076,0.721225,4
49536565,0.9811,1
49563044,0.9834,2
49569774,0.8362,2
49585327,0.9882,1
49601378,0.7096,1
49601409,0.9835,1
49605098,0.7684,1
49605726,0.68245,2
49624917,0.6331333333333333,3
49627213,0.80245,6
49628875,0.9917,1
49643790,-0.4885,1
49649649,0.8711333333333333,3
49658707,0.9829,1
49664296,0.9883,1
49681347,0.8357516129032259,31
49686400,0.46625,2
49691524,0.7016333333333332,3
49697400,0.9822,1
49699164,0.9365,2
49699798,-0.0978,2
49701401,0.89205,2
49707097,-0.4364,1
49724919,0.71065,4
49728533,0.9468,3
49746169,0.7399111111111112,9
49769680,0.91535,2
49769797,0.67085,2
49773303,0.9955,1
49787930,0.91085,2
49803536,0.42619999999999997,3
49808353,0.9745,1
49810855,0.83165,2
49813253,0.747225,4
49822507,0.9556,2
49831205,0.7901,1
49836121,0.2023,1
49846051,0.0369,1
49850508,0.45365,2
49851873,0.75668,5
49854747,0.9899,1
49856810,-0.6883,1
49871439,0.8014333333333333,3
49871872,0.4925333333333333,3
49877584,0.7127166666666667,6
49894833,0.0,1
49898528,0.91665,2
49904913,0.34,1
49907863,0.8622,1
49918468,0.7014,2
49921651,0.9100400000000001,5
49955160,0.39135000000000003,6
49958867,0.850275,4
49968891,0.5719,1
49972801,0.8724125,8
49974745,0.9417,3
49974752,0.296,1
49974800,0.4039,3
49976973,0.3589,5
49980676,0.9468,1
49995091,0.8279,3
50000274,0.4404,1
50000374,-0.1531,1
50007121,0.76944,5
50009507,0.8083,1
50016245,0.7501,1
50019603,0.75182,5
50022567,0.34185,2
50031941,0.9677,1
50037641,0.64175,2
50042860,0.9328333333333333,3
50048695,0.728325,8
50082878,0.62344,10
50089321,0.70735,6
50096321,0.95425,2
50100326,0.9534666666666668,6
50101359,0.6065666666666667,3
50109044,0.7293,3
50127224,0.0,1
50127921,0.9474,2
50128590,0.7669409090909092,22
50133443,0.38976666666666665,3
50134487,0.4215,1
50165292,0.47705,8
50166200,0.6528,8
50173810,0.9775,2
50203730,0.9863,1
50207783,0.0754,1
50221393,0.6426875,8
50224835,0.4819,3
50235445,0.964175,4
50237424,0.0,1
50247393,0.9423,1
50252783,0.65556,5
50253317,0.3953,2
50256889,0.8398,1
50257411,0.8690333333333333,3
50262229,0.9847,1
50262878,-0.11554,5
50263809,0.3366,2
50269420,0.4215,1
50276634,0.8883,1
50277372,0.9343,1
50279551,0.3612,1
50279567,0.9755,1
50279779,0.93855,2
50280227,0.34,1
50281112,0.68686,5
50294949,-0.07150000000000001,3
50299785,0.9842,1
50300217,0.8856,1
50300666,0.8800125,8
50301897,0.975,1
50302668,0.4908,2
50318367,0.0,1
50337168,0.8016,1
50348290,0.47525,2
50352721,0.45405,2
50354769,0.87375,4
50370258,-0.7565,2
50373503,0.9215666666666666,3
50384227,0.7970444444444444,9
50408941,0.24635,2
50410461,0.8255,2
50415065,0.5789,2
50417126,0.9317,2
50417259,0.323175,4
50417806,0.679675,4
50425207,0.9908,1
50432610,0.31245,2
50434281,0.9507,1
50438883,0.8096000000000001,2
50442018,0.7960666666666666,3
50450912,0.5538,1
50461408,0.8524,1
50465601,0.8402,1
50467937,0.7735299999999999,10
50473970,0.89214,5
50477204,-0.0422,2
50478547,0.9524,1
50480399,0.4404,1
50481041,0.8176,1
50483438,0.6862,5
50483764,0.9889,1
50493961,0.9299,1
50493971,0.33335000000000004,2
50500708,0.8766,1
50505173,0.1806,2
50521156,0.0,1
50524404,0.21075,2
50525450,0.733175,4
50533496,0.8138000000000001,2
50558433,0.5765166666666667,6
50558820,0.5952999999999999,4
50560364,0.945,1
50568742,0.38395,6
50573128,0.87025,2
50588339,0.7732333333333333,6
50589504,0.6588,1
50590961,0.6521666666666667,3
50617592,0.88085,2
50617919,0.8773,4
50619756,0.95455,2
50654668,0.9612,1
50666111,0.84685,2
50674877,0.5859,1
50676934,0.36752857142857137,7
50691069,0.31245,2
50696775,0.9534,2
50709090,0.4633,3
50712480,0.8641,1
50712704,0.9148000000000001,2
50715303,0.5709,1
50716053,0.893,1
50720119,0.8956,3
50748398,0.9423,1
50770846,0.0,1
50783827,0.7635,3
50800726,0.6249,1
50803136,0.6522555555555556,9
50808306,0.56915,2
50810611,0.4743857142857143,7
50819005,0.8902125,8
50823505,0.9600333333333334,3
50840713,0.9685,1
50841384,0.70385,2
50862534,0.5267,1
50865033,0.0,4
50874134,0.9943,1
50885477,0.90435,2
50897147,0.8039999999999999,3
50910986,0.9373,6
50912298,0.5035117647058823,17
50930212,0.8427199999999999,5
50935367,0.7379,2
50935740,0.9136,1
50951559,0.71855,2
50952760,0.5751000000000001,5
50966412,0.056833333333333326,3
50982088,0.4404,1
50993608,0.85106,5
50996686,0.624575,4
51006618,-0.296,1
51007999,0.826525,4
51012801,0.82325,4
51022623,0.9864,1
51033334,0.18445,4
51051035,0.3653,2
51052000,0.91415,2
51053479,0.9309666666666666,3
51065577,0.641975,4
51069773,0.600375,4
51073296,0.9709,3
51080601,0.50745,2
51088005,0.476123076923077,13
51088528,0.8258,1
51095183,0.5717666666666666,3
51097877,0.7590666666666667,3
51101585,0.9768,1
51103642,0.9632000000000001,2
51104977,0.8684,2
51107142,0.8356,1
51107156,0.6249,1
51132873,0.17301428571428573,7
51133318,0.6997,1
51133364,0.1125,3
51134928,0.5007333333333334,3
51136851,0.9733666666666667,3
51149749,0.8525625,8
51151777,0.65865,2
51157713,0.8591,1
51158013,0.0,1
51158129,0.7783,1
51158739,-0.5048,2
51159000,0.5084,2
51161660,0.8996999999999999,2
51164086,0.915,1
51164652,0.9878,1
51166571,0.59988,5
51168772,0.6661,4
51169784,0.5093,1
51169942,0.8834,1
51172516,0.6249,1
51179761,0.9800666666666666,3
51186355,0.8573,1
51191132,0.859225,4
51195075,0.9839,1
51210972,0.8717666666666667,3
51214349,0.7875,6
51229852,0.12116666666666664,3
51230688,0.16934,5
51233088,0.9217,1
51247930,0.9402,1
51257189,0.8977,1
51258191,0.654575,4
51259241,0.9114,3
51261318,0.9937,1
51263535,0.436,2
51279025,0.9081,1
51283037,0.7094166666666667,12
51289815,0.9805,1
51298468,0.590025,4
51301168,-0.4497,1
51303321,0.46635,8
51304287,0.9677,2
51305491,0.8846499999999999,2
51317648,0.89325,4
51317751,0.9089499999999999,2
51318398,0.0,1
51321335,0.263625,4
51326581,0.93465,2
51338483,0.8241777777777778,9
51340320,0.981225,4
51340769,0.6537,1
51342255,0.6098600000000001,5
51353860,0.9666,1
51357253,0.4389,1
51360317,0.52424,5
51360354,0.27795000000000003,2
51379547,0.6597,1
51379781,0.5154428571428571,7
51382154,0.66725,2
51382641,0.23931538461538457,13
51399982,0.5994,1
51403680,0.9076666666666666,6
51404711,0.5176,3
51405590,0.9392,1
51408072,0.928825,4
51416596,0.8723,1
51426060,0.9728,4
51427033,0.9083,2
51427706,0.42615000000000003,4
51429949,0.988,1
51438184,0.1551,5
51439081,0.6131333333333333,3
51440914,-0.5547,1
51442773,0.9771,1
51445551,0.8404,2
51453529,0.8659333333333333,3
51465178,0.5046333333333334,9
51468126,0.9036799999999999,5
51478507,0.83804,5
51488014,0.47771538461538465,13
51496381,0.47885,2
51496964,0.71453,30
51499184,0.634411111111111,9
51501461,0.9773333333333333,3
51503467,0.8319000000000001,2
51503652,0.0,1
51503859,0.8542666666666667,3
51511794,0.8957,1
51513266,0.6685,7
51518520,0.9837,1
51519656,0.6124,1
51529037,0.0,1
51539811,0.7781,2
51548255,0.9612,2
51552430,0.61375,4
51554961,0.6480428571428571,7
51556667,0.1735,4
51560717,0.863325,4
51568099,0.54135,4
51569777,0.9511,3
51571530,0.8791666666666668,3
51576102,0.988,1
51577861,0.8780333333333333,3
51578372,0.4899,2
51579407,0.8258599999999999,10
51582082,0.9161,3
51582289,0.91675,2
51592505,0.3005625,16
51592515,0.62265,6
51592534,0.5359923076923077,13
51592549,0.4104545454545455,11
51592602,0.5600375,8
51592609,0.35068461538461543,13
51592613,0.55162,10
51592627,0.6642714285714285,7
51597990,0.6473666666666666,3
51604109,0.6968857142857142,7
51608151,0.9471,4
51610211,0.0,1
51611908,0.7269,1
51620134,0.6499153846153847,13
51622869,0.717025,4
51631929,0.5994,1
51633021,0.73302,15
51636172,0.8402,1
51639346,0.9306,1
51644563,0.95955,2
51648484,0.966,1
51652402,0.9915,1
51658533,0.9132,1
51659955,0.85411,10
51660545,0.97215,2
51661990,0.5574,1
51667906,0.75915,2
51672683,-0.888,1
51673180,0.9468,1
51674942,0.9627,1
51677622,0.1970894736842105,19
51680336,0.12414999999999998,6
51688130,0.7984333333333332,3
51702968,0.7589571428571428,7
51712369,0.5994,1
51721310,0.285075,4
51738389,0.9215,1
51738677,0.7198846153846153,13
51738754,0.5719,1
51745284,0.2971,4
51749795,0.6309875,8
51750471,0.299875,4
51752058,0.6831400000000001,5
51757148,0.8937999999999999,11
51768858,0.703525,4
51777472,0.6908,1
51777583,0.5716666666666667,3
51784576,0.9533,3
51784680,0.47806,5
51791303,0.77425,2
51792501,0.4374,2
51796755,0.5617000000000001,4
51798018,0.5951625,8
51809297,0.765,1
51809533,0.82698,5
51810298,0.678375,4
51814507,0.0,1
51820326,0.9921,1
51821464,0.6369,1
51832559,0.9273,1
51833894,0.9856,1
51834455,0.0,1
51839164,0.0,1
51842608,0.0,1
51852001,0.7351,1
51858450,0.47725,2
51860712,0.9726,1
51862116,0.6225,3
51862470,0.5633333333333334,3
51862600,0.6838500000000001,4
51873197,0.9089,2
51874091,0.9531,1
51885026,0.982,1
51886938,0.9006666666666666,3
51887900,0.8964400000000001,5
51888335,0.9814,1
51890025,0.67028,5
51900224,0.7821583333333333,12
51916464,-0.6542,1
51918479,0.9575,1
51918714,0.9259,1
51921972,0.7495814814814815,27
51933506,0.8082266666666666,15
51934747,0.6282333333333333,12
51939495,0.81135,6
51939539,0.686125,8
51943703,0.5400999999999999,3
51965328,0.8233153846153847,13
51973044,0.3733,2
51974854,0.6997416666666667,12
51977802,0.96605,4
51987825,0.9722,1
51994096,0.43543333333333334,9
51995309,0.0494,2
51995358,0.794675,4
51995470,0.61656,20
51995532,0.6712666666666666,3
51995938,0.34126666666666666,3
51996491,0.9796,2
52001157,0.8182375,8
52007023,0.51156,5
52031024,0.2057,2
52047113,0.4734,2
52049367,0.76525,4
52050789,-0.3045333333333333,3
52059217,0.6543363636363636,11
52063724,0.7197333333333334,3
52065830,0.687975,4
52068549,0.5859,1
52068967,0.9737,1
52072100,0.7041999999999999,2
52075247,0.7195,10
52086009,0.00014999999999998348,2
52091369,0.67144,5
52098348,0.799825,4
52101058,0.8613,2
52101384,0.41900000000000004,3
52104385,0.36732,5
52104827,0.914,3
52105094,0.50425,8
52105293,0.8002,2
52106421,0.5206142857142857,7
52106650,0.7003,1
52118108,0.9571,1
52122190,0.07229999999999998,2
52123678,0.58864,5
52138202,0.6122666666666666,3
52139485,0.84545,4
52139568,0.353775,4
52139678,0.9577,1
52139954,0.009633333333333346,3
52140418,0.678175,16
52146061,0.97225,4
52151824,0.8779,1
52157214,0.8316,1
52157308,0.9467,1
52169419,0.5177333333333333,3
52169961,0.8957,1
52176738,0.0,1
52178828,0.45765,2
52179282,0.9756,1
52184336,0.8311333333333333,3
52186724,0.9293,2
52196075,0.624,1
52197022,0.45445,2
52200857,0.97835,2
52206160,0.8956,2
52212180,0.27626,5
52213265,-0.9828,1
52230809,0.09591666666666666,6
52235090,0.986,1
52239978,0.5707,5
52252574,0.8133,3
52256473,0.886,1
52256732,0.6897,2
52257662,0.81935,2
52263823,0.9812,1
52272960,0.0,1
52274029,0.42115,2
52275107,0.8152333333333334,3
52277885,0.7266411764705882,17
52282373,0.9606,1
52284650,0.9700333333333333,3
52298003,0.39675,2
52299396,0.8957,1
52300702,0.6500600000000001,5
52302766,0.735325,4
52303318,0.9063000000000001,5
52313458,-0.05129999999999999,6
52313978,0.908,1
52317961,0.8163571428571429,7
52318418,0.7208333333333333,9
52320458,0.2377,2
52321386,0.9231,1
52322309,0.7753785714285714,14
52330318,0.49335,2
52330524,0.9445,5
52332669,0.9545,1
52342565,0.636,1
52346837,-0.01699999999999996,2
52360298,0.7301857142857143,7
52376999,0.7979,2
52378052,0.32805,6
52379945,0.989,1
52382806,0.6398333333333334,3
52394521,0.5297666666666667,3
52395839,0.45065,4
52396468,0.9496,2
52398945,0.0,1
52400231,0.936,1
52413240,0.862125,4
52413829,0.7632777777777778,9
52415053,0.9867,1
52415146,0.61915,6
52415456,0.9078,1
52417311,0.9781,1
52418667,0.9862,1
52420230,0.9699,1
52420785,0.83835,2
52422839,0.94825,2
52433837,0.26965555555555554,9
52439933,0.7127,3
52447613,0.36146666666666666,3
52448512,-0.2813,3
52450114,0.5326500000000001,4
52455093,0.992,1
52462899,0.9876,1
52464349,0.0,1
52479431,-0.4378,1
52485839,0.5994,1
52502976,0.6705,1
52508336,0.873,2
52511090,0.22898333333333332,6
52513419,0.5054,2
52513952,0.9705,1
52521752,0.9538,1
52532067,0.7826055555555556,18
52539143,0.57155,4
52541347,-0.975,1
52544296,0.4404,1
52544888,0.0,1
52545466,0.8720500000000001,6
52559506,0.749,1
52560423,0.7756352941176471,17
52560742,0.6588,1
52560986,0.32282,5
52561645,0.7645,1
52561965,0.5334666666666666,6
52562054,0.2602142857142857,7
52571247,0.9094,2
52576905,0.7009,9
52577541,0.9514,4
52578133,-0.4604,1
52579839,0.5516166666666666,6
52581382,0.7112454545454545,11
52583752,0.95555,4
52589307,0.6813750000000001,4
52589674,0.9781,1
52596175,0.5293181818181818,11
52603482,0.7070105263157894,19
52605473,0.7778,1
52605531,0.8316,1
52615339,0.9445,3
52615621,0.6511333333333332,3
52626768,0.0020000000000000018,2
52628768,0.9623,1
52636363,0.9172,1
52643401,0.9297,2
52644152,0.9869,1
52645671,0.5651,6
52648566,0.9099999999999999,2
52648985,0.93935,2
52659575,0.9622,1
52660468,0.7574,1
52667805,0.0,1
52668377,0.8683,1
52681115,0.0,1
52688468,0.0,1
52697798,0.4754,1
52710638,-0.9808,1
52711380,0.9575,1
52711872,0.7882285714285714,7
52713341,0.24072500000000002,4
52714476,0.817,2
52715886,0.53764,10
52719140,0.9644,1
52728719,0.945,1
52729316,0.31262500000000004,4
52729898,0.8629666666666665,3
52731917,0.9863,3
52734432,0.6616111111111111,9
52736804,0.48851666666666665,6
52737140,0.17011666666666667,6
52737780,0.67695,6
52738678,0.7351,1
52746358,0.7579,1
52750398,-0.16732,5
52758808,0.6290833333333333,6
52782714,0.78652,5
52786882,0.8777,1
52803895,0.493,2
52804317,0.044475,4
52807541,0.42195,2
52808100,0.6114,1
52810884,0.56345,2
52812789,0.8892333333333333,3
52816277,0.40745000000000003,6
52826006,0.0,1
52830538,0.87335,2
52835463,0.9072,1
52838922,0.9304,1
52840665,0.597175,4
52849218,0.9616,1
52849372,-0.0006499999999999839,12
52852344,0.77795,2
52854855,-0.25,1
52855304,0.807,1
52857479,0.8541666666666666,3
52858407,0.9698,1
52860230,0.3524777777777778,9
52867652,0.9735,1
52869161,0.4325545454545454,11
52870368,0.2294,2
52870732,0.8501000000000001,2
52870761,0.3394333333333333,9
52871243,0.75895,2
52872454,0.4215,1
52873344,0.88255,2
52875581,0.9845,1
52877884,-0.7933,1
52880255,0.87905,2
52890329,0.0,1
52892093,0.4792,2
52899693,0.9486,2
52900886,0.47845,2
52903072,0.7771,2
52909355,0.9432,1
52910190,0.8653,1
52910808,0.5690000000000001,5
52910854,0.9567,1
52912162,0.17216153846153848,13
52916903,0.9117,1
52929283,0.9682,1
52934979,0.7928571428571428,7
52937152,-0.296,1
52939261,0.9689,2
52945833,0.8148692307692307,13
52959939,0.9745,2
52960813,0.9773000000000001,2
52961953,0.8842,2
52964095,0.5471,3
52966196,0.9524,1
52968037,0.9412,1
52976065,0.96885,2
52976214,0.0,1
52977213,0.2826666666666667,6
52979942,0.6023888888888889,9
52987790,0.9518,2
52989719,0.9732,1
52989741,0.934,1
52991046,0.8201333333333333,3
52994004,0.8416166666666666,6
52999323,0.9708,1
53001386,0.6786333333333333,3
53006311,0.8036000000000001,2
53009397,0.9360200000000001,5
53017356,0.87215,6
53018045,0.9758,1
53019739,0.30920000000000003,5
53022642,0.9841,1
53022802,0.90805,2
53028910,0.0,1
53030101,0.5457111111111111,9
53035936,0.9834,2
53040164,0.89435,2
53042731,0.7778,1
53043810,0.9029999999999999,10
53054748,0.49504444444444445,9
53055459,0.7322500000000001,2
53057576,0.4201,1
53058562,0.5006,3
53070760,0.7269,1
53072640,0.4404,1
53073530,0.9187285714285714,7
53073549,0.9677,1
53074269,0.9351333333333334,3
53078173,0.5825333333333333,3
53086764,0.47655,2
53094825,0.7436,2
53096656,0.5542666666666666,3
53106057,0.39525,4
53112275,0.9527000000000001,2
53119861,0.9758,1
53123052,0.6495500000000001,2
53131626,0.9627,2
53137535,0.8822,2
53140818,0.781075,4
53140906,0.6516,5
53141038,0.46430000000000005,5
53142698,0.8668,1
53151635,0.5712,3
53158348,0.0,1
53163612,0.2434666666666667,3
53168562,0.8212999999999999,2
53182900,0.934275,4
53184380,0.5164,2
53207865,0.0,1
53223490,0.9468,1
53227964,0.6051500000000001,2
53227965,0.46985,2
53228663,0.9600500000000001,2
53233737,0.9773,1
53245435,0.60046,20
53250393,0.9252,5
53257833,0.9882,1
53267810,0.9751,1
53273201,0.0,1
53275573,0.9524,2
53279688,0.49785,2
53285333,0.765,1
53285546,0.18130000000000002,2
53289010,0.680778947368421,19
53289012,0.5985923076923076,13
53289013,0.5735058823529412,17
53289015,0.5930583333333334,24
53289018,0.5633727272727272,22
53289019,0.5957733333333334,15
53289021,0.33792666666666665,15
53289022,0.3665611111111111,18
53291045,0.8979,1
53295709,0.5972142857142858,7
53300196,0.30910714285714286,14
53301211,0.39641428571428566,7
53303040,0.9590000000000001,2
53304092,0.9111,1
53304289,0.6377875,8
53305174,0.9616,2
53305635,0.0516,1
53307520,0.5598285714285715,14
53307733,0.8871,1
53317047,0.474,2
53317349,0.63815,4
53324275,0.9733,2
53338184,0.91754,5
53338217,0.0,2
53354734,0.18716666666666668,3
53354926,0.8129533333333333,15
53355840,0.43707,10
53356496,0.5816375,8
53356962,0.9826,1
53360292,0.9152,1
53361816,0.8793,2
53363678,0.8302999999999999,3
53369659,0.6287,4
53371032,0.4404,1
53373856,0.923,1
53374524,0.9611,1
53378118,0.6249,1
53382626,0.872275,4
53391180,0.9472,1
53391661,0.8334,1
53392348,0.48332105263157893,19
53393047,0.5810621621621621,37
53394536,0.6572571428571429,21
53396617,0.9776,1
53400954,0.4396071428571429,14
53402067,0.9714,1
53402088,0.5411,1
53407119,0.91185,2
53409285,0.8841000000000001,2
53412227,0.7132,1
53413492,0.8434,1
53425135,0.7184,1
53425666,0.810825,4
53425768,0.9652,1
53425898,0.9759,1
53433983,-0.1513,1
53434768,0.875,1
53444644,0.9682999999999999,4
53458079,0.598,1
53459764,0.5267,1
53469474,0.0,1
53471286,0.17925000000000002,2
53484954,0.9708,1
53487260,0.36985,2
53488229,0.89605,2
53491742,0.56335,4
53493255,-0.482,1
53493277,-0.0464,2
53496295,0.9805,1
53501673,0.6845600000000001,5
53505881,0.7586499999999999,6
53507151,0.2023,1
53509061,-0.06745000000000001,2
53511442,0.22483333333333333,3
53513695,0.9272,1
53516003,0.81855,2
53523766,0.69943,10
53533936,0.3030818181818182,11
53534002,-0.14772857142857143,7
53537463,0.38180000000000003,4
53543844,0.8265333333333333,12
53546478,0.9307399999999999,5
53552562,0.9598,1
53570165,0.9154249999999999,4
53580169,0.973,1
53580674,0.4924,2
53585194,0.9664999999999999,2
53588087,0.9504,1
53588279,0.676,8
53591187,0.6705,1
53609485,0.4795,2
53618333,0.34676666666666667,3
53618515,0.6808,1
53618543,0.7915,2
53622434,0.888325,4
53623067,0.9304333333333333,3
53626384,0.0,1
53641558,0.8043,1
53641618,0.935,2
53641686,0.60285,4
53641771,0.39402,5
53653367,0.7793,6
53654958,0.8541,1
53670231,0.8885,1
53672937,0.96095,2
53673627,0.43505,8
53674216,0.9525399999999999,5
53678961,0.631725,4
53690965,0.7003,1
53697549,0.3612,1
53703358,0.8938666666666667,3
53711196,0.8137333333333334,3
53711693,0.7918625,8
53714480,0.6532,3
53715109,0.9413,1
53722288,0.5106,1
53736567,0.0,1
53737345,0.70265,2
53738914,0.9847,1
53745416,-0.8316,1
53746325,0.6058,3
53746857,0.7420249999999999,4
53756684,0.8209,5
53761504,0.68445,2
53762304,0.9645,1
53763547,0.74,5
53768614,0.7046,5
53768617,0.444975,4
53770543,0.39225,2
53777227,0.9665,1
53780232,0.5086,4
53784087,0.9081,1
53784173,0.8268,1
53802054,0.8114181818181817,11
53803174,0.7964,1
53804372,0.35433333333333333,3
53804746,0.9492,1
53805740,0.3574,1
53806381,0.6447499999999999,2
53806899,-0.04135,2
53810126,0.826675,4
53817158,0.0814111111111111,9
53821179,0.3612,1
53828935,0.5378833333333334,6
53828988,0.8773,1
53829149,0.0,2
53831474,0.3375,4
53839586,0.9815,1
53841229,0.5539833333333334,6
53841628,0.4437,2
53856467,0.90194,5
53856670,0.46615,2
53868860,0.0,1
53872159,0.9155,2
53872351,0.8147500000000001,2
53874991,0.6989,1
53886642,0.7176,1
53887195,0.7264,1
53888863,-0.024599999999999993,3
53902522,0.74835,2
53905263,0.8147333333333333,9
53910710,0.68959375,16
53911041,0.9803599999999999,5
53913157,0.802,1
53933105,-0.9136,1
53946646,0.8676999999999999,5
53947266,0.5624875,8
53947808,0.9459,1
53948068,0.7896333333333333,3
53962405,0.4088,2
53965015,0.714075,4
53973055,0.2023,1
53979570,0.7844444444444445,9
53990263,0.8054066666666666,15
54001823,0.613175,8
54003626,0.5608461538461539,13
54019130,0.8755333333333333,3
54020782,0.46744,5
54029672,0.0,1
54049984,0.9303333333333333,3
54064506,0.5683,4
54077125,-0.21075,2
54087690,0.88735,2
54088135,0.8858,1
54108238,0.9684999999999999,2
54115397,0.9141,1
54117288,0.0,1
54134733,0.7610666666666667,3
54137175,0.3814666666666667,3
54152907,0.8481,1
54156597,0.9888,1
54156633,0.986,1
54156682,0.20126666666666668,3
54156715,0.4664,1
54157050,0.9319,2
54157460,0.0,1
54163349,0.5242,5
54164644,0.6551,4
54172201,0.25,1
54172254,0.3790823529411765,17
54173068,0.9832,1
54176509,0.9652,3
54177992,0.3174666666666667,3
54178450,0.83456,5
54178592,0.0,1
54178629,0.9394,5
54189579,0.9505,1
54193832,0.9448,1
54216918,0.5994,1
54218721,0.9854,1
54225488,0.7183266666666667,15
54228620,0.9418,1
54234391,0.20095,2
54237614,0.3762,4
54246053,0.8652,1
54253354,0.6946,2
54255024,0.48154,5
54258206,0.81515,2
54258463,0.24980000000000002,2
54272887,0.9728,1
54275765,0.0,1
54275831,0.7596333333333334,3
54287727,0.8534666666666667,3
54287967,0.9562,1
54291212,0.4628,2
54292125,0.9886,1
54292771,0.9525333333333333,3
54299239,0.73772,5
54299618,0.9599,1
54300634,0.9779,1
54302489,0.9189666666666666,3
54313098,0.08085000000000003,2
54313358,0.6352,1
54316475,0.8331500000000001,2
54318376,0.9415,2
54325278,0.9351285714285714,7
54340351,0.8020333333333333,6
54347179,0.9217,1
54348017,0.8122,4
54353026,0.9136,2
54353206,0.9267333333333333,3
54354447,0.7054499999999999,6
54356075,0.29300000000000004,2
54357702,0.8237777777777777,9
54365009,0.8503700000000001,10
54365175,0.9149,1
54369858,0.03313333333333335,3
54375354,0.5739692307692308,13
54375618,0.6408777777777778,9
54384387,0.2046416666666667,12
54389060,0.9001,1
54390367,-0.128,1
54392817,0.9735,1
54400507,0.9551,1
500709423333611295,0.9686,1
508348309225184432,0.6415500000000001,2
510743694588656737,0.624,1
512700038274428907,-0.4158,2
513513013266603713,0.599,3
516258880471277574,0.96635,2
520327434943750722,0.9716,1
523912405510944309,0.24141666666666664,12
528917591427850769,0.2706904761904762,21
535172981370053388,0.6124,1
536553254012270066,0.8926000000000001,2
537308182100622979,0.6406933333333333,15
538238671723026131,0.9053,1
538244904922709242,0.949,1
538248826375355644,0.9594,1
538258287738293578,0.90805,4
539112335141858473,0.9617,1
539575650349977156,0.945,1
540349270451386227,0.7859428571428572,7
541250321670371165,0.9211,1
541265694748093423,0.8120499999999999,2
541892120429675897,0.45423,10
541970899366846750,0.4606571428571429,7
543979309820224811,0.0,1
544020083472267336,0.608525,4
544034283385258902,0.35523333333333335,6
545409628013673473,0.23835,2
546120294757821672,0.8091,1
546163838044461305,0.9216500000000001,2
546845989096769734,0.4837,2
547039567523456512,0.6695800000000001,10
547528386505433553,0.6333666666666667,9
547570011508612251,0.49570000000000003,15
547640834023748542,0.43277777777777776,9
547643379907175296,0.8418749999999999,4
547647262365042429,0.7996,1
547676698246135870,0.44143333333333334,3
547697448493524821,0.8634866666666666,15
547712969138410473,0.43128571428571433,7
547720935663209610,0.8271,1
547811206131344357,0.39773749999999997,8
547815839056887900,0.8219500000000001,6
547847374471404016,0.46436666666666665,3
548034174860265766,-0.7243,1
548528551074416299,0.7534333333333333,3
548646951453996090,0.0,1
548878132423954048,0.8777,1
548890774251439531,0.0,1
548961719457445947,0.7659833333333333,6
549025381166643532,0.8842,2
549263372512763322,0.71535,4
549375270805442753,0.76735,2
549802817022246647,0.848225,4
549811423383182827,0.6001,5
550500995217337244,0.4971,5
550534337552162502,-0.10104999999999997,2
550659377932638515,0.7326,1
550783610127571060,0.16486666666666666,3
551239949562692111,0.892,1
551380155731622778,0.8313,1
551449215172378250,0.6118,7
551459492900929612,0.97,2
551779323273227043,0.38780000000000003,4
551854420113883834,-0.126,1
551926282730179090,0.9847,1
552004109473731708,0.933975,4
552219689172730593,0.90985,2
552609880623757763,0.9033,2
552628744917645939,0.6350666666666667,3
552680607767514505,0.7058,2
552719071802769648,0.979,1
552828485336140969,0.84758,5
552886761456881955,0.5845750000000001,4
553295531866096004,0.0,1
553334651004675515,0.8204769230769231,13
553403916398394217,0.2827,3
553493021041764345,0.9030499999999999,2
553521699267765770,0.0,2
553628594582582071,0.775,12
553688851966332995,-0.10015,2
553835394517372460,-0.8318,1
553955143326559073,0.0,1
554156860081938591,0.9798,1
554191920344293347,0.811775,4
554196582739249516,0.8649,2
554259098297868085,0.9413,1
554659020406421037,0.0741,2
554659283088191255,0.431,1
554719685259799095,0.8973000000000001,5
554959367683444935,0.04155000000000003,2
555720173131714031,-0.0587,2
555739631422734712,0.6073285714285716,7
555862361748703614,-0.26855,2
555864312150169314,0.31245,2
556397372658837649,0.8727333333333332,3
556967891139921825,0.3713,5
557084668592075791,0.5702,1
557155069055001359,0.9145,4
557165071309691225,0.8121,2
557269864555336463,0.7574,3
557563601326532099,0.9177,2
557862201960819558,0.734075,4
558677288884314187,-0.3578,1
559101722694825585,0.9473666666666668,3
559312857229006959,0.9823,1
559485416017239109,0.9652,1
559500994952440396,0.5859,1
560224434400563540,0.609175,4
560280921153693069,0.5248846153846154,13
560655066456989576,0.6347625,8
561274381935591917,0.09110000000000001,2
561274783082621752,0.10115,2
561491251616764990,0.9258333333333333,3
561544974962388743,0.3374333333333333,3
561667018731472951,0.8934,1
562050283378805492,0.8900333333333335,9
562059277038678894,0.17867692307692307,13
562148674425277613,0.5142666666666666,3
562340785539542506,0.9754,1
562737959618610119,0.30496666666666666,3
562754829434440932,0.860475,4
562756705677356024,0.7830333333333334,3
562808000402325774,0.50165,2
562819959913563472,0.7225,9
562912113250824555,0.1754,2
562945042017962161,0.7474999999999999,3
563015498989763447,0.67455,4
563087962742478348,0.9485,1
563473051168883980,0.7798,1
563553751443923641,0.9062285714285715,7
563584726158958581,0.73079,10
563651861834523485,0.785625,4
563710320561867241,0.9231,1
564192926613265495,0.5399,1
564243061913149897,0.7056,1
564629674821130301,0.5592777777777778,9
564971383545528345,-0.064,2
565165044015235246,0.8452333333333334,3
565674484308028160,0.9606,2
565688915408510280,0.863275,4
565825406375514205,0.6302916666666667,12
565831350828797891,0.5043500000000001,4
565934431067764677,0.4677,2
565957151212470924,0.9203333333333333,3
566312267177853058,0.35808,5
566486290152405990,0.8771249999999999,4
566516767067348078,0.9428000000000001,2
566599548739213583,0.2359,12
566607963170651814,0.7874666666666666,3
566628792306983299,0.8118,1
566634477993287454,0.9592,2
566652929432078709,0.5255307692307692,13
566682980028550513,0.8398,1
566698149485705656,0.9787,2
566740566618735111,-0.9591000000000001,2
566740622493938357,0.83725,2
566805390884146315,0.4480384615384615,13
567091221443571039,0.836425,4
567098117232683089,0.8188,8
567154767499792544,0.5754,2
567219854573663409,0.9523666666666667,3
567240617205604021,0.4354545454545455,11
567282579567307638,0.7968692307692307,13
567782504520254302,0.8319,1
567793835878061691,0.8516,1
567802293862823917,0.2433,4
567807167840656052,-0.2003,1
567855772435655651,0.9914,1
567907311301984775,0.5239375,8
568017704927896181,0.8384,2
568018936023320940,0.6838666666666667,12
568205168447957841,0.9917,1
568332807168885314,0.31245,2
568364292872036268,0.636,1
568528695714073258,0.9468,1
568572598663405594,0.9749,2
568574928295961509,0.9385,2
568577995191938004,0.9392999999999999,6
568588650418095526,0.5423,1
568593392527122252,0.7841,1
568596831116233416,0.45,3
568600851719865476,0.38407857142857144,14
568667644105269542,0.9492,1
568671162857705313,0.9214,1
568786649024473432,0.5340846153846154,13
568798715373937876,0.9639,1
568900440316372298,0.5815125,8
569236283656508238,0.9805,1
569348137972753143,0.7934749999999999,4
569420477211321143,0.22406666666666664,3
569712273334010185,0.68934,5
569982975361068092,0.9054500000000001,2
570119277759929726,0.3769,1
570182068106067551,0.9294,1
570773729080054339,0.9533666666666667,3
570784157724965173,0.9723,1
570820926092459587,0.0,2
570840420778454922,0.8958857142857143,7
571407428131650135,0.9116500000000001,2
571781815051352128,0.87695,4
572051723956856437,0.49560000000000004,6
572143979075699237,0.4949,1
572152542303131035,0.77274,5
572245473003088736,0.42126,5
572448334701227539,0.9309,1
572472060528949396,0.8777,2
572476986772798043,0.6239,2
572517068892753313,0.7519,6
572818344359510578,0.44845,2
572908349111937450,0.9484,1
573203795994244484,0.308475,8
573235901808577514,0.9821,1
573797553679573144,0.40393,10
574371318251476204,0.8,1
574386728408503482,0.30356666666666665,3
574423633076024833,0.9467,2
574450938670574456,0.5987588235294118,17
574521903800472985,0.29633333333333334,3
574522710467064178,0.6273333333333334,3
575126046567256200,0.62585,2
575260451748419250,0.6249,1
575263632116080721,0.9576,1
575301493492445644,0.5859,1
575308671150736434,0.8475,1
575350049593930213,0.7424,1
575401390295945330,0.9169666666666667,3
575807472074675287,0.8571,2
575972203333321336,0.8883000000000001,2
576096590638151366,0.9893000000000001,2
576137604865706720,0.9336,1
576161240060383921,0.5392666666666667,3
576161397566836846,0.9449,1
576199281183505676,0.62485,4
576211882857552957,0.25,1
576446114994007225,0.35015,2
576494199462694895,0.46047000000000005,10
576506535554635527,0.9534,2
577471765621054003,0.9901,1
577552711589527723,0.88172,5
577902737369018695,0.80558,5
578116371345729349,0.696125,4
578271028984820405,0.91925,2
578274455889967826,0.9839,1
578291515212016873,0.7486125,8
578300801505672026,0.691825,4
578326459361734483,0.8126,1
578776288029486639,0.55995,8
578843936816918036,0.963,1
578854002275664674,0.9390666666666667,3
578934725595547683,0.93465,6
579341894617444614,0.8135666666666667,3
579459731277649773,0.701075,4
579757392637509408,0.46932857142857143,14
579786244229587440,0.2912111111111111,9
580070681187035158,0.9924,1
580086244354675460,0.8374769230769231,13
580133424589563693,0.9437,2
580862016108991728,0.5539499999999999,2
581042874502303691,0.74482,5
581609660480288844,0.7339,1
581629780967279387,0.807,1
581657509841951206,0.47375,2
581666497906224179,0.0,1
581737667665911274,0.9881,1
581859131080535622,0.8701142857142857,7
582000384339449235,0.7998000000000001,4
582450304728828309,0.9487000000000001,2
582487409748709770,0.8531,2
583241022638104383,0.4201,1
583314310716511066,0.2582,5
583457594129977619,0.4513111111111111,9
583462100311583118,0.69592,5
583723157991718140,0.4898,2
583728200229270512,0.47502500000000003,4
583729640300380523,0.3096666666666667,3
583888057203918009,-0.4885,1
583976996026950885,0.91875,2
584102047349345014,0.9257,1
584109622899887911,0.8996,1
584193289435875089,0.9031333333333333,3
584414446590955786,0.7712,2
584579738630287719,0.65098,10
584600586241210926,0.3584,14
584636346256917999,-0.14168333333333333,6
584659504454171908,0.9207125,8
584684481211117293,0.6115,1
584730190031413689,0.5288888888888889,9
585064157468103055,0.9601333333333333,3
585384414057084537,0.0,1
585961211969988359,0.9281,1
586047455040845026,0.6856,1
586103743358714494,0.7791666666666667,3
586276793839283988,0.0,1
586603474760735608,0.9101,1
586623427275107536,0.79576,5
586626474306623684,0.0,1
586858467327857140,0.9724,1
586902803557639400,0.3404,2
587416169852033190,0.6852499999999999,2
587416221874896219,0.6249,1
587416278466949976,0.0,1
587437658486337404,0.9582999999999999,2
587570437716353566,0.8969,1
587611228695794002,0.23440000000000003,2
587628898922490796,0.9314,2
587655397516705692,0.41900000000000004,3
587982154177604573,0.87435,4
588174275019819891,0.8976,1
588336054705585224,0.9633,1
588795522622579140,0.5197,1
588838783594346461,0.58775,2
588852978851232711,0.4662,2
588921113302141533,0.89835,2
589006572411276677,-0.8016,1
589139924303929330,0.9614,1
589494907576044868,0.9515,1
589601343600761097,0.7205545454545454,11
589701732165283217,0.9584999999999999,2
589743708003026057,0.07004000000000002,5
589829514297762399,0.29756666666666665,3
589873928994076174,0.48735,2
589924483901768101,0.6249,1
589924942286521095,0.9756,1
590330794760796235,0.8877,10
590425470715434561,0.9266,1
590658260438641936,0.40737500000000004,4
590731374428099929,0.11744545454545455,11
590736162798693207,0.8834,1
591025042495366861,0.8492000000000001,3
591073747211520863,0.8859,6
591080805694576052,0.6588,1
591119372925692038,0.31495,2
591176623527041948,0.968,2
591645671991653789,0.9269428571428572,7
591742965436526852,0.6987333333333333,3
591748850127925290,0.6512,2
591907885624654280,0.5969714285714286,21
592590736916375859,0.74262,5
592734517798870165,0.0,1
592758559985381614,0.4636,2
593136852520214952,0.6722571428571429,7
593201245349840860,-0.7929,1
593266930343788829,0.864125,4
593405916827094880,0.915,1
593413748433057314,0.9689,1
593833507465179379,0.5126000000000001,2
593879650393275501,0.0,1
593903648806472400,0.23525999999999997,5
593905846331040685,0.3960333333333333,3
593909623738868845,0.807,1
593921410223524788,0.6118666666666667,3
594015630814127833,0.96505,2
594016935325448405,0.9431499999999999,2
594073379582569205,0.4588,1
594088888135457920,0.47801111111111116,9
594230564236521787,0.9767333333333333,3
594233111354710962,0.9705,1
594704867619461933,0.9702,1
594745835527455070,0.9554,1
594746167093538620,0.62755,4
594906391737971612,0.6597999999999999,2
595285941970333460,0.5541,2
595457564446063792,0.9336333333333333,3
595463819498723429,0.6473285714285714,7
595511155855009147,0.946,1
595644057099987742,0.4725,3
595719320414747083,0.9498,1
596182323559743486,0.8718,1
596268506139921957,0.50485,4
596842445547576011,0.6216333333333334,3
596861074524821159,0.7975333333333333,3
596871802922987825,0.8211166666666667,6
597071929185765765,0.5641999999999999,7
597078816486426681,0.4147,3
597165452523611819,0.28207499999999996,4
597195465269250628,0.60652,5
597616187043694433,0.6367,16
597635443280175201,0.9249333333333333,3
598211711377613377,0.1974,2
598267455371841855,0.7607,1
598315520048140145,0.9022333333333333,3
598331351076444110,0.6263,3
598516989729543373,0.981,1
598519846272259919,0.4404,1
598576572717553553,0.8883,1
598937768531716769,0.6588,1
599018188531238431,0.0,1
599135204165144789,0.0,1
599137853026129211,0.2167,2
599235771277550808,0.886725,4
599386745066758386,0.8824000000000001,4
599561701793198561,0.9255,1
599637400563076582,0.98,1
599791366287693483,0.835,1
599814520961478296,0.7229,5
599922393285778058,0.9582,1
599970319798219359,0.44313749999999996,8
600010971464761443,0.969,1
600537181039983465,0.8555,1
600569977048427448,0.7351,1
600644958346284457,0.5470333333333334,6
600864439258768393,0.8922625,8
601036347764393058,0.9543,1
601165366916181836,0.0,1
601169799026704569,0.9432333333333333,3
601354081153012006,0.8221,1
601407129008927332,0.5060666666666667,9
601467517755771808,0.93805,2
601476705076693923,0.83655,2
601793100805036883,0.7684857142857143,7
602013533285844790,0.9142999999999999,2
602156179121054768,0.8932,1
602216771517190312,0.74535,2
602277246736099529,0.8490666666666667,3
602645535479486853,0.6249,1
602652668701842942,0.3786555555555556,9
602870734885587675,0.4926,1
602885688224962821,0.90985,2
602933268511468998,0.5358,1
602935109091002314,0.5973666666666667,54
602964585461894786,0.9353333333333333,3
603032069621870277,0.010050000000000003,4
603240973374639053,0.944,2
603375243334785413,0.7823,1
603478873179582476,0.12745000000000004,2
603523031947754890,0.56775,2
603669318063581621,0.9628,1
603987282131898365,0.9678,1
604004168489050231,0.9746,1
604029687749018795,0.1808,4
604049568085435352,0.7015571428571429,7
604080492420319332,0.40542,5
604150430206069672,0.6475777777777778,9
604150545547589663,0.6145833333333334,12
604169522566511041,0.4386,2
604193679632067138,0.524290909090909,11
604199521548302026,0.5929625000000001,8
604222290209603203,0.78104,5
604352469855769513,0.8169,1
604380279526963959,0.7052375,8
604714257278601965,0.7163857142857142,7
604755003260599620,0.5156130434782609,23
604760993419066196,0.0,1
604769978055188895,0.0,1
604770509090121846,0.3961,4
604778900565447046,-0.02646666666666664,3
604817184034627269,0.8210000000000001,6
604884537481118392,0.2724,1
604892330520871137,0.16260000000000002,4
604903582882130873,0.45316666666666666,6
604912185148529946,0.7974666666666667,6
605683524247410697,0.7875428571428572,7
606162256615029169,0.39665,4
606181570780885433,0.5350666666666667,3
606293155701281686,0.9511499999999999,4
606318166570829542,0.403725,4
606363511425212827,0.9928,1
606973168879955533,0.9881,1
607168002498254814,0.97775,2
607202118222425582,-0.1779,1
607203190018979179,0.3787,2
607206567633021183,0.9627,2
607213178799487901,0.6183285714285713,7
607349578096220062,0.47085,2
607384615901679675,0.7301,2
607385828532873808,0.85695,2
607386746564709903,0.9162,1
607387150460343373,0.89025,2
607532892580972926,0.89025,2
607593604823282206,0.3612,1
607749621676964147,0.6958923076923077,13
607806880214211490,0.7992,1
607837328375932121,0.6892714285714286,7
607849526613053660,0.5823833333333334,6
607852797230848531,0.927,1
607855385124648905,0.9798,1
607872141507158895,0.96076,5
608371138063642043,0.7712333333333333,3
608410693516491328,0.6468,1
608443128579826653,-0.8126,1
608585895043135061,0.0,1
608593773908502412,0.4892444444444444,9
608668248089148307,0.0,1
608950656032365853,0.9473142857142857,7
609164708315166247,0.78248,5
609165883854639602,0.33120000000000005,2
609166163187017828,0.7717,1
609181185337732452,0.1573,2
609199392202574292,0.4807,1
609227748030016545,0.9645,1
609235086809862023,0.7207500000000001,6
609277328094625276,0.9175,1
609281153717562655,0.48405,2
609314204865535279,0.73005,2
609350484951247015,0.24386666666666668,3
609477970530698460,0.8176333333333333,3
609872128493621171,-0.1415,3
609884139891738098,0.9406,2
610034000543462343,0.24193333333333333,3
610057774744874348,0.6571,2
610102915323507080,0.9227000000000001,2
610142367329657978,0.9601,1
610156007513487173,0.9457,1
610204767175408268,0.36556,5
610600321895140866,0.2862,1
610601245354569169,0.8764000000000001,2
610654166599999386,0.0,1
611433529621305114,0.9336,1
611546158377875277,0.9358,1
611556035218229192,0.7906,1
611615591437139072,0.836,1
611630784521863658,0.8575,3
611638567451375452,0.4653,2
611652641736815661,-0.9019,1
612003363362234248,0.9205,2
612019078541935985,0.906,6
612149394645111948,0.5644,5
612203853376860930,0.59855,2
612225259186651044,0.8523727272727274,11
612257488061488143,0.88622,5
612354678270062038,0.9115249999999999,4
612705408509617602,0.9155,1
612706215483086153,0.9332,1
612757738116264393,0.9386,1
612837811604829724,0.7728,1
612878822485100987,0.9684,1
612934998736667532,0.8067,1
612946101631863744,0.9276571428571428,7
612953170863268543,0.8137666666666666,3
612987347058445258,0.9819,1
613034580089244110,0.7298888888888889,9
613471896987710742,0.4404,1
613504774865124496,0.6681333333333334,3
613557315973127277,0.5794363636363636,11
613590145616870400,0.263675,4
613655921522291472,0.8106,2
613657556930907480,0.9578,1
613724911349518035,0.95955,2
613771174864672674,0.6266846153846154,13
613817251539405819,0.7729333333333334,3
613842838194068604,0.9106875,8
614019616305462110,0.8658,1
614104732616686667,0.9712,1
614136147652713711,-0.7562,1
614142113839463291,0.49105999999999994,5
614197283542199315,0.4592,2
614197436969772643,0.8576,1
614238723814101522,0.9598,1
614248522091114339,-0.02030000000000004,2
614352872547513383,0.0,1
614400726756564289,0.5242,3
614454637885899601,0.0,1
614467099968632044,0.4927,1
614550634810841189,0.0,1
614889252863205410,0.0,1
614889564489531926,0.9553,2
614976093907823420,0.846425,4
615047571044422669,0.7845,1
615290680634788174,0.967,1
615661360097907729,0.9095,2
615671607173232062,0.4601,1
616218846070066222,0.95825,2
616280744881061000,0.9297,1
616500813419628977,-0.945,1
616532922905299481,0.0,1
616925776317509406,0.7250625,8
617120897429309973,0.8054,6
617300538542828904,0.8402,1
617329683359510026,0.798925,8
617431178411159065,0.8725666666666667,6
617431298322321404,0.70848,10
617662857209261608,0.92,1
617856109692315153,0.7992,13
617896011168128015,0.932325,4
617964147504906327,0.8298399999999999,5
618040998913232213,0.9833,1
618124964986149795,0.9492,1
618190077834486390,0.9412,1
618527201343602880,0.8971,2
618628833076525813,0.5493444444444444,9
618677651538932336,-0.6981,1
618713110389313971,0.9322,4
618719819730026730,-0.036050000000000026,2
618825426214187237,0.9508,1
618884006829145519,0.93,1
618930201561786301,0.7128,7
619113898812144198,0.9763,2
619272056768226120,0.9944,1
619392516074651542,0.2469,3
619449378549709345,0.69,1
619450735190766942,0.9533,1
619455036881443607,0.8588,1
619538665749083886,0.7858571428571429,7
619583896921108826,0.30720000000000003,2
620085280206983574,0.42685,2
620106611112753506,0.6839500000000001,2
620151820343456268,0.8843,3
620671770286953440,0.94615,2
620685471484176269,0.9515,2
620695731499099396,0.9822,1
620733417895610101,0.20095,2
620828859450902287,0.36022,5
620856579020061948,0.983,1
620869623406446027,0.556,1
620915847586639213,0.8467,2
621433402966710002,0.523675,4
621512449647280983,0.0,1
621918314226730973,0.6286,4
622063964820883072,0.6249,1
622324012865068888,0.0,1
622408703136576129,0.6249,1
622410540292620544,0.9523,1
622479059072698060,0.4754,1
622495556388134330,0.8883,1
622562575405683080,0.5859,1
622591875733711261,0.76732,5
622605572054694303,0.4695,2
622627125713377349,0.4215,1
622898938541206660,0.9613499999999999,2
623095914439819784,0.2997,2
623123230425453530,0.6249,1
623130088988272053,0.9916,1
623214017303045806,0.9438500000000001,2
623519843789036376,0.9622,1
623603559663185370,0.9667,2
623658388937763643,0.9629,1
623689415244792120,0.8217,1
623704060932684141,0.9358,1
624491884045946570,0.9804,1
624570018484022635,0.9627,1
624573525715384058,0.9773,1
624662557197209245,0.7629153846153846,13
624820534245809532,0.9576,1
625101116355755106,-0.8904,1
625198994483737722,0.87876,5
625223901887418509,0.79025,2
625244401373009593,0.7301333333333333,3
625258322781710791,0.537025,4
625393792005289346,0.8928,4
625730368307376376,0.8225,1
625894848308842678,0.4329,2
625915606360909052,0.74776,5
625942153385710589,0.5283666666666668,3
626013797131698553,0.12855555555555556,9
626168148306462583,0.9618,1
626433812692280015,0.0,1
626633567739489947,0.8658,1
626670741127364721,0.9909,1
626848443100121033,0.9622999999999999,2
627238528093894864,0.05904999999999999,2
627238591667714857,0.49442,10
627418468043440105,0.8293666666666667,3
627425975703032358,0.4923,2
627477753623142090,0.9643333333333333,3
627524196033192418,0.7019,2
627588661457289254,0.9747,1
627625999722873140,0.9766,1
627877750329303303,0.8568333333333333,3
627886951662807041,0.0,1
628080946967108922,0.8687,1
628126550590589240,0.9288333333333334,3
628141259438347130,0.91465,10
628169053881201891,0.0,1
628195701077105515,0.6599,6
628259031354208551,0.696975,4
628285269149267236,0.765,1
628288706980984999,0.9583,1
628327477485534822,0.96025,2
628556069175229801,0.843,3
628737461313340898,0.1739,1
628762749121837374,0.0,1
628771746244596741,0.8516,1
628858335679783868,0.0,1
628864567232939433,0.7809,1
628931777286522190,0.8957,1
628948640105577133,0.62062,5
628952498896277417,0.07166428571428571,14
629008689780984555,0.28304,5
629049855115832628,0.5221,5
629110157701551274,0.3720538461538462,13
629304016962509630,0.9789,1
629339450436527931,0.672775,4
629409030202621245,0.72735,2
629474755958961128,0.5574,1
629504066053473957,0.9659800000000001,5
629576655037556596,0.6253666666666667,9
629619529992264563,0.7127,2
629625021968616352,0.9428,1
629758642582222624,0.9359999999999999,2
629764379034070677,0.0,3
629779388640917367,0.1974,2
629784126457900939,-0.3953,2
629795980309478943,0.8689,1
629844305016679651,-0.807,1
630033780006868739,0.373025,8
630093079953148401,0.6974,5
630114876787402890,0.83365,4
630206493700342769,0.7717,1
630228900282202083,0.7927428571428571,7
630242053272243408,0.8033250000000001,4
630265809306882205,0.7976875,8
630278446601317097,0.7811833333333333,6
630305044343025868,0.3126307692307692,13
630365764629376779,0.6171111111111112,9
630484770336763293,0.14706363636363637,11
630490899808562128,0.8402,1
630503291486992693,0.9283666666666667,3
630686936062751321,0.99305,2
630793365711415261,0.6388,4
630839827765877371,0.3818,1
631030861192339111,0.94955,2
631039995116014125,0.72515,4
631059842996189015,0.6528333333333333,3
631188855068455682,0.957,1
631214794288505627,0.97485,4
631498698998618761,0.65022,5
631521466109696095,0.9413,1
631622117314574189,0.6780666666666666,6
631655941124287802,0.9320333333333334,3
631709000293071918,0.31493333333333334,3
631800732765510294,0.4215,1
631805340510557573,0.6448666666666666,3
632413219553700605,0.82465,2
632522639089365250,0.6997,1
632533918861817571,0.0,1
632641891219131820,0.93845,2
632645720026756543,0.4404,1
632949424663099992,0.41181666666666666,6
633001332496399019,0.9611,1
633033589608726211,0.9611,1
633151135588171936,0.4588,1
633321420259552151,0.9728,1
633346059669358679,0.9633,1
633383632156450010,0.8847333333333333,6
633720053867606154,0.35618,5
633825512461212996,0.9136,1
633900879635904008,0.9894,1
633910726171387487,0.5872666666666667,3
633949927952530763,0.7317666666666667,3
634004863565491209,0.9277,2
634017296121607874,0.4766375,8
634037470032788986,0.9787,1
634100791483437579,0.504275,4
634134399422789079,0.8006333333333333,3
634134659266289021,0.7773333333333333,3
634566518382755714,0.7937000000000001,2
634597870854237812,0.0,1
634602118941368833,0.8475,1
634610346391598797,0.8481,1
634616938950246464,0.96958,5
634650771881993775,0.58558,5
634814743225392622,-0.9661,1
634827416714870154,0.7980666666666667,3
635160449071973926,0.9928,1
635172759527417407,0.56518,5
635176937129700283,0.48345,2
635204685782407772,0.9468,1
635218855518989168,0.9714,2
635227517710182574,0.69395,2
635285437049531436,0.9901,1
635294055330761344,0.8765,8
635357847608804953,0.8707,1
635409472565768416,0.938,1
635527106503833045,0.8151,1
635578426023092232,0.41398333333333337,6
635816208574073298,0.22136666666666663,3
635891275820775094,0.82165,8
636003719798570628,0.9833,1
636033404602313636,0.6486,1
636188489804059524,0.9727,1
636207347452851856,0.39790000000000003,4
636243805970855692,0.39376666666666665,12
636625763192981268,0.963,1
636715952731964548,0.924825,4
636733704132290211,-0.2177,2
636737141389845481,0.5705,3
636939542844432444,0.78365,4
636971754004247186,0.5619,4
637332936972177110,0.46855,2
637417355564563602,0.8748799999999999,5
637572278545704457,0.932475,4
637582053738983668,0.92575,6
637587811634527400,0.5901000000000001,4
637650572767160142,0.9846,1
637699338746199736,0.715475,4
637715061794065001,0.4063,2
638042326985284521,0.9178666666666667,3
638218496581165142,0.765,1
638228581325018736,0.7796615384615385,13
638241328617991301,0.9141666666666667,3
638337968537192058,0.6022000000000001,2
638390226242669563,-0.219075,4
638402427733608802,0.0,1
638440427321636133,-0.4615,2
638473511550530911,0.9545,1
638499510326353417,0.8119142857142857,7
638511396071199421,0.4404,1
638536398585909570,0.0,1
638578480204881952,0.6807545454545454,11
638837250390249212,0.0,1
638970373732951134,0.5859,1
638989324842728269,0.0,1
639013218365625090,0.37222,10
639134573389755563,0.3294,2
639198867343898436,0.5195,2
639507575682471946,0.8766,4
639631123552412271,0.5539999999999999,18
639741183450972624,0.6239,1
639759585976480124,0.9784,1
639889007390961182,0.8481,1
639980100103840017,0.0,1
640251364873074698,0.773,3
640330118038963570,0.9889,1
640409753544313270,0.7021,4
640445859327706456,0.9746,1
641106580443775470,0.0,1
641164912884156474,0.45845,2
641325701575760282,0.7884333333333333,3
641431169104837667,0.6908,1
641741182561010245,0.35015,2
642013966494400430,0.9354,2
642063117095500909,0.9808,1
642063432178207862,0.8658,1
642063555836874697,-0.128,1
642464028291175851,0.5574,1
642509500270934449,0.7837444444444445,9
642549456565719886,0.4779,2
642617956876840519,0.7316,1
642641493379361270,0.6114,1
642700415242269272,0.9719,1
642713138611915478,0.9773,1
642738020653317992,0.5781,2
642768164836630449,0.5214571428571428,7
642813068528893586,0.58438,5
642900474400756178,0.669,4
643293193035927841,0.9378500000000001,2
643340952989131412,0.9758,1
643351220486589703,0.9293,1
643360599020324406,0.9643999999999999,2
643522427622643126,0.7066857142857143,7
643556548223968524,0.966,2
643564240156621111,0.7351,1
643896361915181873,0.9528,1
643899154803898768,0.0,1
643970702520924178,0.9456,1
643975046389231266,0.9072,2
644012684154176036,0.6624333333333333,6
644020364787060049,0.5683153846153846,13
644031982710400648,0.4215,1
644065907523266410,0.9752,1
644070707019994584,0.8990636363636363,11
644205984191826895,0.9655,1
644253505669178461,0.9862,2
644311169157063956,0.8461111111111111,9
644345043638409805,0.8555,1
644531127155540926,0.49848333333333333,6
644588649379145480,0.893,4
644621574203398614,0.8618,3
644625998210823535,0.92885,2
644632309459069593,0.3846,11
644692269305590827,0.8909,2
644727889722181380,0.9833,1
644805753511446227,0.11333333333333334,3
644901193591732766,0.60716,10
645346499622224106,0.9042,1
645374303871462869,0.7831307692307692,13
645417792397909911,0.7934,1
645453505089612788,0.9117,1
645513624837324822,0.7454,14
645529565115288210,0.52655,2
645598551524504002,0.4465,2
645604434751972937,0.5406833333333333,6
645604460816841471,0.667595,20
645707554845746881,0.90554,5
645737180540362798,0.5921000000000001,5
646086298783668283,0.71414,15
646124875637574167,-0.0978,2
646163089418557297,0.8221,1
646278926083929120,0.8922,1
646314839356347157,0.4012,1
646782434378641941,0.89495,2
646886067897382864,0.7968500000000001,2
646911967354720123,0.9749,1
646912738902107618,0.4905,2
647003647580858194,0.8893,2
647196138001855549,0.4204333333333334,3
647257199885794654,0.8082,2
647442878717092547,0.24845,2
647484421008827442,0.31173333333333336,3
647707700935230241,0.9761,1
647735422418004432,0.9559000000000001,3
647804899240893648,0.12574999999999997,2
647825561907380923,0.3452,7
647909970389562881,0.7861800000000001,5
648109575719266143,0.0,1
648247212376164491,0.73715,4
648255119113778365,0.61652,5
648284448479302029,0.979,1
648384085531514822,0.620325,4
648430632297548809,0.6369,1
648492770738082792,0.8179714285714287,7
648672842981774361,0.836,1
648905701993991234,0.9109777777777778,9
648969549938381839,0.9724,1
649064795183047369,0.25739999999999996,2
649087113121233308,0.951375,4
649116607038449626,0.9581500000000001,2
649118221941643473,0.9772,1
649309186660767429,0.6898307692307692,13
649579007467583003,0.830225,4
649703935201274771,0.7665,2
649735327677645022,0.43098749999999997,8
649759209575732377,0.95,1
649760617357457739,0.9229,1
649761542792681055,0.9448636363636363,11
649766312508378284,0.46905,2
649799323023696864,0.90564,5
649854864319096412,0.972,1
649861735185631411,0.9492499999999999,2
649869290402188372,0.5300333333333334,3
649882113780962639,0.7085,2
649895550262867185,0.8011,1
650378103774063935,0.941925,4
650548549839257709,0.2672,3
650563282963545444,0.8225,1
650658879033000364,0.5719,1
650704455487353207,0.48525,2
650806580451612164,0.4824,2
650834277619915232,0.260725,4
651023184489752280,0.0,1
651086647637280028,0.802,1
651086675990290689,0.7887500000000001,2
651114326017081534,0.9287,1
651114559766306206,0.9402,1
651224703952787936,0.7092,3
651262797108288820,0.11385999999999999,5
651272911011383426,0.5256,1
651810486423051747,0.7436,2
652010401360094926,0.8197444444444444,18
652035325276308211,0.6012000000000001,3
652067792992771185,0.6290384615384615,13
652210000754841716,0.7747999999999999,6
652579764403014314,0.9416,1
652652501636620005,0.4903,2
652703351933657357,0.0,1
652734130956088293,0.9891,1
652734593985008266,0.39874,10
652744629105315348,0.7364222222222222,18
652762751898507071,0.5563,1
652762956284915015,0.5499,1
652796206717402417,0.8856,1
652849069293260983,0.88425,2
652910478192416043,0.9742,1
652934912519292136,0.4527833333333333,6
652954577452966496,0.42817142857142854,7
652956856874094571,0.7963,2
652968784992284647,0.8173,1
652984864912200534,0.839375,4
653262566819815391,0.1997,2
653266052757731610,0.41326666666666667,3
653311900413923048,0.9201,1
653338444089563861,0.9799,2
653341296330661470,0.9011,1
653390926095675243,0.9174300000000001,10
653499806457799817,0.2732,1
653533174017700710,0.9694666666666666,3
653561704161340494,0.7875666666666667,3
653631630419541645,0.7527714285714285,7
653643520310971080,0.52317,10
653692425959856450,0.0,1
654007647129141252,0.58364,5
654072174480441518,0.8352636363636363,11
654136527902621104,0.9855,1
654148444340170150,0.8588,1
654226202146502283,0.94815,2
654271564081299767,0.985,1
654294453494274062,0.3194,7
654365463973977562,0.10115,2
654396087724294901,0.6423,3
654403697057168579,0.9476,1
654408126552320380,0.6474333333333333,3
654830791596226489,0.0,2
654864710400089799,0.87185,2
654975306562360751,0.7735333333333333,3
655000279544651565,0.7788,1
655089344559513184,0.9872,1
655141987107876739,0.9826,1
655173723436979440,0.44754166666666667,12
655329117601349166,0.0816,4
655486389144763565,0.4404,1
655761873064719945,0.3774875,8
655777044454959084,0.6535,8
655799354229513426,0.7713,1
655856972206089643,0.9609,1
656114689358862408,0.9468,2
656248894025405076,0.0,1
656253650347223333,0.8478,1
656275325604659873,-0.0754,1
656317840568412645,0.9633,1
656371852489338565,0.9184,1
656395339861991557,0.9863333333333334,3
656408757019677608,0.48105,2
656560616508818394,0.9577,1
656707817853833472,0.8126,1
656917786675870878,0.9477,1
657047456249286967,0.9353499999999999,2
657106677543349382,0.8793,1
657125084314496304,0.581925,8
657230421820540970,0.969,1
657232432409288155,0.0,2
657251672845105989,0.9806666666666667,3
657599015603159921,0.9488,2
657601647065634744,0.42506666666666665,3
657733578720540711,0.43895999999999996,5
657744489950779373,0.2705,2
657800033827453944,-0.0129,2
657819590633888338,0.3856375,8
657931400986909147,0.0,1
657954017598937694,0.0,1
657977109447647666,0.81052,5
657995478703087177,0.8221,1
658261662945413378,0.64985,6
658320553834993966,0.94065,2
658378669166938403,0.5561333333333334,3
658409712795094013,0.66845,2
658472212344044853,0.0,1
658494717715349683,0.9789000000000001,2
658504742801903137,0.8014,3
658551093182826769,0.6208,3
658566927580326654,0.8744400000000001,5
658585877229475195,0.0,1
658587657837235616,0.27627142857142856,7
658607605066164283,0.5700666666666666,3
658612852955122657,0.6095666666666667,3
658615250937743112,0.75245,10
658648169680024662,0.2819888888888889,9
658681560520818234,0.7342500000000001,2
658753198704900031,0.9806,1
658761646782786102,0.4566,2
659180234879088430,0.6669,2
659276204833268690,0.70708,5
659416577510610712,0.0,2
659462191744095881,0.7906,1
659474657814128737,0.9628,1
659543290709806966,0.3071333333333333,3
659704518517970712,0.9464,2
659910238345398393,0.9579,1
659927332266917496,0.631,1
659975902766890339,0.6886833333333334,6
660062730562764621,0.9653666666666667,3
660072067881485736,-0.011349999999999999,4
660132567237562521,0.0,1
660143709882484700,0.4158,2
660187268880563164,0.8016,1
660194236394187620,0.79505,2
660200464602300260,0.60035,12
660217514646798226,0.6413500000000001,2
660218243848027504,0.0,1
660530285721205128,0.9062250000000001,4
660601723944737801,0.8764,1
660818417116811269,0.9081,1
660871161578532883,0.9737,1
660884136521050836,0.9891,1
660941973663886712,0.5581,3
661234524488606359,0.96115,2
661424900274561699,0.802,1
661508101464003114,0.8098,2
661618636134856019,0.9784,1
661884048048727976,0.4702444444444444,9
662237376341664144,0.4089,2
662456031079901845,0.9622,1
662683490172337862,0.9705,2
662686386110306459,0.7264,1
662765199625485475,0.9597,1
662769184712928005,0.5917333333333333,3
662801344512852655,0.9705,1
662805623989393902,0.9411,1
662825546844447539,0.9165,1
662893528024742485,0.8576,1
662902672682549083,0.4215,1
663059893622116689,0.5373333333333333,3
663098153015093706,0.35906666666666665,6
663413315130083355,0.44995,2
663419386739091236,0.8686142857142858,7
663511637345501450,0.5574,1
663605864107472261,0.31716666666666665,6
664164948609695145,0.482,2
664168033249866607,0.5411625,8
664179113066668672,0.7802,5
664248104634049331,0.8669,2
664340167783095724,0.8645411764705883,17
664379008032775975,0.954,2
664452258254687192,0.5393399999999999,5
664457215627650172,0.8313,1
664894950220593197,0.8058933333333334,15
664913650312389464,0.9192333333333332,3
664932858859220717,0.9096500000000001,2
664959402841111690,0.5015111111111111,9
664980072839789112,0.9745,2
664992269841262049,0.9623,1
665106049729298617,0.9151,1
665289605968486368,0.96335,2
665299032219755328,0.6671833333333334,6
665531541942977150,0.0,1
665640095585865578,0.883,1
665722761187807418,0.9258500000000001,2
665801111888585244,0.8953,1
665824889585874578,0.30691666666666667,6
665825246242735425,0.538025,4
665872069026246641,0.9748,1
665894425863260732,0.5279,7
666005639275313968,0.8771142857142857,7
666241775863408134,0.3725538461538462,13
666278703984901024,0.91225,2
666336449098045514,0.9297,1
666382170403172201,0.48728571428571427,7
666456342094742589,0.8456,3
666530354802039371,0.6249,1
666633974342923530,0.8982857142857144,7
666745613960509707,0.8076,3
667187087775544455,-0.0752,1
667221489209376527,0.6114,3
667280637317595881,0.75015,2
667297163177726267,0.9255222222222221,9
667299422766733092,0.6472473684210527,19
667305453906601162,0.855,1
667800115505073463,0.78616,5
667819786316268390,0.68815,4
667870977773927765,0.71577,10
667902956424787080,0.9125,1
667935534061331918,0.7717,2
667951254189085429,0.34,1
668121348307267808,0.4815,2
668351824287642889,0.9492,1
668463076331808477,0.8955,1
668559628160168330,-0.335,1
668688069474935116,0.68835,4
668695751610283351,0.7489,1
668835611346797420,0.0,1
668871017354881885,0.4753,1
669260789135522384,0.20315000000000003,6
669311686850846409,0.44715555555555553,9
669320756372754177,0.7574,1
669435763217210838,0.4588,1
669439924033193583,0.6881214285714286,14
669509639298086352,0.29295,2
669517558793673492,0.2181666666666667,3
669531405405118636,0.9208666666666666,3
669551146280931992,0.9232333333333332,3
669670120180896543,0.9400600000000001,5
669953497595185496,0.6735714285714286,7
670019000628841220,0.87635,2
670056872427376699,0.946,1
670059772779941868,0.9811,2
670062247671370247,0.5843888888888888,9
670073116829321431,0.51552,5
670275971383907283,0.9779,1
670604095581600761,0.624096,25
670644538583635488,0.49215,2
670663623871494575,0.23577142857142858,7
670710487556064583,0.9591,3
670755027754241728,0.9047000000000001,2
670826544894916209,0.7579,1
670835758594133041,0.9053,1
670866834739408220,0.6886,2
670867019183832870,0.25,1
670939083477295307,0.0,1
671023602778957179,0.9245666666666666,3
671033062451199519,0.9798,1
671105409932591811,0.807,1
671344738338773727,0.9731,1
671372552043717249,0.39298,15
671385300888633132,0.4454666666666667,3
671433551475964953,0.7454,18
671446308000450633,0.8555,1
671469084087352669,0.4577,2
671492377535133412,0.9428666666666666,3
671568554023894832,0.88785,2
671581666750537578,0.47645,2
671618478129500675,0.9814,1
671640740886470452,0.7813076923076923,13
671662142734631996,0.0816,3
671831741032408210,0.96,1
672005290581043622,0.803975,4
672116997649368202,0.9489,1
672131414351211049,0.8124,16
672164115302913432,0.67435,2
672200778972822354,0.3802777777777778,9
672260634003984011,0.7841,1
672273943702900596,0.8149,2
672818500221045748,0.4333,1
672875428308023022,0.92455,2
672976224036024537,0.9315000000000001,3
673173125522494475,0.662925,4
673208525984287223,0.7223999999999999,4
673650041825673171,0.7575000000000001,2
673650125419562893,0.2178,2
673719821558026504,0.4404,1
673753763892997438,0.6519,3
673889680829042157,0.94815,2
673897226805045561,0.8779,1
673963521109043744,0.7412,2
674005029667607127,0.9674,1
674068353053903160,0.28924,5
674240841572523019,0.8402,1
674315891893429226,0.0,1
674337105864240620,0.9763,1
674426937689647933,0.9181,2
674489446813301356,0.9505,1
674535388590818217,0.6599411764705883,17
674572614484744740,0.8316,1
674582819306410403,0.6130249999999999,4
674607420371541599,0.707625,4
674693678703880487,0.90565,2
674723212884712374,0.9867,1
674809079768573925,0.78645,6
674809149406335279,0.6759857142857142,7
674961239120834564,0.9498,1
675090972500284424,0.95099,10
675106868714305239,-0.6945,2
675125756232197188,0.7558,2
675131506430515094,0.910075,4
675168220559601931,0.6242714285714286,7
675175161785154260,0.7635666666666667,6
675209847621039347,0.7995307692307693,13
675212766051679323,0.7262666666666667,9
675240997256334675,0.5719,1
675253370454148014,0.4237666666666667,3
675354805326006974,0.6124333333333333,9
675362025407653879,0.8147666666666668,3
675366996070823478,0.49501428571428574,14
675742130148445318,0.9709,1
675821525756708780,0.78795,2
675852815522178283,0.9567,1
675855858369868604,0.04923333333333332,9
675891376501637867,0.6249,1
675905897192713459,0.29969999999999997,5
675911497102064449,0.45545,2
675943774052145713,0.0,1
675943879692111045,0.8249500000000001,2
676084126515926690,0.6893,5
676147142614628022,0.9665,1
676148916507042711,0.8204,5
676174099255535802,0.7503357142857142,14
676446667886937402,0.5093,1
676455328796791742,0.44708000000000003,5
676529311606508868,0.3888777777777778,9
676535528999040992,0.7899499999999999,2
676595502077004845,0.628575,4
676641870702884726,0.8925000000000001,2
676700182142349988,0.33525,4
676791765711401836,0.6688,1
676808081006464938,0.9024333333333333,3
677201239759611220,0.44197999999999993,5
677206388121332226,0.8392,1
677400419736724764,0.9882,2
677435530056564229,0.7473000000000001,3
677619731577928795,0.9786,1
677638087551401134,-0.148,2
677917502016471979,0.97245,2
677937279865490626,0.9483,2
678012738117212350,0.8464818181818181,11
678147576732127970,0.9589,1
678168997290674816,0.7101500000000001,2
678233917656738138,0.0,1
678246134041077125,0.89595,2
678253989271187039,0.8968,1
678256110900961483,0.636,1
678257344859257015,0.6249,1
678325180107369302,0.47885,2
678574232511702945,0.3669,3
678622951874841871,0.8587,2
678664733638926006,-0.17519999999999997,2
678675931078069141,0.7687999999999999,2
678726897434651308,0.7342500000000001,2
678760929441224690,0.7964,1
678799413902167243,0.4825333333333333,3
678851460694683577,0.41545,2
678871737569450901,0.83826,5
678873325482062171,0.9894,1
678883811983880343,0.9823,1
678890276934651672,-0.9485,1
678913610967700972,0.0,2
679018993309094637,0.5994,1
679035532411347622,0.98295,2
679096583942884662,0.5859,1
679165349769027214,0.9679,1
679356575736734722,0.8807,2
679380783678227291,0.7698,3
679443737276010427,0.6685333333333333,3
679446183906000990,0.034650000000000014,2
679459372795420277,0.4404,1
679503405644135744,0.35885,2
679550699626799366,0.9203333333333333,3
679554721493975483,0.2435,4
679577016618538903,0.45493333333333336,3
679711583712820289,0.48006000000000004,5
679713906479662925,-0.2942,1
679724760354058376,0.930625,4
679772239694499013,-0.9872,1
679831193664416538,0.78375,2
680088600736726753,0.0,1
680186007307363066,-0.20413333333333336,3
680186156530741245,0.0,1
680223823169671749,-0.9678,1
680380056733743206,0.8546,1
680421813648336671,0.9836,1
680819136294483332,0.682375,4
680863616683117258,0.6214500000000001,4
680877136316682189,0.8881,1
680979086265340285,0.91165,2
681048937463083173,0.6227666666666667,3
681055210622146195,0.9185,3
681056285716226008,0.983,1
681056470833397803,0.6385333333333333,6
681068479997707674,0.63524,5
681177237262672257,0.65355,2
681183224057382927,0.38387272727272725,11
681207301505217968,0.86288,5
681771437456654949,0.9363999999999999,2
681900110553086669,0.8977,1
681929601545368302,0.9059,1
681974967735159772,0.9715,1
682038916499602813,0.9281,1
682333407270798442,0.0,1
682363560299630122,0.9246,1
682423514510729333,0.9526666666666667,3
682519201173260904,0.8524,11
683154647569876768,0.5512,4
683187448750375232,-0.9508,1
683190419406546817,0.8159000000000001,4
683246262610255435,0.9414333333333333,3
683246711309685944,0.6588,1
683272543297070352,0.8329500000000001,2
683311693903638052,0.7876,1
683401769920740269,0.0,1
683521941499156289,0.032366666666666655,6
683536576143452797,0.8610000000000001,3
683685304177610796,0.57518,5
683766841479852660,0.8591,1
683776605482378545,0.8895833333333334,12
683785510241946261,0.52825,12
683819344846992410,0.6691,2
683896669211907825,0.16272500000000004,4
683929208862207253,0.5719,1
683929545117973939,-0.31616666666666665,3
683949372450645223,0.5911666666666666,3
684016069740504415,0.9011,1
684057626414956596,0.9536333333333333,3
684106958288884737,0.9641,1
684136692960111741,0.7874399999999999,10
684148295932381349,0.5238999999999999,6
684386829282326333,0.5786888888888888,9
684537500214002390,0.9531,1
684631343725920532,0.85,1
684636558628458492,0.4294,2
684759986939005435,0.9617,1
684877445609794221,0.9775666666666667,3
684925553904730152,0.5314,3
685148830257321258,0.9874,1
685201600879000230,0.0,1
685235571283144935,0.9612,1
685284902855197302,0.3898,10
685309048617659634,0.68468,5
685313592992767582,0.921,1
685349622171292999,-0.064,2
685363765750515611,0.7574,1
685403942659817362,-0.128,1
685407160487530953,0.37901052631578946,19
685473500039231809,0.5691727272727273,11
685483943760559540,0.9901,1
685570192854698721,0.6588,1
685602225103667351,0.60185,14
685836034549746906,0.0,1
686032413154400061,0.9307,1
686047330726728547,0.8221,1
686063786128921701,0.9928,1
686065509267690584,0.8604555555555555,9
686216287495430820,0.9442,1
686219211719226308,0.9451,1
686327989883128369,-0.25,1
686587805448686746,0.9,5
686674020252094387,0.9450666666666666,3
686704915925752280,0.9574333333333334,3
686719109941259507,0.4804857142857143,7
686823576068774315,0.0,1
686823892530204985,0.888775,4
686914229858535204,0.0,1
686958964515474147,0.9549,1
687047916314944137,0.866,2
687295732841835284,0.3880166666666667,6
687369843649377432,-0.09799999999999998,2
687645634909754930,0.93345,2
687686868505312759,0.45841538461538467,13
687714933311021519,0.6453,3
687735649151713118,0.49196666666666666,3
688102389247134785,0.9468,1
688149545889329733,-0.10373333333333334,3
688252451065519663,0.0,1
688302229511496721,0.5927666666666667,3
688322882465089126,0.7194,7
688412849741525308,0.893,1
688421256946190005,0.4329,2
688521722092517390,0.5719,1
688787474874258285,0.0,1
688790357975865585,0.902,1
688869881663020707,0.9519,5
688889872603868947,0.6249,1
688904156406185996,0.7840499999999999,2
688936911555385061,0.76522,5
689006718804065321,0.0,1
689064891433297723,0.5743,7
689086103065428994,0.8689,1
689130833955113080,0.5758666666666666,6
689135627793542917,0.9233499999999999,2
689152000088863204,0.255,3
689157829963984118,0.11215000000000001,6
689168826164538384,0.5718666666666666,6
689176861999188774,0.69908,5
689184426640223175,0.9182,1
689186476748361675,-0.22656,5
689326087696418943,0.643475,4
689364665094856993,0.5594,1
689427016619485170,0.8344666666666667,3
689558053589463539,0.5871692307692308,13
689587244694594565,0.6917,7
689616455408698394,0.46655384615384615,13
689634241853808761,0.7691,2
689637389076818748,0.6834375,8
689668173308252242,0.63163125,16
689720395007932767,0.8893500000000001,2
689823992075644724,0.8074,1
689868471831110350,0.6991,2
689882983338230940,0.5719,1
689926992105076457,0.2689846153846154,13
689935216922980807,0.982,1
689940113035929765,0.0,1
690352375716623747,0.938,1
690395974918774944,0.6486,1
690397539028383131,0.8207500000000001,2
690426883209373639,0.6673875,8
690442504956941333,0.21952000000000002,5
690487604415023989,0.5831,16
690500219678823624,0.726,4
690512453295018754,0.49995,10
690577362670168926,-0.25,1
690656351760885720,0.9446,1
690656579654969761,0.9855,1
690715395583044004,0.5207818181818182,11
690735675454815426,0.7232272727272727,11
691043640095025953,0.39804666666666666,15
691081171139336013,0.9904,1
691089916322128749,0.91,1
691125880278173354,0.8026666666666666,6
691161586272019175,0.7314,1
691173862137346619,0.22265,2
691194952240150824,0.76764,5
691281855140598107,0.06995000000000001,2
691284017611869277,0.971,1
691311687776870367,0.85,1
691313038106435336,0.8463,2
691663451576475801,0.0,1
691704967499565747,0.24471666666666667,12
691728124003652736,0.7359857142857144,7
691735491185463137,0.7399199999999999,5
691741965610096024,0.8235,2
691752328194713442,0.8150299999999999,10
691768526358594843,0.59159,10
691795939251662590,0.66135,10
691830162789331289,0.0,1
691837570854776580,0.8132999999999999,6
691841874118811466,0.9218500000000001,2
692014537844308929,0.93865,4
692083405454444971,0.9574333333333334,3
692242834715019671,0.8644499999999999,2
692462026252721112,0.9099,1
692594308152974683,0.91005,4
692623438889641756,0.72685,4
692827565590250592,0.7202,16
693222194292644707,0.2351333333333333,3
693281220488938796,0.855,1
693379681834850129,0.9652,1
693487869095756237,0.7311428571428572,7
693513540630156697,0.86355,4
693607191198865775,0.7702,2
693916243602211439,0.9041,1
693998562227768491,0.7426,1
694017710278268976,0.9588,1
694131552607786250,0.0,1
694197025496757447,0.9287333333333333,3
694274024603746890,0.8126,1
694332350084087551,0.8245999999999999,3
694605981524189929,0.9581,1
694643997451893961,0.44885,2
694651363319927940,0.49840999999999996,10
694690885562798327,0.31195,2
694693813260944653,0.42700000000000005,5
694721084603480141,0.9081,1
694747543044095919,0.6017363636363636,11
694791297761216933,0.93475,2
694861536904410668,0.9523,1
694959221981146155,0.9904,1
695066561124094002,0.94485,2
695161056776631655,0.0,2
695230447149142441,0.9325,2
695272221956989242,0.25974,5
695358535673525636,0.9597999999999999,5
695439215238315703,0.9928,1
695448036334143858,0.94415,2
695719531221198388,0.30957142857142855,7
696007816639573172,0.8083499999999999,2
696089631374205782,0.42004444444444444,9
696091385514761994,0.5989,2
696114067479217584,0.46405,2
696176860711821516,0.9408666666666666,3
696247697279241875,0.9493,1
696272492400059025,0.9353,2
696423121294944344,-0.7906,1
696468387460765954,0.7917,7
696880776672374783,0.9244199999999999,5
696890324429755623,0.7339,7
696926340539029498,0.0,1
696942315982111052,-0.11804999999999999,2
697001587149745458,0.8632666666666666,3
697132773513442902,0.6638166666666666,6
697705078565812137,0.9841,1
697741886495059197,0.5727,2
698105115394901152,0.0,1
698240138215307932,0.9217500000000001,4
698504300602471315,0.7744375,8
698505037131457391,0.533125,4
698560203172687401,0.6073818181818182,11
698849247113148904,0.784,1
698853415110195259,0.47459999999999997,3
698997630181867341,-0.1531,1
699026890631383690,0.8032555555555556,9
699061897989865789,0.6394555555555557,9
699063146165720086,0.8726750000000001,4
699129248419666493,0.6569750000000001,4
699182697103267294,0.94658,5
699189727002160740,0.27536,5
699191041170027381,0.8957,1
699263334044407678,0.17710999999999996,10
699385780126157038,0.78405,2
699646477476634413,0.9527375,8
699712905056134995,0.96915,2
699756261797647649,0.897,5
699789491505451051,0.5470428571428572,7
699793933650394163,0.6032181818181818,11
699812094479884622,0.9501,1
699827289409875553,0.3415625,8
699853723921560654,0.47685,2
699920733431380329,0.78515,2
699947509748206887,0.9643,1
699995911903423043,0.64269,10
700015459934833533,0.08378,5
700027173330030310,0.1790857142857143,7
700307810220029667,-0.13996666666666666,3
700372571399281084,0.5703,6
700425797653912014,0.8787,1
700613225982559613,0.805775,4
700622842089504993,0.5729200000000001,5
700717231412177117,0.9194545454545455,22
701221435755198929,0.7184,1
701235260288208830,0.6016333333333334,3
701263487279479290,0.9176,2
701337913125403130,0.86035,4
701368000990701813,0.9458,1
701383642414691619,0.18833333333333332,6
701488993426925221,0.8991,8
701525927468266997,0.9753,1
701870701991128272,0.2131833333333333,6
701973763223523597,0.21552857142857143,7
702024790981911328,-0.3164,1
702120446764300835,0.7845,1
702137240973272577,0.9409000000000001,2
702237413678920965,0.3005,11
702589755990594728,0.8888,2
702641958806405052,0.8794,4
702650148229795897,0.70775,2
702659761427610235,0.82175,2
702661355255741804,0.93896,5
702736493192692577,0.9753000000000001,2
702744481267928338,0.9507,4
702760670894695820,0.7569,1
702814918803973268,0.4471333333333333,6
702858655274599279,0.8172,1
702896325614292704,0.63425,2
703018917547698090,0.6393166666666666,6
703051940557490501,0.5228727272727273,11
703052563819820576,0.2707875,8
703360079194965857,0.42253333333333337,3
703388082933621701,0.85715,2
703395065870446164,0.6796076923076922,13
703591907639796390,0.9718,1
703628753620015511,0.5727538461538462,26
704035110803318677,0.9793666666666666,3
704039687234466419,0.5675555555555555,9
704047250838137244,0.0,2
704053796216645969,0.318,2
704097998801468523,0.8325,3
704114685857016154,0.8176,1
704131359757694863,0.883,1
704138257899926150,0.9856,1
704193738542467257,0.8684,1
704200465820710559,0.8436,1
704233644051380226,0.75585,2
704615975731449749,0.7435333333333333,3
704784330563636660,0.18792,5
704796088253061536,0.772475,8
704849344426799417,0.6249,1
704885669936870952,0.9768,1
704893780742952369,0.27085,2
704908006326966780,0.47578571428571426,7
704938979226855856,-0.2003,1
705062478433578968,0.9338500000000001,2
705090508247427622,0.8658,1
705435047647284011,0.704875,8
705436394055793735,0.8701500000000001,6
705579031391186103,0.8390666666666666,3
705590827333153470,0.8953,1
705607289638455790,0.45260000000000006,6
705806003504770584,0.9322,1
705882527017221885,0.36345,2
706113952882073034,0.4404,1
706209567421886950,0.6353,1
706247698606799426,0.26174,5
706276889575316541,0.7901,1
706559703958423442,0.8561399999999999,5
706852019161041326,0.9823000000000001,3
706882149368972916,0.854575,4
706923103236930775,0.34,2
706952497033172360,0.08617272727272728,11
706956845569184480,0.3868666666666667,3
706965747955781824,0.12315000000000004,2
707065459763180816,0.4224,4
707786930883506165,0.8047,1
707822189375660286,0.28595,2
707832665848829532,0.6734,2
707845200971582792,0.19679999999999997,2
707853594334642134,0.784,1
707921316263570825,0.9686250000000001,4
707943227331283705,0.9872,1
708018410467773393,0.9098,1
708349056080074153,0.2732,1
708538984487078150,0.9751,1
708605485982514437,0.96575,2
708621915922630275,0.4588,1
708665419615154998,0.9061,1
708679324639403576,0.9578,1
708771600752713682,0.9494,2
709013440567125285,0.5272,4
709190193585442881,0.89705,2
709195730257567045,-0.9698,1
709217142605610648,0.9721666666666667,3
709223528979930143,0.605,2
709237062858562893,0.9462999999999999,3
709253362787719747,0.2132,7
709329287972571225,0.9369,1
709391450503000632,0.9295,2
709411929196101968,0.9101,4
709807242626769976,0.12480000000000002,3
709893751467615023,-0.5423,1
709911431595194944,0.6793,1
709955876287316729,0.5563,1
710176658412856992,0.6204333333333333,3
710199158430485598,0.9374333333333333,3
710374119366654140,0.28813333333333335,9
710545468523543116,0.5719,1
710633355135436332,0.0534,3
710659292284693157,0.0,1
710664226596861432,0.03280000000000002,3
710675419232670160,0.9883,1
710679275564504288,0.8834,1
710947427974650033,0.45396000000000003,5
710962517882625647,0.6285999999999999,3
711332541194407206,0.7982642857142858,14
711354428566860979,0.7074,4
711354666866273665,0.9595,1
711360348015164630,0.4019,1
711366796447844464,0.4927,1
711429311596762041,0.8553,1
711449089124050734,0.4688,2
711465676589732742,0.4942,3
711469620393686421,0.9944,1
711484340288601348,0.346,2
711494791361637446,0.9006000000000001,2
711517903432429338,0.094825,8
711701993021976066,0.789525,4
711751879519414543,0.9966,1
712003550231600013,0.9860000000000001,3
712241539820135099,0.32683333333333336,3
712758500337246668,0.0,1
712785829714277096,0.9664,2
712792906913471207,0.7766500000000001,2
712823178340642992,0.3292333333333333,3
712825652427750805,0.37949,10
712883422339654991,0.7169000000000001,5
712896775389971773,0.30523333333333336,9
713103816643017028,0.9547,2
713499731211506879,0.5043357142857143,14
713592553565243561,0.0,1
713630023518287288,-0.9309,1
713714583832655297,0.9827,1
713757822365183238,0.9001,1
713798062357210037,0.9347,1
714174206406601786,-0.8439,1
714190245643254425,0.0,1
714203200661255693,0.92245,2
714317533894936122,0.94365,2
714372445091861833,0.27974999999999994,4
714427499025924409,0.0,2
714492400030422458,0.88655,2
714542734604192992,0.97095,2
714811244618174295,0.8625,1
714882835165295593,0.8377,1
715008941800742363,0.9474428571428571,7
715061326598594110,0.8271,1
715120272925578302,0.9624,3
715134111218799902,0.5474,2
715135378800887010,0.6499,2
715213505221506964,0.6406166666666667,6
715227032426789166,0.7862833333333333,6
715273684941282009,0.7421,8
715290543006922168,0.9722,1
715731391589474356,0.937775,4
715781594716425659,0.7051666666666666,3
715782453008407401,0.0,1
715982660700620740,0.96,1
716256409590459725,-0.697,1
716303232517847950,0.0,1
716351764501227260,0.9186,1
716397242313262813,0.714375,4
716437919869139966,0.5257999999999999,6
716443369944356447,0.5714666666666667,9
716466688501868961,0.8481,1
716472657078131343,0.59625,2
716480493506441696,0.8576,1
716512950243455417,0.8774,7
716627618061669279,0.371,2
716646971002777519,0.8858,1
716703679022710022,0.5576666666666666,3
717087993191477539,0.9838,2
717157294234028801,0.9855,1
717197136532581394,0.71465,2
717360181249206030,0.0,1
717725090222279906,0.3042,13
717841068487496373,0.6523,5
717846622427439841,0.9646,2
717882744514598461,0.6249,1
718020982938407441,0.31138,15
718137386708981109,0.9726,1
718150697015229936,0.20483333333333334,3
718610255260067276,0.9778,1
718725160630788662,0.80845,2
718786864608698766,0.9406,1
718797144332407457,0.8851166666666667,6
718840014412820501,0.964,1
719240026890197114,0.9521666666666667,3
719320999047797374,0.8622,1
719422946284918180,0.9621500000000001,2
719439020466791505,0.66136,5
719507818189283828,0.89495,2
719511619201126105,0.9744,1
719632680888489299,0.9601500000000001,4
719943475907980806,0.58304,5
720020484710620217,0.73315,2
720144377018328871,0.9538,1
720209031250903846,0.6481333333333333,12
720308546417802710,0.296625,4
720464967110280108,0.882,1
720661270088273885,0.8218,2
720668544183600375,-0.9873,1
720741742626262643,0.9888,1
720933175442258363,0.3399375,8
720968255936128038,0.37875000000000003,4
720982492359639676,0.9571,1
721077532668904362,0.492675,4
721085292620994106,0.7673,1
721093494935880028,0.7152499999999999,2
721098666598532868,0.4922066666666666,15
721108815776043585,0.6088666666666667,12
721114733723220490,0.7874333333333333,3
721418013988991067,0.8805,1
721538169777037706,0.8932,1
721548446721789727,0.6102666666666666,3
721558134848819681,0.9648,1
721826168523372995,-0.9769,1
722287446793078742,0.9514,1
722400772337814101,0.9756,1
722416741876107832,-0.5574,1
722551413824346046,0.90045,2
722896183858458369,0.8793,1
722904549334399126,0.5072,7
723096067487693180,0.9842,1
723179489028170970,0.6124333333333333,3
723635404711375388,0.9042,1
723820456804139066,0.49088571428571426,7
723839067916251105,0.10115,2
723872467124957287,0.420775,8
723930057335156367,0.28196666666666664,3
723943740983045709,0.853125,4
724003889033660049,0.12038571428571429,7
724362745375733297,0.6581,3
724382749040525518,0.3719,2
724396391487872636,0.8616999999999999,5
724493112662511471,0.0,1
724530347424798087,0.0,1
724532486549081764,0.9403,1
724550229991463056,0.735425,4
724550566589470823,0.8775999999999999,2
724687068187207212,0.7636499999999999,2
724710659088789545,0.6249,1
724753901003745709,0.9482,1
724956817316492926,0.6826285714285714,7
724959095706092080,0.73124,5
725240133316542342,0.39538,10
725487253266505614,0.9713666666666666,3
725830618325227339,0.5175666666666666,3
725847055551225958,0.688825,4
725867459120213374,0.9439777777777777,9
725873922833510544,0.3172625,8
725997163905688310,0.0,1
726061679539959495,0.8016,1
726461202169564772,0.0,1
726472759828858556,0.9758,1
726525986025309558,0.2023,1
726535513450756905,0.927,3
726582017410921322,0.8507750000000001,4
726589710326112609,0.4736,2
726613842585278610,0.8328200000000001,5
726631314596410200,0.2937,3
726754432361239010,0.909525,4
726828158745702636,0.03769999999999999,3
726877221806998954,0.9185,2
726925757888903935,0.7896583333333332,12
727191680449530677,0.34555,2
727290889464200350,0.94575,2
727296407147158154,0.49036875,16
727386874353090424,0.451,2
727392876483910045,0.820675,4
727393983321907122,0.38449999999999995,5
727482222293188796,0.7505857142857143,14
727499042610872364,0.7683500000000001,2
727505799140210069,0.6568999999999999,3
727899960172466006,0.7579,1
727982134865097716,0.9565,1
728114054425909447,0.8897,1
728115735146967904,0.9933,1
728132783928407378,0.3709,6
728133907934885096,0.71058,5
728207439136666782,0.08584999999999998,2
728228466490263020,0.7663,9
728359977977803004,0.9479599999999999,5
728455104790096262,0.8402,1
728640440500215535,0.94235,2
728641023017163927,0.8977,1
728675969870071536,0.5563,1
728712754145273463,0.9364333333333333,3
728755121139076552,0.35329999999999995,3
728831175907279019,0.9659,1
728976793211037885,0.38811428571428574,7
728984490941041220,0.818225,4
728990839599150574,0.5009750000000001,4
728997818617795381,0.75255,2
729043136635748054,0.0,1
729081338544666101,0.6169,4
729420672031648222,0.5859,1
729427642664252323,0.7375,2
729460781307589853,0.89054,5
729463108792525223,0.6417866666666666,15
729469251979427399,0.48900000000000005,6
729485452633750519,0.71376,5
729511523791528346,0.602225,8
729557586242953952,0.5969,8
729582457630670733,0.5826266666666666,15
729585395213129973,0.5737727272727273,11
729601421780477267,0.8963800000000001,5
729606269403106143,-0.5994,1
729676997952177017,0.9733,1
729686333527588449,0.14429999999999998,4
729692989725313899,0.12040000000000001,3
729703538757922277,0.16226666666666664,6
729737844457044698,0.0,1
729748932311193766,0.0,2
729749426623153419,0.9274,1
729769289580321660,0.516175,4
730118413223051235,0.6261333333333333,3
730119403767939920,0.26457777777777775,9
730187818922843391,0.30045714285714287,7
730322461324321194,0.9432,1
730439587224582562,0.9665,1
730606811692196460,0.9844,1
730810954459694263,0.8748,1
730812679056018848,0.8479666666666666,6
730823678792380352,0.6147999999999999,3
730873022320091473,0.94325,6
730890460432576349,0.6369,1
730926590002583938,0.9732,1
730927310065695937,-0.5994,1
730979333062318681,0.9778,1
731066954103793849,0.0,1
731080276734026987,0.7943,1
731127294615409527,0.6239,1
731130134995090833,0.148,2
731132068177296781,0.3839333333333334,3
731138042493154818,0.6523833333333333,6
731248232757645279,0.9322,1
731266713255712349,0.9285125,8
731492394980903987,0.8805,1
731631202166540094,0.92025,4
731632446556263713,0.8481,1
731671484932555729,0.6249,1
731703307525794105,0.8875,2
731705611500571663,0.596425,4
731745360065121059,0.490204347826087,23
731788086919389230,0.9095,1
731789954124661937,0.39592,20
731795433809156368,0.6772818181818182,11
731860734567721110,0.318,2
731898449478179843,0.9874,1
731937829719028856,0.892,2
731938822404059443,0.38505,2
731942420004998645,0.624425,8
731944939172359477,-0.9261,1
731948309686220384,0.78982,5
732220350285981426,0.9356249999999999,4
732264625176727216,0.27771999999999997,5
732343327925151242,0.8056,4
732389811930250263,0.711,2
732459179008194902,0.84175,2
732565910712860014,0.4367,2
732607367387481306,0.9209,1
732632059721982551,0.8966,3
732991670988684690,0.76705,2
733119733069564943,0.9759,1
733157651694253258,0.8207,2
733236080007720816,0.6365999999999999,3
733306652818864256,0.37185,4
733327431040600522,0.5777333333333333,3
733329174468462299,0.39381428571428573,7
733332326017749790,0.6782666666666666,3
733417097081021690,0.48525,2
733668724518677383,0.0,1
733745000782905160,0.9501,1
733752139979708943,0.3279,3
733781791346066794,0.824425,4
733842540470134735,0.31245,2
733885459969624264,0.0,2
733932789652138826,0.0,1
733969376915686389,0.9382,1
734058772303863370,0.93645,2
734084688751863723,0.9571,1
734127128746224113,0.1790857142857143,7
734516999957733627,0.9621,1
734519629867599261,0.93775,4
734673125281797019,0.8720333333333333,3
734675195183325489,0.9467,1
734693913300389545,0.9136,1
734849527190112638,0.95985,2
735025024644205743,0.6218,3
735266892476880785,0.9395,1
735285794003854422,0.5502666666666666,3
735317289027592570,0.4115125,8
735330823980526934,0.266,5
735336057451165924,0.29875,8
735347052499015883,0.42818000000000006,5
735419447133968603,0.46846666666666664,3
735451343580380375,0.6748428571428572,14
735505854952395227,0.962,1
735539372587408887,0.43100714285714287,14
735596009040486362,0.08574999999999999,4
735738628713914824,0.9502,1
735852879029530637,0.8067500000000001,6
735987131247833637,0.3182,1
736021978950294981,0.0,1
736043532747640055,0.7619333333333334,3
736044144011034308,0.10606666666666666,3
736059954420484082,0.8477,2
736069071263757182,0.9439833333333333,6
736115066901198225,0.054525000000000004,4
736123185433424266,0.0,1
736138197060887526,0.93355,4
736165737595358436,0.90534,5
736175630678996299,0.8354499999999999,6
736261937827553956,0.96425,2
736268668364218153,0.8973,2
736653348294695838,0.9258,1
736658537930834668,-0.18583333333333338,3
736661369570228035,0.45575,4
736698257977062524,0.83065,4
736717180759555867,0.5224833333333333,6
736745182541384383,0.5739,2
736765691077350308,0.7095,2
736778282872025309,0.934,1
736786418613917024,0.60165,12
736895021918282297,0.6560857142857143,7
736995810762857268,0.9332333333333334,3
737065446698001818,0.34467222222222227,18
737344262797345622,0.7325266666666667,15
737347139199615249,0.5719,1
737359833269596194,0.77687,10
737410888288241824,0.4061,2
737427511412872142,0.9776,1
737435477668065323,0.39904999999999996,14
737526155169210714,-0.01717499999999999,8
737540415939297265,0.836,1
737648827885048822,0.8975,1
737652410011242145,0.9379,1
737655482979921090,0.8927,2
737748722164732323,0.7631333333333332,3
738023583284438673,0.9139,2
738092693671089956,0.8592666666666666,3
738097313271454381,0.41136666666666666,3
738124532794317834,0.9409,1
738188267106715125,0.953,1
738755923312687885,0.7456,5
738857441180405393,0.4781571428571429,7
738868163761383829,0.6262571428571428,7
738874539703858750,0.9752,1
738955957845674226,0.87966,5
738975588348282808,0.9846,1
739049867439420852,0.14378571428571427,7
739111528401325717,0.3106,3
739169125560442250,0.97855,2
739252632623329750,0.4215,1
739533354344138417,0.364475,4
739561126252288059,-0.9694,1
739613239597411986,0.31425,6
739632663498909469,0.9588,1
739671635875425942,0.9358,1
739900181649757021,-0.7184,1
739958807054791035,0.38216,5
740281484919121074,0.7964,1
740291923139970756,0.7163076923076923,13
740350635981679341,0.9803,2
740448035116965087,0.39805,4
740467342524702245,0.978,1
740501446799582341,0.5692999999999999,5
740577992688311301,0.9873,1
740621061751088793,0.9430333333333333,3
740659400788297041,0.3053571428571429,7
741032831189375279,0.9652,1
741049957299761570,0.46258888888888894,9
741051228464264400,0.9428,1
741175706920139239,0.5719,1
741210192136679718,0.9956,1
741252287798502741,0.7958333333333334,3
741294719306223472,0.9355,1
741693533764322577,0.8968,1
741844516903326165,0.9704428571428572,7
741851010572309478,0.7971,2
741964108662709568,0.8478200000000001,5
742032093492125087,0.9099,1
742048434207040161,0.0,1
742063922710227355,0.869025,4
742065370244008677,0.44975,4
742067995461994101,0.8881,1
742163223190750608,0.6632800000000001,10
742461548099899603,0.83335,16
742508629718028260,0.48395,2
742513440608079485,0.926,3
742515705532544473,0.8954,3
742515825000790844,0.6249,1
742515924765846595,0.2101333333333333,3
742527810338769105,0.0,1
742593656534610909,0.5106,1
742636664629469532,0.31357500000000005,4
742651674416232658,0.5423,1
742809065450388199,0.6748999999999999,5
743133235559270477,0.6706454545454545,11
743173704536434729,0.6428,1
743178426095882004,0.9585666666666667,3
743192119045270139,0.38491,10
743197938795888135,0.9595,1
743228710889576975,0.7940166666666667,6
743312300261142448,0.6534111111111112,9
743434203554493449,0.8805,1
743530361453438940,-0.2263,1
743592303453982993,0.0,1
743903494436796100,0.78225,4
743926421598435202,-0.9761,1
743951483305575909,0.9435,1
744016269230928773,0.0,1
744165962197298947,0.7617333333333334,3
744179782594411344,0.8402,1
744680843643554928,0.9535,1
744728888665750578,0.8268,1
744739958456023250,0.5834400000000001,5
744778136700212316,0.9816,1
744945650417944982,0.372625,4
744958905261871240,0.3294,2
744969471034481515,0.9181250000000001,4
745011587856981277,0.56195,4
745011785467314102,0.1119,2
745361470972704875,0.8066,1
745471782167271105,0.5297000000000001,3
745490298482874087,0.8518666666666667,3
745503683922294839,0.7783,1
745574996139659238,0.9480333333333334,3
745576559210675164,0.9497333333333334,3
745591024145819205,0.8658,1
745600428236616612,0.9128499999999999,2
745623473404597994,0.0,1
745659895274490378,0.0,1
746256240425912422,0.74108,20
746384692627796232,0.4948,2
746392699823396798,0.9668,1
746769116079486473,0.3964,5
746934981649060654,0.2978,18
746982137249484636,0.7461153846153846,13
747007583434733096,0.7521,2
747204787547695489,0.2794,4
747509748712645647,0.9217,1
747510335247791772,0.5719,2
747510572194833086,-0.006649999999999989,2
747511665391853814,-0.8316,1
747512626098257266,0.2023,1
747599997060986064,0.8824666666666667,3
747611267917624441,0.29364999999999997,2
747638938155832758,0.8807,2
747706540211319713,0.0,1
747834810035025043,0.8539999999999999,5
747890187149721302,0.47607999999999995,5
748227413384486401,0.7649,2
748248097858176573,0.694025,4
748387468976363157,0.5411,1
748399457375034902,0.9474,1
748480874560035501,0.7581,2
748485613283507246,0.7184545454545455,11
748568274521658469,0.679,11
748572217531682486,0.5639000000000001,2
748712294745010783,0.5778333333333333,6
748995245202677253,0.6239,1
749108473325538821,0.79218,5
749113411636313569,0.9184,1
749144293639426563,0.6732625,8
749212514575453914,0.9718,2
749216299169105072,0.89655,2
749266680835977243,0.76905,4
749289289631704233,0.9197,1
749301820288148750,0.8990444444444444,9
749318508755829985,0.8618,2
749334451808609512,0.9787,1
749578832902006122,0.643,5
749698263359225006,0.7205166666666667,6
749737766862761058,0.10954285714285714,7
749890686377124825,0.9213666666666667,3
749930179195107385,0.0,1
749991267347024954,0.6997466666666666,15
750002900649102713,0.9310499999999999,2
750111344253606976,0.57145,10
750393249719542033,0.3398666666666667,6
750403931575420148,0.2909333333333333,3
750409643558867040,0.45652,5
750414395049117224,0.21641249999999998,8
750443167238801225,0.07769999999999999,2
750451670973153734,0.5360333333333334,3
750455942664877968,0.946,1
750476272029917705,0.5471333333333334,3
750505582041565745,0.47975,2
750511789628253985,0.9951,1
750580010571049797,0.7096,1
750655320056152874,-0.128,1
750832848556935044,0.3698666666666666,3
750904038630459366,0.15095000000000003,4
751166187562490087,0.44667500000000004,4
751286638853936530,0.9686,1
751337029793582060,0.925975,4
751357699700182452,0.8887,4
751364426266038221,0.14049999999999999,3
751381536477733646,-0.0710142857142857,7
751400666932701843,0.7904833333333333,6
751412313554560657,0.0,1
751417915080868065,0.36664,5
751572151889743561,0.5994,1
751893754352350396,0.9547500000000001,6
752015112028973582,0.8074,1
752016472235799483,0.9474,1
752034423215137900,0.71555,6
752088922083113606,0.72988,5
752136418638994487,0.6230666666666667,6
752172221845049371,0.4363,1
752186628412824041,0.9685,1
752664907782422848,0.22844000000000003,5
752670520055798094,0.7346,1
752712228511993830,0.7658,4
752888970195036330,0.08895,2
753338396989394303,0.9533,2
753349446570500786,0.9822,2
753406288103208738,0.9580333333333333,3
753447721377501154,0.695378947368421,19
753493503719827791,0.8635333333333334,3
754077387836899417,0.8408,2
754113402467774018,0.45445,4
754141519454395627,0.9184,1
754201885295448340,0.79684,5
754204990587429008,0.6811333333333334,3
754224700336044192,0.9537,4
754297089592933237,0.350125,4
754334547110973953,0.9372,5
754342739557713913,0.8948,1
754383291827464446,0.6442,8
754407756910010478,0.9689666666666668,3
754500536077935992,0.6077,1
754735345018887661,0.5671666666666667,3
754790065666398426,0.6327499999999999,2
754888600144975720,0.9459,1
754910286684944352,0.9663999999999999,2
755012016062132123,0.911375,4
755027557133401921,0.5972000000000001,3
755103499630457759,-0.8687,1
755218150425843629,0.59934,10
755560384503012223,0.9738,1
755588351273806731,0.9595,1
755620917034555292,0.6380333333333333,3
755623175778379638,0.46795,2
755662142725406238,0.6797500000000001,4
755669169612832063,0.9477,1
755669390408459627,0.5859,1
755671487125094523,0.4576,1
755730469842064999,0.9491499999999999,2
755752193587711019,0.983,2
755809003301295895,0.9923,1
755887210457392303,0.0,1
756189816438958496,0.974,2
756209446763127716,0.5831,5
756238746299695907,0.8783666666666666,6
756273368959808878,0.7818999999999999,3
756339726902573865,0.7307333333333333,3
756375432102632313,0.9509,1
756423665548895608,0.3612,1
756441507574739503,0.6426166666666667,12
756547590276332252,0.7418666666666667,6
756548755816106645,0.9381,1
756608307133408286,0.9086384615384616,13
756684184384694321,0.3612,1
756730890738759961,0.5719,1
756967811183848138,0.9674,4
756976110888626250,0.2903,4
757076798655100929,0.6100666666666666,3
757099124873958548,0.2732,1
757117011635467802,0.9409000000000001,4
757151458669670133,-0.11769999999999999,4
757171116740933210,-0.631,1
757175692924658989,0.5244,1
757691601344850126,0.97895,2
757702874243195655,0.7292333333333333,3
757723283441351711,0.87185,2
757763820078556066,0.12745,4
757783819388390136,0.9275,1
757791494615689710,0.4844,3
757869128712586242,0.0,1
757872537486791418,0.9899,1
757904222611890029,0.9508,1
758061897996555466,0.0,1
758421862408476388,0.2715,3
758448416294151803,0.4416,2
758531195342702343,0.7467999999999999,2
758663379921386593,0.6836769230769231,13
758779279585705486,0.9578,1
758790765361977138,0.0,2
758796529727710962,0.7995,2
758800978358729109,0.6486,1
758858749975870535,0.9484,1
759131746133273300,0.808,1
759212571068521611,0.9683,3
759268294604938810,0.9811,1
759346804745717174,0.7588999999999999,2
759348984663746966,0.95794,10
759408144409952082,0.7453700000000001,10
759821363757170962,0.9158,3
759890128027870413,0.93485,2
759893076382681532,0.9508,3
760068223793722682,0.8266666666666667,3
760084515358888991,0.54225,4
760096767922661481,0.9270666666666667,3
760218339840418185,0.90358,5
760315924979735303,0.9784,1
760660051224556155,0.9271,1
760709618599443491,0.9386,1
760752889428107581,0.2446,6
760819468743625289,0.7414000000000001,2
760874520586054038,0.967,2
760888546050795247,0.50958,5
761320889372704902,0.9732,1
761477825454216436,0.91,1
761493176791804117,0.5693,1
761501570887385272,0.0,1
761525628719505652,0.4733,4
761606892017181202,0.9615,1
761655790736658933,0.0,1
761663044558280274,0.7671666666666667,3
761663315519951050,0.418,2
762017710389834161,-0.5994,1
762229681557092475,0.9588,1
762267144666857535,0.8431,4
762296302969329423,0.8516,1
762300796333710947,0.8858,1
762304344458718894,0.7795333333333333,3
762448971005831648,0.4019,1
762756033863379168,0.82172,5
762832467905253597,0.9585666666666667,3
762875205051694355,0.7071,3
763325884117143486,0.8583000000000001,2
763564428305979975,0.6249,1
763568198974727159,0.5932999999999999,4
763623109703693217,0.8224125,8
764246242752737748,0.9322666666666667,3
764343409333259907,0.6286999999999999,3
764370399470684665,0.9821,1
764407444677545824,0.3286666666666667,3
764463432113235878,0.7511,9
764464039597568539,0.6733,5
764555569532613674,0.8228625,8
764580847548519760,0.29295,2
764919326110001025,0.7969999999999999,2
764926268286665533,0.8334,3
765103894013715777,0.836,1
765114336264466333,0.8181555555555556,9
765118194363456534,0.9617,1
765131162500924272,0.0,1
765132717878816212,0.7783,2
765135592901221525,0.9638,1
765156129338526970,0.3864111111111111,18
765156223920599809,0.1669,5
765275941171023476,0.9701,2
765310662973392512,0.5267,1
765319608367931874,0.9793,1
765346338702643038,0.14049999999999999,3
765363560118146372,0.9216599999999999,5
765666319950211252,0.9195,1
765685020659710774,0.8924333333333333,3
765693552854731734,0.8176,1
765709104976441530,0.8327999999999999,3
765710599998475170,0.9042666666666667,3
765711198997025874,0.7634,1
765727215522909398,0.7031499999999999,4
765749143614839987,0.7357999999999999,3
765818848136262788,0.6831333333333333,3
765877613773956256,0.0,1
765877847673666883,0.793575,4
765889402433810535,0.9372,1
765903092669816508,0.7263,1
765904720135697013,0.9358,1
765921795046858011,0.9684,1
765959923526754742,0.8353,1
765992202547986490,-0.401,2
766061272750718296,0.3329636363636364,11
766360067535270263,0.94215,2
766374029009935693,0.7115666666666667,3
766411517605685065,0.6872555555555555,9
766446360151502719,0.765,1
766487642755939379,0.48655,2
766496077393244250,0.8590666666666666,6
766510634932509693,-0.3344,2
766522821991194464,0.9617,1
766698990564930192,0.6588,1
766713047737079592,0.9776,2
766744333227575907,0.8144333333333332,3
767090884531850602,0.9576250000000001,4
767180852942910959,0.7777,1
767208727128958924,0.19104000000000002,5
767255371652287390,0.3518,2
767274784237253222,0.23639999999999997,4
767437766754125317,0.7896,1
767449777792704545,0.31845,2
767797140282673255,0.8725499999999999,2
767828753484169817,0.9273,1
767845512080858361,0.26639999999999997,2
767848692551606432,0.6761625,8
767938000990615261,0.39225,2
767992538703091333,0.6705,1
768033956012564846,0.9364,2
768034306937841820,0.9886,1
768065532557876209,-0.8316,1
768070704644849464,0.95415,2
768142552949584876,0.6448222222222222,18
768281480505784324,0.9349666666666666,3
768514760165679965,0.9364399999999999,5
768577697463565956,0.9925,1
768617812157480257,0.8685499999999999,2
768698345487289824,0.20655,12
768731768156031580,0.7973,3
768866622521323761,0.8669666666666667,9
769242249308233659,0.9574,1
769251676248378155,0.9423,1
769251896364288828,0.9564,1
769412709276496775,0.7388333333333333,3
769461549767658387,0.7431333333333333,3
769475599521475399,0.6705,1
769542311602464525,0.8655,1
769561882817508630,0.9119999999999999,2
769644718631977802,0.587175,4
769664246743128995,0.79025,8
769665634200290109,0.9841,1
769668613841172835,0.1674,2
769670259732708208,-0.91,1
769681515584989496,0.9166333333333334,3
770006286045608106,0.886,1
770034517072884974,0.5659666666666666,3
770107570551296411,0.32536666666666664,3
770188955374092271,0.5859,1
770328163917532274,0.8858,1
770393458182592735,0.7086666666666667,6
770490562535863162,0.465,2
770577237530276945,0.9133,1
770912747595244406,0.8615999999999999,2
770993223449115417,0.824325,4
771399380741456706,0.6683333333333333,9
771431177343892221,0.2665,1
771485648200381686,0.0,1
771521537188889021,0.7454000000000001,2
771528766850646016,0.82175,2
771533192712832581,-0.010066666666666668,3
771557659289483353,0.90672,5
771560084762714228,0.64205,2
771609164649026837,0.48475,2
771630734947317745,0.70012,5
771667238542465487,0.0,1
771745705732784709,0.4339,2
771892970139036814,0.55225,14
772166986486565443,0.937275,8
772301762164752786,0.9110333333333335,3
772396667446356917,0.8493666666666666,3
772435060010487892,0.86975,2
772500793516407815,0.8166142857142857,7
772535507797947214,-0.02065,2
772592098489813691,0.7171200000000001,5
772606317931075550,0.9874,1
772899473709115544,0.4717166666666666,6
772940510231484582,0.0,1
772974672694183055,0.7576705882352941,17
772978870151124539,0.765,1
772983667777788873,0.46695,2
772992764960478159,0.6966,4
773154851111355910,0.8481,1
773230750445965095,0.4404,1
773244574750779679,0.8398,1
773329669584962310,0.6494666666666666,3
773445307118167206,0.912,2
773746414860574305,0.9331,2
773822403319709711,0.9378,2
773944157284985044,0.648025,4
774052315721135859,0.5719875,8
774061637963678253,0.8176,1
774422663156591063,0.88295,2
774452354223821277,0.9872,1
774507319364761562,0.7215,4
774601195714069117,0.4778,2
774615507282925744,0.0,1
774637804385983499,0.9513,1
774696321821325313,0.16844285714285714,7
774738535137164133,0.20095,2
774744815962858757,0.9907,1
774753491948292365,0.9616,2
774755521286306895,0.5160333333333333,3
774757623740414766,0.4993666666666667,3
774762058311186389,0.8658,1
774764536207136242,0.9003,1
774773596002323326,0.78135,2
774775100051250802,0.4215,1
775106281907520742,0.44557142857142856,7
775141824534936389,0.5719,1
775144694671492357,0.762,3
775334431408836119,0.48215,2
775343613470213064,0.9082,1
775391527804168223,0.91265,2
775416944681850813,-0.7783,1
775435004933575665,-0.6571,1
775437911520619150,0.9533,3
775469484762261072,0.9861,1
775737142290690783,0.9948,1
775877545453468719,0.67188,5
775937996033405150,-0.03636666666666666,3
775996794101481169,0.5932333333333334,3
776084409169820493,0.978,2
776137079010637410,0.9565,1
776158450548919137,0.7125857142857143,7
776559224745343662,0.09756666666666669,3
776560489515451355,0.9736,1
776578754842289728,-0.9808,1
776591255222328037,0.0,1
776596914108226245,0.7679999999999999,6
776621212981084415,0.9365,1
776692174675420695,0.97285,2
776694893440497020,0.2083,3
776725720927697827,0.31245,2
776727291981245687,0.5964,4
776760564377395602,0.93515,2
776793333124228148,0.0,1
776834521751241323,0.9153,1
776933485774073202,0.7086,1
777202871715028087,0.547575,4
777291921361766293,0.909,2
777305367099100866,0.9282,1
777362574581153945,0.7751,3
777399202576549913,0.9606,1
777410973767273456,0.9114,2
777420010938345622,0.8086333333333333,3
777515429453836860,0.62192,5
777606667115411471,0.8778999999999999,2
777660387402534117,0.5621499999999999,2
777972865352926916,0.54542,5
778043744938747948,0.4521,2
778098584391130386,0.8767,3
778132505943001123,0.8561666666666667,3
778202835402557636,0.3612,1
778299512764245974,0.12205714285714286,7
778378216914044244,0.9386,1
778390567770916148,0.5322666666666667,9
778448069427482379,0.36755,2
778624616976566081,0.44107142857142856,7
779017247576983079,-0.2263,1
779487351008499569,0.8613099999999999,10
779735471805883858,0.7664833333333334,6
779736001219252724,0.4010666666666667,3
779778251376053246,0.9475333333333333,3
779790179543141692,0.9697,1
779803518190501060,0.82164,5
780185837309095166,0.7484666666666667,3
780196966196035515,0.4776,2
780246264432114348,0.8735,1
780266110275745215,0.0,1
780373511496885251,0.457125,4
780453463983617398,0.9362,8
780509350475227876,0.5935,3
780528828156527498,0.89305,2
780840297696647861,0.9966,1
780896583943005961,0.39001428571428576,7
780907405152561776,-0.148,2
780911930961840556,0.0,1
780949109911304217,0.30863999999999997,5
781024113777220774,0.9039,1
781068955746536941,0.8098285714285715,7
781083648605481075,0.9424999999999999,2
781085634132802607,0.48825,2
781141682458682349,0.9516,1
781280852347656623,-0.057750000000000024,2
781702638887902691,0.9148000000000001,2
781736386355342202,0.1673,2
781738046981843003,0.682,3
781749229037177093,-0.4003,1
781777895705637466,0.8119000000000001,2
781791234203207962,0.9835,1
781801072360381339,0.87715,4
781827675553775112,0.8856,1
781831545813304180,0.7826500000000001,2
781856755872421698,0.8925,1
781878560903808090,0.49525,2
781896448410212465,0.7342500000000001,2
781944370717255210,0.9865,1
781946248323004178,0.483875,4
782013830098643447,0.7557777777777779,9
782072185790307901,0.7091500000000001,4
782113779714269615,0.736675,4
782313947727562539,0.6114,1
782353038182262414,0.8713,1
782366813719717243,0.72549,10
782397308616565363,-0.009275000000000005,4
782406764592650173,0.8259666666666666,3
782509053637079227,0.9480500000000001,2
782526940992391620,0.9649,1
782544762899954958,0.8642199999999999,10
783027473005833986,0.6187,3
783057805808364031,-0.10233333333333332,3
783061869227731919,0.9323,1
783252558212006643,0.47975,2
783261072074226895,-0.005699999999999983,2
783262182510193902,0.0,1
783435923075884209,0.0,1
783966360362913898,0.701025,8
783991285597473955,0.909675,4
784009414625241943,0.2914,4
784059691148258686,0.915,1
784865978380673510,0.02065,2
785264261149305163,0.8633,2
785378353204938616,0.9147,1
785429333809343941,0.5236357142857143,14
785436487137106802,0.94452,5
785447841335389675,0.31445,6
785514660831990600,0.5106,1
785533334640015703,0.77974,10
785551094912203274,0.6169333333333333,3
785671836949666444,0.5994,1
785685462989328038,0.5932333333333334,3
785997040712152085,0.5458500000000001,6
786116811910691633,-0.3395,1
786134136646828739,0.9336,1
786150823270163418,0.2377,2
786205359610603733,0.7560076923076923,13
786706508449392683,0.62594,5
786742872476690644,0.9523,1
786785762451647372,0.8041499999999999,2
786794236673774401,0.6943,3
786794731197545946,0.9709,1
786850519334297907,0.6119,2
786872186293338078,0.6769000000000001,2
786918057146764007,0.7092,2
786949546664893362,0.9761500000000001,4
787052668518603899,0.08460000000000001,2
787084279813460956,0.7133333333333334,3
787295747812944906,0.0,1
787400760525309768,0.0,2
787404040932371978,0.0,1
787404944219530128,0.615625,4
787421141179601033,0.313975,4
787448270263710883,0.21075,2
787490811022725813,0.8888625,16
787547668843819336,0.21075,2
787680772205257097,0.031,2
787806042535698962,0.8923,2
788225546836450593,0.80456,25
788225641009299427,0.76167,10
788226252283622265,0.8242,2
788234494835356111,0.4637,2
788286350320362742,0.0,1
788369570882446885,0.69906,5
788464448022303547,0.938,2
788478838387660028,0.10824000000000003,5
788858329727296351,0.9709,1
788897872711636508,0.94865,2
789131024756110351,0.9524,1
789286516823200118,0.9938,1
789600860954817809,0.71508,10
789754933131484809,0.6945571428571429,7
789766788311872704,0.8452999999999999,2
789934904399849211,0.9113,5
789954794593691037,0.7837000000000001,2
790060330466981276,0.8849,1
790267146612659672,0.9224571428571429,7
790284966100314053,0.95495,2
790311340510161682,0.8957,1
790531012504073876,0.15367999999999998,5
790538940692002683,0.5319666666666666,3
790545711081166172,0.9918,1
790672189611831800,0.1132,1
790762709247254345,0.7188428571428572,7
790803320883655359,0.4404,1
791088831176611501,0.49176666666666663,3
791092284950898857,0.7395400000000001,5
791150618894030422,0.15450000000000003,2
791231462761894543,0.4164714285714286,7
791425740550848537,0.9861,1
791728533812237154,0.8389000000000001,3
791794584274656144,0.13505,4
791820156528704257,0.9684999999999999,2
791912770274843646,0.9071000000000001,3
791949587670773357,0.8977,1
791967229879738955,0.8953,1
791970440621184563,0.902,1
792104271118003329,0.8516999999999999,2
792222031011321466,0.3044,3
792510074034625170,0.79626,10
792522926723851450,0.79588,5
792529796027051965,0.9459,1
792553787668875176,0.546,2
792553989964819199,0.8319333333333333,3
792574858086798071,0.43323333333333336,3
792578093641158393,0.8357333333333333,9
792678316657925874,0.9466,3
792725580032566202,0.87995,2
792739091935078590,0.953,1
792780919363070952,0.7759,2
793175292134529754,0.8507,2
793215570653027707,0.6018166666666667,6
793356072895893595,0.29963333333333336,3
793422161820118705,0.765,1
793886529019763770,0.8339000000000001,5
793977755010018293,0.6299166666666667,6
795020593484052382,0.9610333333333334,3
795352852282727615,0.646525,4
795491244556551624,0.95635,2
795656728484350497,0.501425,4
795665054467521606,0.9700666666666667,3
795687154460020433,0.7422,2
795737492266999431,0.9427,3
795750761317129693,0.9197,1
796171925783864034,0.8903833333333333,6
796177132729057173,0.8664,3
796199401011384372,0.8176,1
796234366239454496,0.9646,1
796323438671183319,0.4404,1
796468053118576318,0.7664500000000001,4
796475690652308750,0.8979,1
796483527435678297,0.6824,4
796502162516448602,0.4363,2
796518360568248674,0.9431,8
796534707079846594,0.7169,13
796535463295224840,0.67805,2
796862639226389397,0.453725,4
796899094493705684,0.45703333333333335,6
796913029394143717,0.9582,3
796963558350764665,0.97565,2
797162060371809268,0.8324499999999999,2
797586503659328872,0.4541,9
797587740732841129,0.15204285714285715,7
797607644421188079,0.8863,5
797783898015672877,0.9896,1
797848599856184910,0.8481000000000001,2
797953639689342841,0.7783,1
797963476383243528,0.4576,1
798535811947951510,0.9764,1
798536260695656272,0.540225,4
798568015427171167,0.5859,1
798596029232365760,0.4737,2
798619250267495311,0.794075,4
799174066244180644,0.5527,5
799239931886970276,0.0,1
799253786835786090,0.8461000000000001,2
799262039246663679,0.9090714285714286,7
799310601082893422,0.3737,2
799330220757572521,0.6856,12
799388781736800946,0.5687,3
799796015786433342,0.9312,1
799985864129216476,0.6316666666666667,3
800013155686879068,0.9364,1
800020851685069404,0.887525,4
800038879374450000,0.9236500000000001,2
800107292901859798,0.9804,1
800459428512657154,0.7867111111111111,9
800490306105799893,0.6227,2
800513032427999758,0.49444,5
800520486120164953,0.5106,1
800524607186872563,0.86395,2
800550159392661142,0.8175428571428572,7
800557628000975004,0.90894,5
800635178985109388,-0.0516,1
800694257621637664,0.7427,11
800721834640057557,0.9041,1
801050543513080565,0.938,1
801194254257191699,0.8503666666666666,6
801202021070482094,0.43937499999999996,8
801210121367481302,0.0,1
801291007394521134,0.4201,1
801366651097775610,-0.5095,1
801477932189104557,0.9527,2
801491557709224590,0.9449000000000001,2
801798345894074475,0.69002,10
801897931885904138,0.6249,1
801984679461533872,0.8908,1
802025050929634926,0.9180714285714285,7
802046861613334819,0.96975,2
802067185230516245,0.76675,6
802084200457325631,-0.0030000000000000027,2
802131029200346933,0.46645000000000003,2
802664975137712997,0.7088333333333333,3
802666385175823899,0.9815,1
802706257718364451,0.95375,2
802709427456555804,0.65374,5
802810789534952468,0.0,1
802988422849428185,0.664,2
803358875035745991,0.9251,3
803419326821535669,0.36112,5
803437473097357029,0.28564545454545454,11
803439168303995995,0.9659,1
803495316359939508,0.6116333333333334,3
803495373933450262,0.3601375,8
803577545549069372,0.0,2
803594970081791059,0.31246666666666667,6
803770617118170773,0.88735,4
803792490192602399,0.5928545454545454,11
803796825751686255,0.5833666666666667,12
803938950757596038,0.90805,4
804129076490734861,0.5411,1
804226388488041930,0.8716666666666667,3
804832476911921391,0.628125,4
804854464720798145,0.902,1
804889421497288645,0.9225,3
805049219011924385,0.0,1
805062463438125207,0.9772,2
805157854295145655,0.6588,1
805457471699428997,0.8969,1
805552253185575099,-0.9136,1
805575197771914847,0.5709,1
805575380764634217,0.9193,1
805629264013408825,0.2964333333333333,3
805711319410603825,0.92825,2
805799550913006327,0.4215,1
805918731060131208,0.9845,1
805958308811522790,0.8143,2
805985400594772744,0.8773333333333334,3
806213957584156698,0.6147333333333334,3
806267956026908956,0.9738,1
806294517481329048,0.36619999999999997,5
806295865983668049,-0.034099999999999964,2
806340983547116049,0.802,1
806386661649666367,0.908,1
806621390565435238,0.96235,2
806983627156055789,0.788,5
807029130149807434,0.6099,4
807044814980244483,0.0,1
807111283817363499,0.8294,1
807143167792426368,0.9388,1
807178324796546909,0.63246,5
807204177194684561,0.9672499999999999,2
807312314589022993,0.908,1
807365802241567358,0.5859,1
807413774576549273,-0.07674999999999998,2
807811636938122015,-0.0752,1
807818312956189136,0.7579,4
807837706740654917,0.8250500000000001,2
807849730782256091,0.58716,5
807881715366569946,0.9735,1
807891382917155391,0.6466,3
807911645219084829,0.6369,1
808423928870534133,0.97235,2
808433291373374207,0.7426,13
808599663975374203,0.730475,8
808602496541635614,0.38756,5
808658975294176346,0.6325666666666666,3
808848042226990355,0.5859,1
808866224708365777,0.6527000000000001,7
809320654844883816,0.09350000000000003,2
809481748064671711,0.9306,1
809519502922070152,0.0,1
809539178864818108,0.9774,1
809920300485696912,0.7274333333333334,6
809939701345671884,0.9841,1
809939744472794316,0.6295857142857143,7
809944312716465980,0.4588,1
810132251037266782,0.4823857142857143,7
810659240941570066,0.7574,1
810675323173314216,0.7471666666666668,3
810793578069126216,0.9426,1
810823251370164232,0.7906,1
810833389183760719,0.149225,4
810860149613975488,0.9517,1
810861122843082693,0.8024833333333333,6
810862933733243416,0.9483,1
810986479933760383,0.9531,1
811281940529802345,0.47209999999999996,2
811285673657878205,0.90265,2
811378253561825906,0.5658,5
811451031784471008,0.9812,1
811715522025043907,0.5654600000000001,5
811724436181403152,0.5679090909090909,11
811742039182926584,-0.22515000000000002,2
812005255809640242,0.7953333333333333,9
812040188687641936,0.0,1
812057359597558497,0.9263,2
812093113085973786,0.807,1
812105429936209477,0.7925,1
812135797008785635,0.5187166666666667,12
812206529747876236,0.36499,10
812219487507568427,0.0,1
812258298565774762,0.0,1
812319907352772534,0.35873333333333335,6
812320637977441249,0.9698,1
812321057215902521,0.6265666666666667,3
812321449458639139,0.749825,4
812322706663746841,0.87785,2
812677343218104221,0.3550076923076923,13
812783536249082903,0.11910000000000001,2
812810278656812923,0.6249,1
812812556092459726,0.0,1
812820035707891921,0.9385,1
812823242667594188,0.8263333333333334,3
812864961166500325,0.08091250000000001,8
812887628881411611,0.9877,2
812893384631762890,0.9467,1
812939911528321509,0.9179666666666666,3
813048062849346042,0.9366666666666666,6
813482931500013318,0.9626,3
813507535873195441,0.5719,1
813519793614787155,0.6652,2
813520900645425433,0.9176666666666667,3
813583570773753373,0.8126,1
813757589005108996,0.07776666666666669,3
813866729842567179,0.45765,2
813903827082735529,0.9231,1
813920272302324523,0.836,1
814000429357353728,0.5347111111111111,9
814252761554377343,0.84622,10
814441060082164070,0.938525,4
814689552818272948,0.7836,1
815102150567305491,0.9243399999999999,5
815106627799062389,0.8687,1
815107140071809209,0.88395,2
815112957159262905,0.9029666666666666,3
815162396209093807,0.9216,1
815228996174943580,0.7964,1
815236106966985435,0.9135,3
815248075579236646,0.5756,3
815251942004043663,0.05454000000000003,5
815288633177473431,0.47405,2
815404847394709108,0.47150000000000003,9
815682276651530210,-0.18114999999999998,2
815717375721535802,0.7437,2
815760352238230236,0.9845,1
815833637148370833,0.6784,1
815849178018527130,0.937,1
815855077479985965,0.8225,1
815899312939570926,0.71795,2
816058095663254056,0.9563333333333333,3
816384438716120945,0.8733,2
816398854730898376,0.46845,4
816473036014153955,0.9723,1
816485836196980792,0.4927,1
816545257371499533,0.9381,1
816572847834244160,0.9672000000000001,2
816575680252031838,0.9804,1
816577654242715717,0.0,1
816615026462118879,0.94885,2
816707119197026731,0.7379000000000001,3
817077911656313476,0.0,2
817101152225543828,0.9177333333333334,3
817110168860541332,0.0,1
817116762292133388,0.9454,2
817124120071451716,0.9805,1
817125422723753418,0.8464,3
817126327778294953,0.9623999999999999,2
817140310404626630,0.7665500000000001,2
817202769049621725,0.836,1
817231087983171946,0.6263,3
817231660217174626,0.9315333333333333,3
817265890540008191,0.7677499999999999,2
817277449774979570,0.9528399999999999,5
817312589657791429,0.5859,1
817312893070689813,0.4676571428571429,7
817500004674394527,0.6394000000000001,3
817501026888590621,0.9845999999999999,2
817565215404558457,0.8188000000000001,5
817889825631065825,0.244275,4
817971665422163129,0.0,1
817983019380175198,0.906,1
817983420141077409,0.39633333333333337,3
818019612156760508,0.30293571428571425,14
818088303015020371,0.8555,1
818160468669647980,0.6705,1
818160679775037059,0.8016,1
818178901939533427,0.79904,5
818214494583231109,0.0,1
818318399627352121,0.037899999999999996,7
818545481923629323,0.33525,2
818589735352102458,0.55174,5
818594953107734387,-0.3348,1
818598699597791240,0.96265,2
818684355328805804,0.5034888888888889,9
818743241684681512,0.97195,4
818756618452885171,0.5526,1
818764700582155829,0.0977333333333333,3
818909604769674093,0.09140000000000001,4
819287576651946638,0.8457777777777777,9
819309330061850206,0.8647,7
819348877435941543,0.5986625,8
819404834961971101,0.92806,5
819514497723514618,0.94485,2
819518510167942598,0.9467,1
819532395895850961,0.94474,5
819803522989264644,0.4647611111111111,18
820054719534586021,0.6249,1
820108802098766371,0.0,1
820155517089290515,0.41695,4
820176709021377068,0.9813,1
820240945057827748,0.7434333333333334,6
820437863788806792,0.8344,1
820476187839835514,-0.04755000000000004,2
820519285985316794,0.5719,1
820603486951020661,0.8495,1
820622887226059176,0.967,1
820640434098463275,0.8608,1
820691400382176001,0.8494999999999999,2
820728369578261657,0.6031,1
820757436265445782,0.9027000000000001,2
820773536780967042,0.6679,1
820795474151552816,0.4404,1
820797507112021174,0.8755857142857143,7
820858267190473720,0.688,1
820861602382549450,0.8312750000000001,12
820950522104678026,0.0,2
821057037139560934,0.9613499999999999,2
821088496433145952,0.4404,1
821561416305545855,0.897075,4
821606433250441616,0.4939,1
821623345997864168,0.9618000000000001,3
821633035253513537,0.1858,2
821637440844163957,0.7019,2
821663865582650990,0.9113249999999999,4
821752563102945587,-0.2263,1
821803868566780463,0.945,1
821870575715971956,0.5901,6
821917245137724177,0.3402363636363636,11
822182732599638235,0.8805999999999999,3
822183486779496979,0.71818,5
822200729272031506,0.7548,1
822200936323351033,0.7948727272727273,11
822260903503788937,0.5161800000000001,5
822268633688283760,0.8391666666666667,3
822269803847389592,0.9692,1
822289738176215326,0.4203,2
822291672053593250,0.0,1
822329192394726012,0.24260769230769233,13
822373106541100479,0.6205666666666666,6
822481698918234372,0.0,1
822497165014607590,0.872,1
822515464814413101,0.9864,1
822532807112282922,0.85355,2
822544762887627017,0.665975,4
822568417165076173,-0.20315,4
822648774978816418,0.46825,2
822909625447147533,0.93455,2
822993383074369171,0.7099000000000001,6
823002179234545624,0.7056,1
823070322142948630,0.9622,1
823110220421522596,0.7579,1
823111168478204980,0.46026666666666666,6
823113968757755646,0.31938181818181816,11
823126760588525617,0.92,1
823132400035091903,0.2135111111111111,9
823207773573798091,0.9823,1
823219303748934761,0.7002,2
823675077190996157,0.913,2
823719717634718011,0.8834,1
823775571588980528,0.4199230769230769,13
823793413323130304,0.89135,4
823832097040791638,0.6762166666666666,6
823833654010428999,0.46859999999999996,7
823957493029021364,0.98065,2
823983503448507625,0.7042999999999999,2
824012594816449301,0.8999,1
824031353146359033,0.7351,1
824046957485658491,0.7345,1
824368822091713023,0.9825,1
824383976223013147,0.9295,2
824462531123313157,-0.128,1
824462546288130832,0.9331,1
824589152619870071,0.6124,3
824657674145929649,0.8147,2
825222731810740561,0.0,1
825233157540598220,0.56437,10
825295524285309642,0.20656875,16
825354962666441386,0.95485,2
825372985731547088,0.8899857142857143,7
825397200162257838,0.91725,2
825406734932799331,0.9354,3
825417007586148483,0.4962666666666667,9
825924230748336787,-0.0427,1
825974221050493121,0.5654363636363636,11
825991517216906709,0.08803333333333334,3
826032899817703566,0.9774,1
826121508459965322,0.9153,1
826201529138994861,0.31725000000000003,2
826512793581069612,0.51125,6
826516098208616146,0.23645,4
826517611973735299,0.86225,6
826522666044512955,0.03399166666666667,12
826524040573464156,0.288825,4
826549122720805144,0.89895,2
826575844051042193,0.9589,1
826717302934213775,0.6270666666666667,6
826830352792538150,0.976,1
826846784682962588,0.9602,1
826895391855114371,0.81678,5
826900760053112588,0.8643,1
827331428323837978,0.1796,1
827361068290097858,0.5595166666666667,6
827370149488652079,0.8442,1
827447024823355687,0.4637,2
827452272993592813,0.9336,1
827531220941592078,0.7718,5
827599914178982628,0.47465,4
827703159241344713,0.5682333333333333,3
827958766652905888,0.33168,5
828064239275366325,0.29196666666666665,3
828294884782162563,0.5905428571428571,21
828295028327589627,0.33995,6
828347956075087357,0.9712,1
828356420120858249,0.4957,2
828363811566299733,0.8197,1
828818521547674511,0.2527333333333333,3
828865978352959652,0.8333,3
828866961275574531,0.0,1
828873318979453328,0.8007,2
828873829536857812,0.03906666666666666,3
828874592804205416,0.84135,4
828876406559555524,0.8687999999999999,6
828878803174986358,0.2754,4
828878900356172388,0.5574,1
828882738325688921,0.93218,5
828885298922652781,0.8676666666666666,3
828887038301891301,-0.4019,1
828889333518607015,0.8533666666666667,3
828892223217767928,0.8160000000000001,4
828894289204931302,0.7873428571428571,7
828897655986153423,0.898475,4
828901066546035033,0.5912999999999999,4
828905567575178971,0.8751000000000001,3
828913955874896850,0.9531,1
829369348977381373,0.8980333333333334,3
829549953508367924,0.8826,1
829703960155618875,0.8955,1
829749676171510534,0.7880428571428572,7
830195161143973403,0.4404,1
830215178834237762,0.8419,1
830351039223542928,0.6176,2
830395024336805993,0.0,1
830415323934565611,0.904,2
830468490121625963,0.7501,1
830487663016601853,0.4467,2
830494051591217596,0.0,1
830506605663839379,0.5661400000000001,5
830916995998867634,-0.1563,1
830924872965813360,0.27065,2
830929550140399476,0.9654,2
830964679059253237,0.6482,1
831015596825518554,0.6854,2
831094848701152998,0.8979571428571429,7
831096731053963402,0.8555,1
831113210163321883,0.4235333333333333,6
831115966989692175,0.9529,3
831123431950556118,0.0,1
831310174289837595,0.6774333333333334,6
831310213325082565,0.4919333333333334,9
831327425768973097,0.2023,1
831664743871950199,-0.194,2
831671346806814149,0.28396666666666665,3
831694031910494701,0.49548571428571425,7
831707717968936756,0.9913,1
831818117140722019,0.9917,1
832024776976781220,0.8225,1
832025412833629149,0.0,1
832026840280098281,0.749275,4
832062176556191319,0.9109,5
832361832176178270,0.6588,1
832408990425079213,0.8855,1
832442661983130402,0.8122,1
832471268965722450,0.7822,4
832481181768862577,0.8047,1
832503534545568404,0.9298,1
832518216397306147,-0.25465,2
832521922561434566,0.5453,2
832695371036213092,0.872,1
832714511392071449,0.0,1
832752376800487776,0.3061,3
832762300131527033,0.7737,2
833215115077471675,0.9062,1
833358556225108983,0.4662333333333333,3
833399595145603813,0.0,1
833467697760876149,-0.1858,3
833755779043184139,0.92545,2
833831054952578367,0.9516,1
833892128551361200,0.9252,2
833968196581086690,0.6799,1
833976835869641982,0.9654499999999999,2
834029656884495411,0.89422,5
834037937208680477,0.36755,2
834062483289559557,0.9145,1
834100335409332820,0.5409,3
834101714127456078,0.8541000000000001,2
834104805985713426,0.8805,1
834226348654835892,0.8210200000000001,5
834442193950936808,0.06356666666666666,3
834453554817602330,0.7243,1
834454415823415736,0.5541,3
834587711166849650,0.872,1
834615426414775737,0.7326375,8
834759151201150627,0.2562111111111111,9
834764549304305098,0.9315000000000001,3
834792841609104209,0.8402,1
834814764269058260,0.9659,1
834914782654428499,0.0,2
834995814035200291,0.87198,5
835113768685907249,0.36755,2
835208378282667885,0.9482,1
835380973906896649,0.8671,2
835411150698096210,0.9854,1
835436604643050219,0.9491,2
835994220090725190,0.98735,2
836012772016463124,0.16147499999999998,4
836053316454888547,0.946,1
836115225051499471,0.28368421052631576,19
836207270250959249,0.4876333333333333,3
836210086956813124,0.25644999999999996,2
836221040686893218,0.5917,7
836326048391132304,0.6419333333333334,3
836366816329940315,0.7459428571428572,7
836419796998711919,0.78435,4
836653225073014164,0.31373333333333336,3
836759736471410467,0.8271,1
836849029746799421,0.37520000000000003,2
836876780291936999,0.4754,1
836882674300280915,0.81416,5
836892526538377520,0.9876,1
837092406186582280,0.508175,8
837115785214350098,0.9259,2
837311504228526523,0.4939,1
837360777657095591,0.870375,4
837409288926884946,0.8055,2
837412416295318012,0.5015875,8
837463772581114683,0.807675,4
837584536810457345,0.9257,3
837609645625189821,0.471275,4
837687472492441870,0.7642,1
837731635849869439,0.50862,5
838140500901261294,0.37758,5
838176762332150519,0.8398666666666667,3
838207864397664018,0.7717,1
838308628015599280,0.7242999999999999,2
838369125295664808,0.9562,1
838379366507018104,0.26605,2
838436123803906570,0.9371375,8
838490606177010186,0.9168,1
838512583021593341,0.9099666666666666,3
838513510713270233,-0.5994,1
838532147457940890,0.8506,2
838534792125028991,0.8437,1
838832787204436293,0.9279333333333334,3
838914524688089046,0.6249,1
838917954307690707,0.4764333333333333,3
839012175657302934,0.71822,5
839059664757637127,0.8126,1
839074761866133407,0.8554666666666666,3
839088187596637897,0.8779,1
839280946896928788,0.76955,2
839557659525176662,0.47335,2
839674971031403856,0.0,1
839685736873929148,0.4209111111111111,9
840024067687982798,0.4798714285714286,7
840310648366414991,0.7579,1
840361682565691980,0.15494999999999998,2
840372434563713444,0.74405,2
840422720235883937,0.9687,1
840459917709358771,0.9922,1
840496520999074654,0.5638,4
840522261726801390,0.6133000000000001,3
840525233292016662,0.40209999999999996,2
840531428274726181,0.7232000000000001,2
840619479687781052,0.0,1
840623964163057775,0.8979,1
840639281399903995,0.6682916666666667,12
840649474020792550,0.3921571428571428,7
840683194389805895,0.7127500000000001,6
841064936255280945,0.8591,1
841073783967208304,0.5411,1
841114310668130061,0.567025,8
841135664000678272,0.8943,2
841185450065412737,0.5050666666666667,3
841390164646176027,0.9611,1
841720124022511910,0.5244,1
841723813048425431,0.82975,2
841740275959413850,0.5932999999999999,2
841817408683161442,0.0,1
841887587525098027,0.5805111111111111,9
841930547889007366,0.25,1
841943673952570977,0.5781153846153846,13
841954873444424585,0.94575,2
841993152945342655,0.0,1
842057217577404438,-0.9888,1
842105734409529038,0.93435,2
842138125234309288,0.0,1
842145021154832568,0.008649999999999991,2
842155776994012348,0.9061,1
842331660238216124,0.31243,10
842467876713692678,0.48571111111111115,9
842629194108272169,0.64688,5
842638004968569711,0.9283,3
842674023649299985,0.7318833333333333,6
842714876019296225,0.0,1
842719903227122058,0.802,2
842734043435940993,0.872,1
842754578636417903,0.9520666666666667,3
842821422970444075,0.9462,1
842856237682574993,0.8274999999999999,7
842861903829189599,0.9904,1
842886932982626031,0.94145,4
842918552096707694,0.0,1
843195983447591323,0.9467,1
843203613361079569,0.71595,2
843207938644557279,0.45039090909090906,11
843219552236786715,0.5202117647058824,17
843228005124562520,0.2083,3
843228402726058278,0.9847,1
843269922698707406,0.4588,1
843286426398604723,0.8894,1
843288765895651311,0.7589,6
843310630246142710,0.5216,1
843343035128072388,-0.8713,1
843492569412095268,0.84295,4
843520179795368125,0.5060909090909091,11
843553476379978703,0.5097888888888888,9
843564391260506337,0.8932,1
843935263460585436,0.0,3
843942874491592535,0.9222333333333333,3
843956836034348905,0.05816666666666667,9
843994460997838217,0.4617,2
844004089343628513,0.618575,4
844019089838018342,0.926,1
844057373760298395,0.9284333333333333,3
844058888885663384,0.9799,1
844083467295648548,0.11893333333333335,3
844086031186002478,0.93935,2
844110858020252092,0.92255,2
844228726391696635,0.8126,1
844246216091574476,0.8051444444444444,9
844266956107311775,0.7381,2
844318065852511235,0.12488333333333333,6
844331043817613309,0.0,1
844567313932243879,0.576975,4
844698041774831751,0.213825,4
844736314483607677,0.9081,1
844738677517976020,0.80455,2
844765240560876656,0.5886750000000001,4
844834517280762780,0.6249,1
844840178949104214,0.9659,1
844920084660474646,0.7849375,8
844933308366749417,0.9230499999999999,2
844951768354631577,0.9047666666666667,6
845018685632100034,0.9153,1
845049334439506370,0.875,1
845076059971823485,0.40027142857142856,7
845365120773846672,0.41984285714285713,14
845480336167951628,0.425,15
845505154271633432,0.2486388888888889,18
845525574666233849,0.4286933333333333,15
845544018876589167,0.9642666666666667,3
845558052597567556,0.9645,1
845574228049061161,0.9813,1
845604731639380359,0.3034333333333334,6
845612595817659919,0.60388125,16
845633988234347467,0.7857272727272728,11
845650441251097745,0.340375,8
845659036252580646,0.5480666666666667,3
845669012186387123,0.43556666666666666,9
845687397060123753,0.3234416666666667,12
845733224846290325,0.5102666666666668,3
845735966811883129,0.23293333333333333,3
845756963183361431,0.7116833333333333,6
846118328351817173,0.9392,1
846171739331474640,0.6442749999999999,4
846182258290205558,0.968425,4
846185523415869933,0.9176166666666666,6
846189716998016903,0.86276,5
846218208414082153,0.991,1
846308561992072643,0.4605,2
846320502554803657,0.4058,7
846356443722322694,0.3214,2
846399719015355895,0.25738333333333335,6
846412253744664230,0.7735000000000001,2
846491855655676088,0.6726666666666666,3
846500233331253929,0.3719666666666667,3
846834270087464008,0.7481619047619048,21
846862870104957504,0.9282666666666666,3
847151001585054879,0.9941,1
847168083071772054,0.2339,2
847172239351863179,0.865,1
847194657260727659,0.9521,2
847231302692484659,0.8828,2
847231524526089112,0.8802,1
847473361693699093,0.6908,1
847642434620996170,0.6768500000000001,2
847704444529961041,0.5295666666666666,3
847782501979269155,0.4768,2
847817265359131245,0.59668,5
847844868506293439,0.0,1
847855269243491386,0.6823444444444444,18
847920707680142936,0.8952,1
847941783396482545,0.43247,10
848216446977265761,0.5081384615384615,13
848309683717943295,0.5483,3
848334045838671873,0.6157999999999999,2
848364760781753085,0.6701,1
848386729432279389,0.7841,1
848397653907883940,0.5415258823529412,85
848404350725165295,0.0,1
848429793872806210,0.8402499999999999,2
848655736146623485,-0.9545,1
848674817301738754,0.0037500000000000033,2
849013915071108900,0.8268,1
849015348418717922,0.4764,2
849056612982200349,0.2263,1
849063959581159872,0.9062,1
849130976029149313,0.9432,1
849198942500073746,0.9385,6
849231012821013762,0.7906,1
849286133307807452,0.4832272727272727,11
849342610142167060,0.8957,1
849342619762933173,0.5372250000000001,4
849698575747501778,0.9099,1
849746887942352298,0.9601500000000001,2
849803327977435240,0.17556666666666665,3
849834066339987312,0.8455666666666666,3
849870856990918704,0.83445,2
849882390780108191,0.4454,2
849889208481499597,0.9304,1
849896498849390660,0.6012666666666666,3
850061840440817090,0.9451,1
850113909600603102,0.42765,2
850537958444328478,0.4075,1
850574306973927808,0.8163999999999999,3
850605049432826320,0.427425,4
850605968722735344,0.8605,2
850656320396073939,0.821525,4
850657589750808389,0.8146500000000001,2
850681020141450335,-0.5994,1
850738346147631523,0.7868571428571428,7
850738965963035105,0.9061,1
850763217517463521,0.26008749999999997,8
850765308129623929,0.9815,1
850811083619926220,0.694225,4
850849702135848364,0.3368333333333333,6
850877200446439895,0.62141,10
850927473277324937,0.847275,4
850962952352320096,0.49549999999999994,7
851343104374443864,0.9674,1
851348028278541491,0.6255333333333334,6
851351391386607220,0.7541,1
851389910416485776,0.5789,2
851441670547523620,0.892625,4
851449238649758407,0.3882833333333333,6
851700308387319263,0.6212666666666666,3
851986257794490462,0.38970000000000005,5
852013580039994409,0.9803,1
852036146005213195,0.8505,1
852055381791775494,0.8395,1
852088992720836873,0.7335499999999999,2
852106553660344824,0.9537,1
852149601802821661,0.9238,1
852153218793096264,0.9608,1
852191631682544238,0.9925,1
852220259271746098,0.8655,1
852256049507701872,0.6435,3
852278435748101529,0.6160333333333333,3
852570695393014363,0.875,1
852573086330665942,0.6805333333333333,6
852678814330132763,0.96315,2
852693929412832291,0.8347000000000001,3
852704963818620273,0.9512,1
852806339986439339,0.9413,1
852840831060480308,0.6249,1
852840951084060111,0.0,2
852863648103119035,-0.93,1
852885483846937677,0.82195,2
852891353697175360,0.7339,1
852893187642997891,0.7269,1
852895868099042909,0.7668333333333334,3
852898418625868209,0.6502,3
852928940828023753,0.5232625,8
852942222515879949,0.4574,1
852967880205451530,0.5967833333333333,6
852995478191604053,0.8264333333333335,3
853044707526046577,0.9101999999999999,2
853051483036916370,0.5362666666666667,3
853329731334522971,0.0,2
853368312098833413,0.9536,2
853404659995708105,0.01404999999999998,4
853406582207322968,0.50825,4
853420169449769676,-0.7184,1
853590298077125005,0.55465,2
853724903871844252,0.5348222222222222,9
853733552656111702,0.35252999999999995,10
853762790624198999,0.78995,8
853793727515447322,0.0772,1
853935113452557537,0.6965333333333333,6
853982238683039189,0.84612,5
854068771887173793,0.6075333333333334,3
854128119500462049,-0.5267,1
854129190305768980,0.5865666666666667,3
854129623491437470,0.0,2
854212005995132680,0.9621,1
854264159464719211,0.5837181818181819,11
854312352164322101,0.9359,1
854346637654279747,0.7430333333333333,3
854401833671000452,0.71,2
854402939058897475,0.3341,2
854429024711134819,0.7672100000000001,10
854429777091224448,0.9835,1
854750112466290951,0.4620222222222222,9
854770667300269911,0.6853333333333333,6
854788903589377985,0.8932625,8
854808251968390115,0.0,1
854827307318414056,0.5732,3
854973568388255199,0.72796,5
854981006670407480,0.07655,2
854992203792328675,0.4516,2
855018175841308602,0.9639,1
855047836756969900,0.04580000000000001,2
855050663797015486,0.30426000000000003,5
855113472330392864,0.713375,4
855139464144843893,0.4911611111111111,18
855222544634413403,0.8803909090909091,11
855236455797450203,0.35053,10
855520604606390998,0.4733833333333333,6
855618089547810860,0.8883,1
855630937202313603,0.4158,2
855646306964583721,0.7913222222222223,9
855655485800172026,0.7198666666666667,9
855710490609568749,0.0,2
855773188030187131,0.6249,1
855779273285883036,0.16543333333333332,3
855838913547180324,0.6355999999999999,4
855919291569322035,0.983,1
855924396320573864,0.2394666666666667,3
855993568023484112,0.41546000000000005,5
856241081113418949,0.49215,2
856252434699519106,0.2023142857142857,7
856289333062821764,0.7346,1
856307568848255780,0.9501,1
856375751214520914,0.4215,1
856382896306517324,0.5684666666666667,3
856394606334113581,0.3035,2
856422003205592089,0.8176,1
856485578431149099,0.8481,1
856514516255251213,0.4222666666666666,3
856574707690031535,0.3160666666666667,9
856578369689358344,0.84038,5
856645855614289988,0.9896888888888888,9
856682967034879431,0.5657,3
856940132928585450,0.9134,1
856984965484372669,0.674975,4
857032656611222243,0.95095,2
857046129500225279,0.7506,1
857077711416998832,0.8924666666666666,3
857100649683800744,0.40161428571428576,7
857123269846655251,0.5844,2
857229927095400940,0.3318,5
857286450246940248,0.890275,4
857596876850553704,0.9799,2
857761655714411469,0.9782,1
857853486263624759,0.9546,1
857861250117809665,0.0,1
857861362698136316,0.9130333333333334,3
857861449365982049,0.9863,1
857861551822165856,0.9459333333333334,3
857861676574284091,0.8011,1
857861810207960543,0.9821,1
857861898442372825,0.8446499999999999,2
857900159044063814,0.3342,2
857915740103492847,0.34496666666666664,3
857932138215428441,0.8601599999999999,5
857950400677403681,0.8737,1
857952853819581459,0.7242,2
857988255625429044,0.8472500000000001,2
857995823430861623,-0.5707,1
858136595662134324,0.6952714285714287,7
858329510492857305,0.9186,1
858388301230667104,0.952,1
858525625016088619,0.10819999999999996,4
858590712483928418,0.83815,2
858659017646064843,0.39035,6
858683560603539243,0.9766,1
858705914793744241,0.9655,2
858713644244257703,0.7763199999999999,5
858726803323488167,0.9184,1
858751109177261596,0.8979,1
858788317593066204,0.8991,1
858826918820480767,0.9019999999999999,2
859131834646939629,0.8961749999999999,4
859313468047426197,0.753825,4
859393296825736499,0.8518,2
859468139623438610,0.4259166666666667,12
859513672714946897,0.2437666666666667,3
859572428384321157,-0.9925,1
859842422311282438,0.9233,2
859879687380921682,0.8689,1
859890092054068648,0.784,1
860111136321684752,0.7498363636363637,11
860179950382784130,0.9615499999999999,2
860325083749897103,0.9101,2
860495834439979670,0.5038125,8
860658059564950918,0.9983,1
860666670619683970,0.9652499999999999,2
860684576623074514,0.48897500000000005,4
860697315490353401,-0.30666666666666664,3
860697386837892976,0.4497,1
860817199631128930,0.31245,2
860948725663417241,0.9448,1
861064054144559122,-0.17385,4
861270435763465756,0.9124,1
861351568514633268,0.5111866666666667,15
861413799363872034,0.6908,1
861428587866207801,0.9022,3
861434416459608442,0.9719333333333333,3
861490005134416758,0.5817666666666667,3
861498375981791004,0.55554,5
861550608046657855,0.9844,1
861628976232909319,0.503625,4
861634832718548507,0.8450000000000001,3
861689061579765483,0.7287666666666667,3
862021410272531498,0.4936555555555555,9
862070033171802077,0.1134875,8
862070339241380155,0.47062,5
862133001584535492,0.883425,4
862189005920283677,0.724225,4
862211200253014127,0.0,1
862218881902621339,0.41735,2
862395581199151645,0.9595,2
862413222871763594,0.0,1
862785434071752880,0.8991,1
862800263031091582,0.6243666666666666,3
862803729544703789,0.47012499999999996,12
862832171579879265,0.9621500000000001,2
862832338144524098,0.5428,4
862836466001695900,0.8271,1
862911480183281905,0.207,9
862918910840154517,0.765,1
862922377825652228,0.9755,1
862962170992585576,0.9132333333333333,3
862965620291356374,0.9517,1
863165449975223797,0.6071,3
863441079643745798,-0.128,1
863473631235005275,0.6976777777777777,9
863473631577008492,0.42923,10
863508928133633590,0.45747,10
863590305044049077,0.11059999999999999,3
863644857911332666,0.6162666666666666,3
863707046261309014,0.8779,1
863715043468919198,-0.015171428571428567,7
863811256879697971,0.6132666666666667,6
863833224175086347,0.770575,4
863834294718990641,0.6189857142857144,7
863859556705027906,0.9557,1
863891737656246505,0.78564,5
864109037874957415,0.94745,2
864126295809710909,0.92575,2
864224231719594574,0.9251333333333333,3
864259695644505577,0.9493333333333333,3
864306669356708612,0.7957000000000001,2
864356704399398040,0.41085,2
864405218504479902,0.698,1
864405534924562816,-0.30115000000000003,4
864430652349574929,0.30961666666666665,12
864575389938211723,0.9026666666666667,3
864608967524327348,0.4063,2
864928500236824432,0.52258,5
864942672709707904,0.48333333333333334,3
864968323772544801,0.47335,2
864971660610920731,-0.0938,2
865020028757580141,0.041800000000000004,2
865028561352189741,0.49155,2
865079289226543549,0.8176,1
865121483485858217,0.8680333333333333,6
865273939417018411,0.9036285714285714,7
865316748010655620,0.3252,1
865319095730647044,0.3605666666666667,3
865354235326497270,0.7096,1
865362990943580642,0.8053250000000001,4
865379385661681288,-0.8316,1
865390371648046402,0.370275,8
865438130733984994,0.22211999999999996,5
865446312527551270,0.44411428571428574,7
865750557002451181,0.8501799999999999,5
865755234744198020,0.723225,4
865761715864307986,0.6909,7
865764861988912234,0.592775,8
865788453447184509,0.4992666666666667,6
865797602362944770,0.6972666666666667,3
865802998434216615,0.8182142857142857,7
865810197834206534,0.6784,5
865810944596579386,0.522975,4
865815645076388402,0.7152000000000001,2
865826965290081270,0.9442,1
865992081428412022,0.052674999999999986,4
866057931391475890,0.97865,2
866063967631521996,0.5984,1
866104715787673812,0.74685,2
866111643022404599,0.4404,1
866166101597803346,0.7904444444444444,9
866168842898880541,0.8219857142857142,7
866211961708854017,0.6119222222222223,9
866418027985878947,0.0,2
866418872129192836,0.6726599999999999,5
866430143241457013,0.8933,2
866463100095350302,0.9491,1
866504405939116204,0.23764999999999997,4
866551210808874363,0.66498,5
866568152633520318,-0.8969,1
866574197729281724,0.6565666666666666,3
866581187863783144,0.6399,3
866604524440461913,0.9813,1
866610335851572898,0.9811,1
866662350876848353,0.9893,1
866675217525706768,0.9799,1
866699940325414369,0.7757499999999999,2
866711138349984133,0.945,1
866718833147091846,0.75725,4
866757627832787171,0.6760999999999999,3
866767039923489376,0.9802,1
866798078356699464,0.9895,1
867094930763909607,0.7030000000000001,2
867102471959993955,0.0,1
867127528269699437,0.9184666666666667,3
867135088945158934,0.7368666666666667,3
867142550697434115,0.7657,13
867156187715785068,0.6199600000000001,5
867163307518033483,0.45015000000000005,4
867187753454250151,0.8478,1
867221801593363473,0.9501,2
867241467510878043,-0.2762,2
867268960544380544,0.8103199999999999,5
867291577552428696,0.6776,4
867294068073904284,0.9564,1
867422609491338037,0.5425714285714286,7
867429474765842828,0.8899,1
867497408018400076,0.76375,4
867760727444785370,0.93175,2
867833743877713768,0.92415,2
867860648280740718,0.8398090909090908,11
867889476333462993,0.765,1
867897033976645389,0.9537,1
867908604430716569,0.9074,3
867928070725812565,0.734,1
867933162640128666,0.84255,2
867971251220727083,0.9392,1
868002316905697163,0.9149666666666666,3
868049303807944905,0.97075,2
868117243960619248,0.8914,3
868119786296555785,0.3627,9
868123027808527627,0.8895375,8
868123890417996314,0.0,1
868124466078604947,0.0,2
868180399657684089,0.9085583333333332,12
868204838862912138,0.8065470588235294,17
868671508830510612,0.7721230769230769,13
868682187106449145,0.0,1
868690694096762246,0.8835,2
868717539874368742,0.40599999999999997,6
868737777091329956,0.8696666666666667,3
868739075968967196,0.8397,2
868741222869328970,0.97595,2
868863200463789992,0.5859,1
868907816334051134,0.595225,4
868922850930837659,0.49588,5
868960661720861858,0.7709666666666667,6
869239509862490445,0.44765,2
869259311989219077,0.4407333333333333,15
869296723292803044,0.97036,5
869299742887197016,0.60565,2
869301553156443526,0.0,1
869326312075206276,0.9765,1
869339737763810201,0.6088333333333333,3
869345996586659135,0.9694,1
869380488490162211,0.68614,5
869386448938129670,0.9325,1
869401516779998970,0.8194,3
869456876994887789,0.0,1
869526163292684751,0.39457,10
870005121003313645,0.96715,2
870036628367772029,0.819,2
870127209134845356,0.7436285714285714,7
870135011679639357,-0.5786,1
870188995773504922,0.9541,1
870193764898261012,0.8014571428571429,7
870214109683739082,0.8074,1
870272870512515539,0.39104,5
870334387369806541,0.7744666666666666,3
870701044912327510,0.0,1
870709321062541691,0.0,1
870755309300195507,0.8655999999999999,2
870786697308939767,0.8435333333333332,3
870879294495750221,0.94675,2
870914916368514862,0.355275,8
870984255216879970,0.7914000000000001,2
870985338782306791,0.0,1
871040174926257448,0.4201,2
871076243092908363,0.5598666666666666,3
871410566156119933,0.7873,4
871421171010504696,0.7403428571428572,7
871428631962246458,0.5267,1
871434530421814129,0.7916,3
871474030295279496,0.5718,3
871488566205405478,0.971,1
871618630737484861,-0.05667499999999999,4
871738156745926032,0.4061,2
872117291835517792,0.9526666666666667,3
872142150751377091,0.680925,8
872154454527348236,0.9816,1
872154778087956186,0.884675,4
872166705491667103,0.9022,1
872226207995671793,0.6131,10
872291326680537968,-0.45685,2
872295478732701936,0.0,1
872301673127667913,0.4417,1
872304961619133244,0.923,1
872306671711173383,0.807,1
872367198894834896,0.993,1
872368693365277000,-0.0053888888888888875,9
872422962574542736,0.98925,2
872437321349136308,0.41355714285714285,7
872462763643848956,0.2023,1
872479146808891601,0.9739,1
872495180466448372,0.3942,7
872961690580557472,0.94425,2
873019276329324211,0.6856,8
873023604923504824,0.2377,2
873039164360623530,0.9580333333333334,3
873045105150828164,0.8933,1
873045191223278249,0.636,1
873050443177034427,0.0,1
873078566554428668,0.9306000000000001,3
873106211732727190,0.7517625,8
873134194288942846,-0.3075,5
873188038070204183,0.69301,10
873243651367352714,0.7383333333333333,6
873578815630428623,0.6971363636363637,11
873624572173366118,0.0,1
873761613846278346,0.94875,2
873848826816328211,0.64654,5
874310481216851295,0.3050333333333333,3
874365984245041644,-0.11893333333333334,3
874379365994331619,0.9939,1
874402233217039652,0.6137777777777778,9
874419811824919653,0.451725,4
874464247050785004,0.7894666666666666,6
874566571199285579,0.8048333333333334,3
874575961074087845,0.735975,4
874691793591919162,0.9464,1
874737514993882562,0.34292222222222224,9
874765674684202033,0.76492,5
875030813905391826,0.7345,16
875217883104263068,0.819775,4
875230902468561879,0.50845,4
875261932959758116,-0.1511,1
875263769214213116,0.35553999999999997,5
875311219776977019,0.891425,4
875485680783474945,0.5601666666666666,3
875690272058274047,0.85785,2
875787832188964974,0.9508,1
875797839017364577,0.4019,1
875846917797508176,0.9807,1
875870400600342940,0.8633200000000001,10
875882837070043676,0.7560363636363636,11
875947288530951498,0.7783,1
875949920641260876,0.9117,1
876000115369376617,0.43275,2
876010112424836479,0.43067500000000003,4
876055101758034666,0.9299,7
876136844927780390,0.1591,2
876193547850214999,-0.07724999999999999,2
876489367307230802,0.982,1
876501162030071266,0.92425,2
876536330863588229,0.92115,2
876577866144602927,0.7684000000000001,3
876588254887604000,0.9892,1
876636957576982321,0.31195,2
876659188126498903,0.6513714285714286,7
876696551045890284,0.55044,5
876719860413069190,0.6465,2
876745645561696653,0.9682,1
876799033498408012,0.8395,3
876805468352856292,0.6810214285714286,14
876811235899849890,0.5707,1
876837010954897649,0.31921999999999995,5
876869067925861558,0.5719,1
876870186798965926,0.5154666666666666,9
876940920694832710,0.39905,2
877275764036783850,0.4404,1
877367426878150830,0.9483,1
877369179257243595,0.77105,2
877407054311745846,0.0,1
877418518499742316,0.9912,1
877452212429645321,0.92955,4
877454835281692266,0.9272750000000001,4
877524843064187761,0.44504999999999995,2
877606949218730636,0.3697153846153846,13
877615672501264916,0.8634833333333334,6
877679413471800062,0.7376333333333333,6
877873254669012977,0.1511,1
877920249997905905,0.6347999999999999,3
877994002042801699,0.6888181818181818,11
877994221843806861,0.8078000000000001,2
878068623662039548,0.9005428571428571,7
878102463833616458,0.7658,4
878135065676018307,0.9564,3
878155271736699384,0.0,1
878180249981623131,0.8041,1
878264739850019911,0.9256333333333333,3
878369360643343857,0.9109333333333334,3
878392162963302976,0.9042,1
878393394714150389,0.9802,1
878673849708275997,0.4215,1
878702732963775581,0.8943499999999999,18
878761938983146897,0.8272,5
878882420021123137,0.8767,2
878944005346496449,0.937,1
879011005141980682,0.49029999999999996,3
879078727491961222,0.83665,2
879170215961092785,0.445675,4
879188426924364943,0.8016,1
879194229036535485,0.7746666666666666,3
879245247345114616,0.31943333333333335,3
879432432421351102,0.7346,1
879436895722160910,0.6563333333333333,3
879521414946485631,0.8655,1
879561188423954439,0.47565,4
879561373777292825,0.3876233333333333,30
879562960498308507,0.78545,2
879607770946483687,0.96515,2
879611519220747697,0.9891,1
879616179292195228,0.38415,4
879638764475650662,0.6522076923076923,13
879651259193680665,0.5164,11
879651617475418286,0.5496368421052631,19
879665287116196343,0.65716,5
879684277164399905,0.7362833333333333,6
879764796854232046,0.9722,1
879862641069109300,-0.5574,1
880122394148260716,0.7387454545454546,11
880218020789596287,0.9524,1
880220211595775294,0.25020000000000003,3
880231140703775708,0.3503545454545455,11
880317715190060162,0.17201,10
880427368547422920,0.4717476190476191,21
880511819547282231,0.9286,1
880556067684377320,0.84965,4
880567075255728963,0.6156944444444444,18
880886238210181568,0.9885,1
880930773097660375,0.7940727272727273,11
880999627928074878,0.1411,2
881022573871592010,0.94795,2
881023462984790444,0.8748,2
881106447550006535,0.0,1
881113457806480892,0.6980333333333334,6
881115389987422297,0.0,1
881191105393685530,0.3159,2
881259905842674647,-0.8829,1
881494676706952090,0.9236,2
881549510475246773,0.3652333333333333,3
881562448206771472,0.93345,2
881577775552586470,0.0,1
881590798025470351,0.9794,1
881602680245170860,0.9326,3
881604665964089675,0.30770000000000003,3
881611418562042967,0.8665,2
881624776494989087,0.9756,1
881662361053073265,0.9772,1
881706246135523364,0.35567499999999996,4
881719075387092292,0.817025,4
881744049666566580,0.07246666666666668,6
881759265683120350,0.5740000000000001,4
881912425516536335,0.98035,2
881912784317448375,0.9335,1
881914629288731471,0.882,1
881949550423439130,0.5563333333333333,3
881956651875496427,0.8903,1
881982285280619437,0.7845,1
882044401651835917,0.5325333333333333,3
882176069513086356,0.5781333333333333,3
882264691838348005,0.5909166666666666,6
882332150170717318,0.5563,1
882350120648491702,0.5205,5
882378529785872139,0.4588,1
882428536393714243,0.2083,3
882437414785417326,0.67015,6
882464954862047938,0.9201,1
882467038581676246,0.6555666666666666,3
882649277580849359,0.7836500000000001,4
882662213355636064,0.85505,2
882673952955068783,0.775925,4
882682573893280676,0.585275,4
882719329919227046,0.8863,2
882738068172493741,0.9516,1
882742014819564920,0.9482,1
882780746330702664,0.9314,3
883032348481041345,0.3237333333333333,3
883080116080726777,0.0,2
883094816495076936,0.8452500000000001,2
883135629365982603,-0.21546666666666667,3
883187148798814563,0.9686,1
883238424971326444,0.3899333333333333,3
883248210382006671,0.3142,2
883291312010679778,0.6849999999999999,5
883311227926199442,0.9755,2
883400452752576280,0.6597000000000001,6
883402538690228897,0.5925,4
883405101816603562,0.981,1
883405178621814849,0.7033363636363636,11
883470924014447576,0.9143,1
883730066310924109,0.30078333333333335,6
883883926610961502,0.2023,1
883898582532444530,0.0,1
883902171145095556,0.0,1
883919115094005541,0.91915,2
883948484846872560,0.9136,1
884045986451171947,0.5844416666666666,12
884083169854887946,0.8582599999999999,5
884138437895982119,-0.8439,1
884453325020905100,0.96366,5
884480897993589934,0.9528,6
884577910544269401,0.7041000000000001,5
884591728344074574,0.90855,2
884595938262746616,0.3823875,8
884609836816152874,0.8823,2
884723865130935958,0.604011111111111,9
884893746821340246,0.9492,4
885190340274538021,0.5912,2
885222480963981468,0.6396666666666667,3
885222488433917413,-0.8439,1
885237657877535995,0.7713,1
885302496445088686,0.891,1
885586194481890597,0.988,1
885688564467319685,0.73695,2
885753449467430217,0.4719090909090909,11
885952243754899188,0.5295,3
886202825514425098,0.6588,1
886218440907637758,0.38345,6
886311182939788749,0.9440500000000001,2
886383904194170129,0.28542222222222224,9
886648774565853191,0.87005,2
886676713597111481,0.9253333333333332,3
886698428161373171,-0.7284,1
886755914344083458,0.7341666666666667,12
886836789346688284,0.9072,2
886862748930919186,0.1468,3
886882321644480831,0.9727,1
886891450373062101,0.8225,1
886892285154774358,0.9587666666666667,3
886962910282939145,0.6110333333333333,3
886981323664537112,0.11675,6
886994516377640009,0.44964999999999994,6
887038074107072992,0.819425,4
887048691846801887,0.5155666666666667,9
887357716063111006,0.7722571428571429,7
887457955300294058,0.4308199999999999,5
887472906822518674,0.9012,1
887579144324884283,0.7061583333333333,12
887608014017264847,0.95635,4
887620330971769524,0.7732,2
887639192653593455,0.9279999999999999,3
887652839942476974,0.9392,1
887701567426180273,0.44645,2
887707972366846535,0.4295,1
887709641186588216,0.42288571428571425,7
887711950663612126,0.9602,1
887787733713468197,0.954325,4
887856418204781152,0.66515,2
887857781286052773,0.58795,4
888082292760760657,0.9021,1
888126658041743262,0.9473,1
888138048804395691,0.8753,2
888177657505844670,0.8192454545454545,11
888187878482399117,0.7182714285714286,7
888200673526504913,0.91785,2
888201004216112097,0.807,1
888340821399924503,0.0,1
888346985170082326,0.59685,2
888809325911596575,0.4804,2
888957681523226923,0.56205,4
889163837739978591,0.4378153846153846,13
889180876393972949,0.8450000000000001,3
889185043227858358,0.63353,10
889223141003272377,0.7418,1
889509439655858526,0.6245,4
889510263801530823,0.6940777777777778,9
889541153231217668,0.9942,1
889581413404067864,0.9843,1
889603235689872172,0.9857,1
889623412218266080,0.5746714285714286,7
889685248846208728,0.8443499999999999,2
889687285263013287,0.7845,1
889711236521054623,0.06806666666666668,6
889734551956566138,0.9814,1
889742325943030175,0.6741333333333334,3
889768047197894528,0.945,1
889808361341166321,0.5874666666666667,3
889953780564459037,0.29159999999999997,7
890012075835954614,0.755425,4
890012084959999751,0.65534,5
890475515012853006,0.0,1
890477982594781924,0.53235,6
890591003037842010,0.6257333333333334,3
890638207395947277,0.35015,2
890730210810424372,0.9506,2
890994129687944997,0.96785,2
891012857675860429,0.7506,1
891019075843984852,0.9688,1
891046760595945091,0.4758,2
891072346179153551,0.940075,4
891127560099450183,0.78495,2
891142350647599280,0.70265,4
891312665501872064,0.5719,1
891403420218066926,0.5268545454545455,11
891500789497276217,0.24315714285714288,7
891695481587797680,-0.836,1
891704902053341864,0.9638,2
891711379596196762,0.976,1
891778496436627060,0.6819500000000001,2
891805529940030344,0.8217,1
891822248166199355,0.9177142857142858,7
891826958020232485,0.5401750000000001,8
891849512824585343,0.8873555555555556,9
891919213349206422,0.9336,1
891943113103185942,0.9856,1
891952217404356879,0.765,1
892035954878156311,0.8807,1
892093005663640149,0.4199,1
892168149950291267,0.6048,3
892172165901612201,0.4215,1
892275097675041313,0.6906,7
892357427635981995,0.5245333333333334,9
892382473817989042,0.9482999999999999,2
892390347535772445,0.8928461538461538,13
892417830168467525,0.9199,1
892456919923826846,0.960175,4
892485136899004054,0.41565,2
892518093998854134,0.875,1
892527949575984422,0.9435,1
892536513409612944,0.9679,1
892585544594530272,0.624,1
892612480340443705,0.40447500000000003,4
892629016401009003,0.6226454545454545,11
892650851447671260,0.31936666666666663,9
892655194257925357,0.49106000000000005,10
892716427328543320,0.3838,6
892724632797053733,0.72255,2
892729073533069247,0.8092,6
892771536998337582,0.39206,5
892807534597625079,0.62785,4
892845341989452427,0.9914,1
893169284204760488,0.8937999999999999,2
893186958037622991,0.48535,2
893273721858827494,0.6003714285714287,7
893282651071389083,0.6290066666666667,15
893286103661696835,0.63415,16
893286746689476282,0.9041,1
893290135143497113,0.45935,2
893291371766517243,0.63289,10
893375869014633776,0.5812499999999999,14
893387677871354426,0.9535,3
893417003758229743,0.9297,1
893432364196764903,0.9167,1
893481267354317167,0.42415,10
893555194962814416,0.5719,1
893558857647940047,0.96535,2
893567886010025209,0.7496,1
893568294143496465,0.6933,4
893833650194275008,0.965,2
893842372448714394,0.9369999999999999,5
893850018197975925,0.957,1
893877740995006555,0.90735,2
893921275853442886,0.39443333333333336,3
893926227506820928,0.1591,2
893938551092945002,0.5323666666666667,3
893941586020209355,0.414975,4
894020726159274701,0.7049166666666666,12
894058015768005106,0.6309,2
894063488791206397,0.0,1
894072618605413690,0.5067,1
894101760244135721,0.14115,2
894112926163435379,0.97235,2
894121952750427608,0.8011699999999999,10
894150401182263971,0.4215,1
894161107077764990,0.6249,1
894161886484746940,0.9545,1
894162412891634024,0.596,2
894163076156594185,0.7414857142857143,7
894163409492502311,0.901925,4
894164411947316979,0.7859000000000002,3
894165424122227366,0.31884,5
894172711160415096,0.9887,2
894201109680835833,0.7902,1
894333997886353733,0.9307,1
894555332011787997,0.7017,2
894643963445166526,0.7848999999999999,2
894666595116746531,0.855,1
894690529492560120,0.7178,1
894713551358640731,-0.07274999999999998,2
894713690795905017,-0.4121,1
894713751992654779,0.46005,2
894713813793725568,0.4215,1
894713873347216882,0.536025,4
894721271853920376,0.368,2
894774686566695753,0.2695,1
894822873175914468,0.0,1
894838823543291907,0.89005,2
894905944145412320,0.8074,1
894966315394824821,0.21683333333333335,3
894988389911455830,0.5132666666666666,3
895009565054598916,0.0,1
895120274921433811,0.530825,12
895352557930063585,0.2023,1
895604972115463803,0.9095,1
895694206668138639,0.5772466666666667,15
895891759168400207,0.47325999999999996,5
896052917611952583,0.47637999999999997,5
896168297535943418,0.0,2
896180945912184394,0.9288333333333334,3
896209679383369016,-0.007600000000000014,3
896254014972520530,0.6249,1
896299588838824208,0.9011,1
896322040869565463,0.80046,5
896322111943203610,0.0,1
896335483082325714,0.9184,1
896342482729778899,0.6352333333333333,3
896379603103964919,0.9349,1
896394958902559788,0.9917,1
896756233164800790,0.8001,2
896816952239324084,0.0,1
896876992475918446,0.12597500000000003,4
896882956777664049,0.7425,1
896886603691802521,0.6754333333333333,9
896937756391429389,0.93115,2
896952738414986845,-0.009166666666666693,3
896976257883959661,0.88636,5
896985938573645404,0.9042,1
897003028455795801,0.45845,2
897009405402552830,0.89725,2
897055643801040575,0.9149,1
897114078837594921,0.4254894736842106,19
897166263023823589,0.4134,2
897183597663226661,0.9774,1
897183651831469698,0.9513,1
897209268225233631,-0.1869333333333333,3
897506176527738791,0.4588,1
897585044877568144,0.48075,2
897620867941902268,0.79575,2
897660870551967628,0.9896,1
897679120405294308,0.9864,1
897687423637638117,0.7628071428571428,14
897710083472544782,0.91655,2
897753124936264060,0.9797,2
897808798940249158,-0.9485,1
897817059937125691,0.625875,4
897907033140905448,0.43265,2
897992235080522172,0.9688,1
898066255916987976,0.26719,10
898194761830295515,0.3355636363636364,11
898248150324586562,0.6639666666666667,3
898318427741076254,0.4919,2
898322157563087469,0.9635,1
898324381796442992,0.24666666666666667,3
898412433101334829,0.9184000000000001,2
898423115880006160,0.5859,1
898456904028448571,0.9059,1
898474052234358663,0.61495,6
898474728799474337,0.807,1
898476505232840014,0.9467,1
898489069296303957,-0.029666666666666657,3
898509562157745498,0.91,1
898601686024057935,0.94,2
898684407948192002,0.9768,1
898800397203627299,0.52224,10
899038992650591783,0.9023625,8
899047553770850617,0.4983777777777778,9
899093608161624711,0.4579,4
899184131096489474,0.95,1
899235644731823126,0.0,1
899265708464648102,0.86325,2
899353620568988612,0.6289,4
899385320137999318,0.483925,4
899704539859059097,0.7436714285714286,7
899723456996527619,0.21615,4
899792071268293908,0.8993,1
899885154090764550,0.955,1
899886590132796995,0.0,1
899913153279238734,0.5765,5
900056426112113165,0.12256666666666664,3
900512526537566898,0.76585,4
900560100786680751,0.8714500000000001,2
900580256294039515,0.2536857142857143,7
900629627083629202,0.9959,1
900650359159016710,0.8141,2
900682383051230202,0.9674,1
901199795426890458,0.60075,6
901239768353467183,0.66925,2
901254829990510002,0.7854857142857143,7
901317901274337728,0.358,4
901321896324306583,0.9274,1
901387657378364107,0.82652,10
901434204665461997,0.9956,1
901486250336735933,0.9712,1
901567340197379539,0.7227,1
901921671032159674,-0.1407,1
901961400287993757,0.78542,10
902007368557652902,0.783475,4
902058554749644682,0.6231,3
902080647169589395,0.8481,1
902086927057728010,0.9674,1
902094633547961838,0.0,1
902240232473178915,0.3073636363636364,11
902260085969842041,0.8356,1
902605196459162530,0.9627,2
902680562141265766,0.903,1
902684697872388071,0.4102,5
902851501988000709,0.0,2
902896564765346033,0.377525,4
902912917354258483,0.8781111111111111,9
902920931591067858,0.9724,1
902935128516012887,0.6161,4
902980997568793203,0.8463,4
903000175395468973,0.0,1
903009527880128060,0.41512000000000004,5
903369106002316656,0.0,1
903405949764264830,0.9267,1
903406361297165859,0.9527,1
903409540354139668,0.625,3
903422015089390923,0.92025,2
903456820147103079,0.0,1
903510642752180860,0.8713500000000001,2
903527796350043828,-0.6808,1
903529363232050480,0.4939,1
903574709204439899,0.9109,2
903627377294536598,0.4579,2
903629895470967846,0.44394999999999996,2
903709766264088756,0.5482333333333332,3
903906606621622666,0.5138999999999999,5
903993292648955648,0.8859333333333334,3
904131426521185174,0.0,3
904134486367161117,0.9007,1
904199171817337375,0.5032285714285714,7
904207830935213518,0.3494,4
904240993571242546,0.8682,1
904288076184417466,0.9822500000000001,2
904288437816146785,0.7614,2
904360715392379152,0.9925,1
904387853251270863,0.49545,2
904404067752364168,0.0,1
904417963453083510,0.156225,4
904478700160779828,0.9058666666666667,3
904682118848216837,0.3892,1
904782688298604210,0.82805,2
904812335076667278,0.9719,1
904867371314200140,0.9153,1
904930975544526453,0.8209500000000001,2
904937269771822097,0.9818000000000001,3
904983633376118283,0.1753,2
904996753970984821,0.8996,1
905095103935837868,0.6249,1
905178559063192506,0.0,1
905572327414442923,0.836,1
905679538654217854,0.2346857142857143,7
905810645950571283,0.7568,1
905824960264062406,0.9771,1
905875830668291230,-0.128,1
906285268071984669,0.9796,1
906314826633485393,0.7660666666666667,3
906418174157066618,0.04046,5
906443785852651024,0.5877142857142857,7
906464277175564197,0.7713833333333334,6
906513759809762038,0.5718666666666666,3
906519686264049751,0.6614666666666666,3
906524361351372343,-0.06330000000000001,3
906554212509206165,0.91875,2
906584427719059303,0.9847,1
906612471916590558,0.9656,1
906665867165686332,0.0,1
906962523192325815,-0.05135,2
907009379998835182,0.9868,1
907013553595802374,0.8142400000000001,5
907014727915260998,0.923,1
907039988800534252,0.7196,2
907051432227760980,0.9705,1
907057131926464686,0.1970333333333333,9
907146027242135375,0.84338,5
907158347126412016,0.9468,1
907283705391678859,0.33113333333333334,3
907285090637922016,0.992,1
907290167299378162,0.6501666666666667,3
907296413745367050,0.565875,12
907327030877935110,0.8384199999999999,5
907372454601544521,0.49390769230769227,13
907373718344076196,-0.179775,4
907662617426171948,0.9231,1
907677953493884885,0.6476,1
907738493732894363,0.08915000000000001,2
907795785862009112,0.0,1
907800708400880324,0.8268,1
907910608364127847,0.0,1
907911761546950802,0.7263,1
907921805115482172,0.8473999999999999,2
908013672142222235,0.69,1
908023029198584073,0.807,1
908038014384709658,0.7644,1
908055522941729530,0.944,1
908061757044417959,0.5745,3
908444812937899508,0.2654,12
908453941609168917,0.5934125,8
908459050979007464,0.8832,1
908466257735662214,0.9412,1
908477310993327992,0.54125,2
908492428762251598,-0.7579,1
908502183602803641,-0.9459,1
908516741430483381,0.883675,4
908535475863369883,0.6571333333333333,6
908544712295422956,0.8714999999999999,5
908557124556109655,0.0,1
908570483521302530,-0.054833333333333366,3
908590153671537815,0.636,1
908593016744161258,0.49592727272727277,11
908594931753693115,-0.028220000000000002,5
908597465453475524,0.9714,1
908651163077519311,0.5771714285714287,7
908658096775517596,-0.07950000000000002,2
908663679250276408,0.465,2
909067031117403014,0.606575,4
909067252732527145,0.6348,5
909094523745782231,0.9447000000000001,2
909119186931763659,0.903875,4
909120231965290785,0.89505,2
909148629983642139,0.6331666666666667,3
909178676153667725,0.7803,1
909202206736310497,0.5917,1
909251078442172471,0.9605,2
909274173669799304,0.3294,2
909279561607103518,0.9635,2
909343558537681670,0.36487499999999995,4
909395206378078239,0.0,1
909395209524507454,0.3725666666666667,3
909407500613684884,0.9371,1
909418960435469160,0.9336,1
909428997270529723,0.9301333333333334,3
909547295232648269,0.41676,5
909817931297655464,0.8167857142857143,7
909866795034944681,0.7215,5
909897216698295024,0.3612,1
909959971101055239,0.79514,5
909969505054081223,0.44634999999999997,6
910003314859027345,0.9389,1
910078829042173283,0.8746,1
910125143226514374,0.8955,1
910175941233050774,0.0,2
910227584330859680,0.891,1
910533617509678468,0.7088,1
910618348399306890,0.0,1
910627506927802519,0.9588,1
910765888533936041,0.9402,1
910791139299077077,0.9787,2
910867907335320928,0.7065,4
910883244817593728,0.9877,1
910944733982268825,0.0,1
910963492365704305,0.9517,1
911330121768148855,0.3306,4
911437602251803694,0.98015,2
911485629580319098,0.9328,3
911530055810061658,0.6486,1
911533349961929831,0.8281000000000001,2
911543221515050965,0.454,2
911625172880134653,0.97045,2
911643823698612914,0.7217,4
911671201644976880,0.296,1
911700804878512270,0.96885,2
911745253430603829,0.24513333333333334,3
911960509875608603,0.5708238095238095,21
912045773338132104,0.7742,2
912053248917940403,0.9673,1
912070991316571872,0.63495,2
912082877595825166,0.9861,1
912157121219974001,0.9382,1
912161066707363488,0.8951,1
912212270907599506,0.5945666666666667,3
912240985433936514,0.3612,1
912242227861155827,0.9838,1
912267697806024083,0.86656,5
912360681165830450,0.5025,1
912365583119768865,0.81,2
912389957655880056,0.831,1
912465422320924395,0.0,1
912696717166514049,0.8976,1
912785621477364126,0.7379,2
912843131054174293,0.99,1
912865014773618681,0.49105,2
912876084057609225,0.4769,2
912887316583008464,0.7837000000000001,2
912911502282814797,-0.3567,1
912932216744179900,0.38841666666666663,12
912936151540334614,0.4815,2
912957622713143721,0.7836,1
912974217907092593,0.9183,1
912981322569068040,0.9484,1
912983211505149005,0.6067,3
913073677917706734,-0.3578,1
913078313667532544,0.5994,1
913158657879707405,0.439075,4
913158868948055176,0.38087272727272725,11
913180434535964024,0.9118,1
913180551136988270,0.7836,3
913479622049285133,0.9342,1
913512459899941057,0.4019,1
913516602018786050,0.1806,2
913576785816046555,0.82945,2
913646709192885100,0.72195,4
913647391044840752,0.6334733333333333,15
913647397420923092,0.858575,8
913647442272041723,0.7841,1
913668789191365502,0.90185,2
913684136912065922,-0.007290000000000007,10
913720104836571286,0.9059,1
913749484795709066,0.9238666666666667,3
913807928033587340,0.374975,8
913808839369164529,0.7083111111111111,9
913862250355140509,0.143225,4
914132359284930741,0.6422333333333333,3
914185428368873053,0.9609,2
914192903880192295,-0.9812,1
914202943415365458,0.5323333333333333,3
914221118635272559,0.9497500000000001,2
914246477299475352,0.6249,1
914265877341781392,0.6067,8
914278454183392222,0.4154333333333333,6
914280820112431623,0.9754,1
914346264768739050,0.7708,1
914352114446300732,0.614,3
914372310103275603,0.6603416666666667,12
914372715052677483,0.79155,4
914375377036659381,0.0,1
914399297581308268,0.6244000000000001,4
914434064326475116,0.7043714285714285,7
914438934838255045,0.58026,5
914512106374813326,0.5056333333333334,3
914533082378680710,0.9207,2
914539436492574809,0.269,3
914539486714415414,0.4301285714285714,7
914540295411985821,0.6903166666666666,6
914574166713061730,0.6378,3
914588340730066241,0.2895666666666667,3
914872394150726342,0.8316,1
915040684281314663,0.5174142857142857,7
915054044765145981,0.8557,5
915075071153229709,0.96185,2
915075728400319196,0.053800000000000014,2
915140461798687946,0.6831499999999999,2
915144715667152469,0.08615,2
915208227761249097,-0.3713,2
915212261050861197,0.491,2
915272028499097270,0.29295,2
915290896527216264,0.16685,2
915296569567601209,0.48605,2
915363521672246591,0.8847333333333333,3
915527668081246445,0.9524,1
915593973097916274,0.35205,2
915724471116684802,0.9058,1
915788205895794880,0.0,1
915807856632298584,0.7451,8
915822380442781972,0.29077,10
915883728514820313,0.71538,5
915912542521724579,0.742,1
916062053365126516,0.49984,5
916099492777622163,0.9754,4
916136064005567253,0.7264,1
916285285637576486,0.64159,10
916312646900331400,0.9929,1
916481873292927721,0.4466428571428572,7
916501592361798022,0.9218,2
916539819983952754,0.9873,1
916620974947876957,0.7825666666666667,3
916662113258508054,0.663725,4
916701813774166020,0.14825714285714287,7
916710363888382591,0.9520666666666666,3
916787708159884186,0.41355,2
917131043520447621,0.7845,1
917140285217729256,0.0,1
917156287930283146,0.9617,1
917159346974647448,0.36345,2
917177893623608562,0.9488,1
917187274105540514,0.6083000000000001,8
917193635918664483,0.9058,1
917257021129124020,0.86895,2
917286699652299207,0.8149333333333333,3
917295162747450544,-0.02999999999999997,2
917311213316676662,0.7471285714285714,7
917330858429621230,0.0,1
917335615909948737,0.6351,3
917358191054473990,0.9319500000000001,2
917410947737627461,0.8563125,8
917428615561007197,-0.21234999999999998,2
917430466762334305,0.8498285714285715,7
917434841074556212,0.33651666666666663,6
917457758818798344,0.7057833333333333,6
917517140393646504,0.9812,1
917527719040136011,0.6801,1
917883237829293346,0.90938,5
917884057779450248,0.6960615384615385,13
917897374070302521,0.9655333333333335,3
917949452921656047,0.96695,2
917975506887584342,0.9116,1
917976126783454713,0.9237,2
917994728698866615,0.5605833333333333,6
918075571652751754,0.46773333333333333,3
918114707474040706,0.76816875,32
918119817754368558,0.8858,3
918174922138297312,0.6213428571428572,7
918185250961342616,0.45480666666666664,15
918224574942865150,0.9275,1
918236889402049645,0.95215,2
918243737866894518,0.0,1
918485658054016023,0.73178,5
918518119392754920,0.7645,1
918561371969334111,0.9426,1
918562586218101343,0.23236000000000004,5
918579177660070838,0.0,1
918587592578298968,0.5900333333333333,3
918634668856082868,0.9719,1
918679898560189180,0.7418,1
918683767183646756,0.7390800000000001,5
918710291651739848,0.9294,2
918788550025250138,0.877275,4
918790747864100687,0.47724999999999995,4
918828223988661166,0.8316,1
918840044187992351,0.46345,2
918842660205042082,0.38245,4
918888985660532449,0.05990000000000001,2
918909990433874077,0.4574142857142857,7
918960739630327552,0.9196666666666666,3
919036785145350740,0.5301125,8
919046685676661317,0.2520928571428572,14
919284809669631115,0.3583,2
919296437781760509,0.9355,1
919309837239779646,0.847175,4
919361079919535393,0.79432,5
919447627281946260,0.0,2
919458398017121406,0.07220000000000001,2
919510181981872158,0.72046,10
919516087452869979,0.8358166666666667,6
919565687472435631,0.6641333333333334,6
919604745199980569,0.655,4
919611336218135905,0.9758,1
919617763000036867,0.3794666666666667,3
919649096231427048,0.72105,4
919723546044807150,-0.128,1
919925286538722945,0.2447666666666667,9
919960981543014170,-0.8316,1
919994837729809997,0.8864727272727273,11
920021243941780390,0.5857749999999999,4
920117256873533147,0.2927,2
920146212331572219,0.2732,1
920148454213244980,0.3764444444444444,9
920222591512420872,0.40765,2
920309647133209756,0.9432,1
920377107150452292,0.9948,1
920400383201599423,0.508425,4
920429310908143274,0.9531,1
920444025876475575,0.8116142857142857,7
920614618147141913,0.8402,1
920635511046140262,0.8442,1
920737991099788684,0.52445,2
920764677053052551,0.0,1
920777547230459872,0.74935,2
920796030922957305,0.98005,2
920832202272992022,0.42596666666666666,3
920856030834209083,0.7442083333333334,12
920931245253747604,0.8357,2
920985236726813141,0.9411,1
921062025308929659,0.34056,5
921085054983265313,0.6917333333333332,3
921109809440690971,0.9016,2
921442188918484513,0.52431,10
921484684817519379,0.9424,2
921503156636197123,0.9729,1
921619198433114098,0.92635,2
921678628794309040,0.6249,2
921683401756567437,0.43205,2
921693003913495435,0.7641133333333333,15
921823743843650231,0.9869,1
921840579052368142,0.899075,8
921866071804481858,0.8201571428571429,7
921904759193969491,0.6379888888888889,9
922204452972036786,0.7402,5
922218404492173292,0.9785,1
922219147322220650,0.8364499999999999,2
922250019533720492,0.0,1
922317065577035633,0.5271,2
922324395271472433,0.6800615384615385,13
922354559572564299,0.883,1
922374177071566531,0.76874,5
922383419096453825,0.6525,4
922411513564799357,0.7563285714285714,7
922472336290981853,0.7683,2
922481514168097337,0.5267,1
922492592391938410,0.8883,1
922907968937287817,0.93355,2
922949629547431790,0.296,1
922969710503552152,0.9697,1
922970834263847209,-0.296,1
922973151096505865,0.8818,1
923010473596785245,0.9501,1
923063676258628951,0.7037,1
923098580940421716,0.70125,4
923157332207232196,0.0,1
923236492991093481,0.9331,1
923291200061264139,-0.9656,1
923582992835031712,0.9220999999999999,2
923616339466561259,0.17259999999999998,2
923680936999733129,0.8883,1
923732618289582069,0.03720000000000001,2
923738621776407769,0.8327249999999999,4
923754199827835360,0.9159599999999999,5
923777932983422581,0.9183399999999999,5
923778700804281931,0.6480555555555556,9
923796354791318801,0.0,1
923901047529242742,0.8716714285714285,7
923945056733749613,0.51819375,16
923975911348370792,0.18376666666666672,3
923989016689979709,0.6908,1
924014140938559271,0.4105666666666667,12
924105851654670079,0.5719,1
924454550854792025,0.9709,1
924473453586123769,0.9917,1
924475840407467998,0.96115,2
924481176418628390,0.7906,1
924497304909742711,-0.8748,1
924505029731993869,0.7085,5
924526283938276863,0.31675,4
924581568890622041,0.9529,1
924583745300996301,0.2608,3
924588351401557847,0.833125,12
924596097532608668,0.9759,1
924608848460923755,0.16771666666666665,6
924641695052237029,0.3087,2
924646186332992707,0.8279000000000001,2
924698517677416308,0.8934,1
924713086307158113,0.613642857142857,7
924771994840575532,0.24381818181818182,11
924793845241608594,0.8387375,8
925060657993663907,0.9803,1
925070275294233306,0.0,1
925108308521481595,0.8555,1
925120950356106315,0.8172,1
925123890439672879,0.5991,2
925157684877513899,0.8815500000000001,2
925176270988205711,0.9216500000000001,2
925205184599771771,0.9442,1
925207867815848344,0.5994,1
925256281644472309,0.28936666666666666,3
925273470890223496,0.53783,10
925274141465703529,0.7822999999999999,3
925334857919982889,0.6162761904761905,21
925352777026632164,0.0,1
925436839077527539,0.23026666666666665,3
925537112815010903,0.9502600000000001,5
925537442136961062,0.983,1
925573391864844350,0.96445,2
925844103295755623,-0.01554000000000002,5
925856225370514485,0.422025,4
925856791478436728,0.9756,1
925930456619031608,0.95845,2
925973511673444255,0.3457333333333333,6
925978811409018942,0.4019,1
925983397873408353,0.04254999999999998,2
926082387201336071,0.379,1
926486514266029868,0.593809090909091,11
926500201416453816,-0.636,1
926505184768028928,0.0,2
926573229441073725,0.4519666666666667,6
926624313297615465,0.9776,1
926680971668905686,0.7682599999999999,5
926682656291786873,0.601,5
926693665098487668,0.38822500000000004,4
926723684376505662,0.8654666666666667,3
926723744528085721,0.9227,1
926896741920489156,0.26848333333333335,6
926901745633380586,0.51705,6
926920336285370521,0.5887333333333333,3
926970977154573932,0.650825,4
927045760390232426,0.9357333333333333,3
927183800647284746,0.588,11
927187878947516301,0.27290000000000003,14
927272240579769108,0.9746,1
927301411417123613,0.9413,1
927302476691371370,0.4915,2
927303522921832939,0.8834,1
927325104191797032,0.8679250000000001,4
927353443269968973,0.9720500000000001,2
927422469737717673,0.40835,4
927434818704751674,0.4083333333333333,15
927452593760326228,0.8163,8
927483107993868984,0.8005249999999999,4
927503008215660398,0.30542499999999995,4
927521289901826884,0.8536,3
927533788433158633,0.52905,8
927544384677249381,0.5719,1
927566668249328342,0.7236666666666668,6
927589617028793469,0.0,1
927592682198211172,0.9549,1
927614955681866883,0.44975,2
927645078335120413,0.9636,1
927678636356780164,0.7504,7
927987219084537277,0.0,1
928002634312880276,0.73245,2
928035336442211015,0.0,2
928061318935228385,0.6509,5
928063151391972418,-0.43005,2
928100379953925300,0.908,1
928152336571226345,0.4404,1
928231459933516219,0.9380999999999999,2
928241720968567410,0.6892,1
928277496483033123,0.8330388888888889,18
928291459954073712,0.9630000000000001,2
928325074341823590,0.012250000000000039,2
928348206367123953,0.59344,5
928414864036957615,-0.5267,1
928650695291965353,0.8519,1
928666067711763262,0.7574,1
928667845170942421,0.79645,2
928699256604202533,0.6172833333333333,6
928772071232618148,0.9645,3
928793479456372149,0.8901384615384615,13
928803666198955836,0.18763333333333332,3
928835266100390100,0.9801,1
928850804857917420,0.08574999999999999,2
928867868003202944,0.765,1
928870246403434834,0.16310000000000002,2
928881076703590298,0.252,5
928932079089262235,0.4209666666666667,3
928932263421744582,0.0,1
928997291943771478,0.8774,2
929045019962445120,0.4019,6
929050829938650124,0.8949333333333334,3
929081089742187139,0.88805,4
929439533041058865,0.7313000000000001,3
929451427638915528,0.845975,4
929469230571379336,0.6534333333333334,6
929470553085091084,0.9061,1
929472787077729838,0.4930999999999999,3
929541161951374247,0.7627666666666667,6
929593327564041652,0.6124,1
929596388505726980,0.6792,1
929608656519017211,0.0,1
929665171409484279,-0.855,1
929677223505307221,0.5859,1
929687607720066319,0.82455,10
929730681358953531,0.66805,2
930189247678939168,0.50495,2
930208366274373595,0.88575,2
930233196445111303,0.6262833333333333,6
930250137546833272,0.0,1
930302378808778223,0.0,1
930315853381489240,0.8957,1
930408227701960564,0.4136,2
930507668632227459,0.44035,2
930659615765209880,0.522025,4
930863298711151785,0.64595,6
930881390972981308,0.47986666666666666,3
930924706890375603,0.9230666666666667,3
930954131032350754,0.9937499999999999,2
930995199455322642,0.8290888888888889,9
931011006226936003,0.8547666666666668,3
931025898467930368,0.9391,1
931112670944920297,0.08146666666666666,3
931114101340679091,0.555,17
931119477817003740,0.8883,1
931158855482543539,0.949,1
931192940614003590,0.4795,3
931256480640057354,0.840875,4
931317161947812064,0.9403,1
931576591023519870,0.989,1
931645041002633967,0.8777,1
931735136704365044,0.9227428571428572,7
931773330947823788,0.9812,1
931780873201650152,-0.1027,1
931834559154802830,0.9913,1
931924392090137466,0.9318555555555554,9
931961307142830304,0.9917,1
931966007897253968,0.8577666666666667,3
932051841513682764,0.6684,2
932067750114627208,0.8316,1
932226425914499294,0.9267,1
932319999095622053,0.8354375,8
932354706178032152,0.9647,1
932376071978555397,0.8062,1
932384546635734635,0.9449,1
932396424629060736,0.9912,1
932402567403196317,0.0,1
932427397299041382,0.171475,4
932433223350420576,0.96095,2
932481534993280925,0.79238,5
932497581431035282,0.9754,1
932506472786808822,0.43411428571428573,7
932525262479434446,0.6057,9
932563477769673745,0.12689999999999996,2
932570823412806404,0.49876000000000004,5
932587158280219435,0.1569,3
932601152019354702,0.5575133333333333,15
932625234145127016,0.008157142857142863,7
932634556505933318,0.46440000000000003,13
932661486530318031,0.0,1
932684065208581978,0.8803666666666666,3
932687200483683133,0.9573499999999999,2
932693939039097151,0.6034,3
932707453374131595,0.4662,2
932998000848655502,0.3579875,8
933002098157796713,0.8753,1
933114736637971459,0.41125,2
933123475128560853,0.3911,2
933124846353993645,0.84544,5
933137007300223068,0.7634000000000001,4
933150209303901830,0.967,1
933161935205261454,0.04726666666666666,3
933181379110415413,0.8784666666666666,3
933206476727791078,0.83245,2
933213508943061370,0.8130599999999999,5
933219847561214003,0.723075,4
933236996435814353,0.7099,2
933238832015852222,0.6606,8
933242236916672467,0.9487,5
933260559284649545,0.4035,2
933367886701197136,0.9214,1
933370554102950905,0.9744,1
933415923556634197,0.6554857142857143,7
933430378532463789,0.9649,1
933431794203534286,0.7906,1
933444231563933890,0.784,1
933492041677925344,0.30804,5
933741285170734266,0.0,1
933774942682537872,0.9601,1
933781495592807469,0.9278333333333334,3
933819099155702786,0.55935,2
933923565179215342,0.2023,1
933954635012248609,0.74038,10
933958760650033051,0.8694,2
934029466179094364,0.82755,2
934070718440510510,0.9766,3
934103407131527551,0.6778875,8
934132116172790719,0.8782666666666668,3
934133884852420884,0.5994,1
934146458570483651,0.4525352941176471,17
934183366052677716,0.0,1
934478256209913144,0.958,1
934487432905069263,0.483625,4
934505698574079062,0.4294,2
934517152119895894,0.0,1
934518399539601985,0.6249,1
934519653275792280,0.8653,1
934522022836432874,0.15887777777777778,9
934524034198103103,0.8477,3
934524965748450340,0.9488,3
934529607189814294,0.6586,4
934553371929887539,0.6602333333333333,6
934565591743229861,0.3957,6
934641207495007839,-0.3595,1
934650607383265400,0.6267999999999999,6
934663297351460034,0.5093,1
934687569171791935,0.923,1
934700614971377839,0.8899,1
934741172757355583,0.9369,1
934755638180855305,0.8709000000000001,3
934836547388403527,0.97925,2
934848504805051285,0.8150666666666666,3
934879667818714425,0.0,1
934904358288823847,0.6627764705882352,17
934977807063697270,0.44855,2
935167843687853902,0.976,1
935255905135143195,0.86994,10
935316686807383106,0.8176,1
935330240858562890,0.8184375,8
935335981451121290,0.6588,1
935361341120229615,0.7021,4
935364447334200268,0.8754,2
935387160566964578,0.54232,5
935400844413898423,0.7717,1
935405204083051476,0.3315,4
935449169242158114,-0.9117,1
935490519214980894,0.0,1
935518589523087185,0.73928,5
935598311114392698,0.9619500000000001,2
935901550111481545,0.84915,2
935962758750336262,0.69542,5
935970238436471858,0.66975,4
935982997275140109,0.66206,5
935991786387834430,0.9333666666666667,3
936032564582919688,0.551725,4
936043316297333118,0.91346,5
936043659836280757,0.7884,1
936070363723901878,0.9615,1
936071016184263213,-0.023233333333333328,3
936152750138912314,0.9879,2
936268160482977868,0.7383000000000001,3
936298755765831869,0.0,1
936327847228539357,0.7428666666666667,3
936689075722505560,0.96925,2
936709385163690968,0.54556,5
936757736705231222,0.6183,6
936759372670407628,0.9324,1
936766201734514986,0.7743333333333333,3
936780034360808218,0.9505,1
936791411368753737,0.7645,1
936796587810647005,0.466775,4
936829398469273331,0.87065,2
936855969653658296,0.35706666666666664,3
936886034467653417,0.9306666666666666,3
936904575126071308,0.8834,1
936908666818317762,0.9003749999999999,4
936971958992897580,0.3887,2
936993747360130658,0.9491999999999999,3
936997305466808033,0.7871526315789473,19
937005330043044439,0.6934833333333333,6
937014300865216219,0.8208333333333333,3
937030435379839932,0.9395,2
937071617326564102,0.931975,4
937363426985481614,0.976,3
937402981964316641,0.7501,1
937425124081656683,0.49777000000000005,10
937443518242307569,0.9156,2
937445748032777342,0.4989,5
937489273130961288,0.659,4
937499472084578749,0.23110000000000003,13
937540649911487311,0.9935,1
937594656094160010,0.7918666666666667,9
937610241948170012,0.8742000000000001,3
937616624040185701,0.4215,1
937709667806798840,0.546,4
937718082509111548,0.5741666666666666,6
937764018265552885,0.5388888888888889,9
937764021818147180,0.9218333333333333,6
938072745503236203,0.5958,6
938169275235460603,-0.891,1
938201306427015710,0.296,1
938205506351811307,0.6126,3
938231380253984146,0.3598333333333333,3
938234389246552175,0.912,1
938269647944282844,0.8399,1
938287957967789375,0.4799,2
938300451817681861,0.5529666666666667,3
938305848018471382,0.6997,1
938323344696022265,0.6361,2
938328157070352167,0.07946666666666667,6
938334407519227852,-0.1930666666666667,3
938411706099024888,-0.9731,1
938473656910467936,0.46775,4
938483217062453236,0.938,1
938533406700017650,0.6979,5
938560219881510052,0.4061,2
938847594782182047,0.9198,1
938871875826956888,0.88514,5
938889703079030038,0.24503333333333333,3
938927989318240755,0.9673,1
938947743648010970,0.59065,6
938960797071589721,0.33279000000000003,10
938976287772796012,0.4294,2
939008882354330425,0.9392,1
939049829187333053,-0.1801,1
939111824646171418,0.8481,1
939198903134716395,0.7483666666666666,3
939204767462636520,0.8667000000000001,6
939522847441626418,0.86295,2
939605154310051576,0.9381,1
939651701828666841,0.9657,1
939662079022734720,0.7953538461538462,13
939678870728359955,-0.5784,2
939688689116136802,0.5574,1
939834126428758595,0.8467,1
939844428718346303,0.27032,10
939866142322097267,0.43215,2
939868276636107558,0.855,1
939915497209470394,0.9254,2
939917199457855118,0.4754,1
939956252403060006,0.9622,1
940040003626012464,-0.4019,1
940334609014196279,0.9191,2
940358149802941051,0.0,1
940379794546380137,0.15597499999999997,4
940384158224782020,0.6908,1
940457424656027085,0.0,1
940507047492542839,0.9666333333333333,3
940518064567455120,0.4389875,8
940559767611367210,0.2202,2
940572460618003778,0.2613666666666667,3
940587844541778091,0.19288333333333332,6
940691456865819178,0.7442470588235295,17
940724681282679755,0.30843333333333334,3
940754913834473384,0.9387599999999999,5
940974669924605233,0.7717,1
941073007255709447,0.8325,3
941079272220711325,0.94825,2
941096108418838594,0.24262857142857142,7
941170248274593043,0.9771,1
941178574821359986,0.4751125,8
941204738760273565,0.5742,5
941256712952463091,0.6751333333333333,3
941299265633541672,0.01483749999999999,8
941322069249253584,0.0,1
941416468920184770,0.9223,1
941421602983469763,0.7523,3
941454458951441571,0.98,1
941755452910240084,0.24105,4
941862081674238737,0.4404,1
941875668047230769,0.98675,2
941910589264280147,0.9480111111111111,9
941975238926196318,0.9577,1
941994440388205316,0.360275,4
942047359428719721,0.7229875,8
942049172781070690,0.7783,1
942092164641301403,0.4588,1
942119471298228203,0.25576,5
942438586318049415,0.47295,2
942493806002421247,0.66025,2
942506817054387226,0.9723,1
942552457569096975,0.9078,1
942552517724688326,0.7351,1
942567935013134344,0.8845,1
942581920660854479,0.6326666666666667,3
942582913041537989,0.8584727272727272,22
942604462529168581,0.4215,1
942618499698443202,0.875,1
942621682497475616,0.7959,1
942624699554869792,0.42545,2
942660968677017880,0.4466,2
942669658437171795,0.87605,2
942671058362679155,0.8959,3
942671095771465412,0.7228142857142857,7
942672406322044762,0.500575,4
942673485821255588,0.6067,4
942677575324117391,0.5888,1
942682424777770069,0.8737,1
942690829033268033,0.42491666666666666,6
942691108415926753,0.6198,3
942723431225969033,0.9553,1
942835023148926893,0.9053,2
942844331134863862,0.64355,2
942867970931511194,0.174775,4
943051885723433017,0.333,3
943196047269568510,0.9442,1
943239902820630513,0.846,2
943242944871410910,0.3866666666666667,3
943248676350947988,0.47115,2
943253582139490884,0.7444,2
943258290771243663,0.7370333333333333,3
943262432591740434,0.62325,8
943311980376648744,0.37935,6
943345713945363248,0.5976857142857143,7
943367146466426611,-0.4724,1
943402205338357853,0.9287666666666666,3
943415803770309943,0.91745,6
943462633264774737,0.77645,2
943596911183177718,0.9685999999999999,2
943605522218567529,0.899,1
943651262096571161,0.63508,10
943652756016001830,0.58155,4
943676033658325664,0.20695,8
943894767274525128,0.9020666666666667,3
943899286091559246,0.0,1
943913023950481330,0.926,1
943914395169802880,0.8655,1
943970336288131349,-0.18130000000000002,2
943977794722512870,0.8243,2
944006269203349246,0.9951,1
944022765852585422,-0.128,1
944045532575535072,0.24111052631578947,19
944056063921471426,-0.2263,1
944088177158656097,0.5994,1
944116194948399060,0.9804,1
944274593238349894,0.4209,3
944300070516784813,0.005049999999999999,2
944325409765735913,0.9169666666666666,3
944381950352135157,0.7019,2
944386209870387733,0.9168,1
944400008384244661,0.6286333333333334,9
944527906492009051,0.4019,1
944616692917896288,0.7662500000000001,2
944635596757702775,0.6068428571428571,7
944741370456819115,0.9483333333333333,3
944761573317401161,0.3718,1
944783656624553468,0.6412333333333333,3
944796384088563917,0.9275333333333333,3
944862593293517330,0.9155,2
944872208662374170,0.834875,4
944912746133304032,0.7969666666666667,3
944966222275409440,0.9477,2
944996266318250215,0.8619,1
945267251797903449,0.9381,1
945347897762254781,0.4488,2
945401296575939117,-0.8316,1
945422621577452626,0.5689333333333333,3
945424614631671471,0.8686499999999999,2
945434902350102999,0.8775,1
945437030468048498,0.83808,5
945464635020318901,0.8208000000000001,3
945572393528672141,0.0,1
945578310163682976,0.6048666666666667,3
945609417080458814,0.8858,1
945621327189567144,0.9742,2
945718856719060071,0.8673500000000001,4
945740066332649055,0.7351,1
946133108984873406,0.9852,1
946189497526582189,0.4138,3
946375759260811499,0.908075,4
946430791639909687,0.3612,1
946449467468725335,0.29535999999999996,5
946469225446203210,0.83338,5
946507286460793643,0.90345,2
946511160046012907,0.6249,1
946711140999381437,0.8461,2
946838754191753678,0.9657,2
946886188308349113,0.9568200000000001,5
946948728139333769,0.0,1
947067231591654891,0.91715,2
947068053186173710,-0.19169999999999998,2
947093302502307299,0.911825,4
947144983294922214,0.8479,1
947512380384565919,0.23383333333333334,3
947534377125785856,0.9478500000000001,2
947535465295135848,0.66705,4
947543413523345690,0.26045,2
947564504928594180,0.9787,1
947589763918925713,0.78855,2
947624121050142602,0.20527142857142858,7
947629251970227104,0.6348,4
947629400014879332,0.0685,3
947665752476220858,0.9612,1
947676763211648135,0.175,2
947716037068563686,0.65564,10
947811042320742361,0.94095,2
947834832624775884,0.34,1
947856811677852069,0.7579,1
947862890847476290,0.5640666666666666,6
947863117855999173,0.6044,2
947902576033480111,0.86835,2
947940403966198113,-0.9136,1
947943827790164614,0.6784166666666667,6
947944958774025627,0.9442,1
948027909282857095,0.7396666666666666,6
948230805143735068,0.7564500000000001,2
948283486041133203,0.5070250000000001,4
948302872634674075,0.0,1
948321852506906950,0.877625,4
948333028859054436,0.4914,2
948344733732897549,0.9324749999999999,4
948347500693738791,0.9669,1
948358460050814209,0.979,1
948388816664851954,0.5837833333333333,6
948405472787392182,-0.6401,2
948412317851112594,0.9401999999999999,2
948418487163732441,0.97,2
948426024547436913,0.463975,4
948434279635964043,0.46855,2
948434459191048000,0.9282,1
948434554472233490,0.12695,2
948434973379372482,0.512225,4
948435094816432993,0.7408,2
948482780232293869,0.0,1
948486760218082090,0.7572666666666666,3
948506672323191675,0.6335142857142857,14
948591788250524124,0.5019625,8
948604903359876924,0.886,1
948611666658028668,0.5719,1
948647984098662203,0.6317,1
948651204271633468,0.6580777777777778,9
948908057070352837,0.7856666666666667,3
948917424982230838,0.04666666666666667,3
948995361457820203,0.7103625,8
949002976159177408,0.7611,2
949102426620481238,0.68565,14
949183715060442626,0.9404,2
949189349287787545,0.9118,1
949193375062288843,0.9577,1
949254390965737666,0.96885,2
949262963262112351,0.2742,4
949344134324306098,0.97218,5
949460665431928397,0.3730846153846154,13
949679822084845025,0.30716666666666664,3
949704543852975768,0.8997,1
949717843145916057,0.6503333333333333,6
949745043825547507,0.7845,1
949760707708394487,0.8919,1
949799427222879164,0.5166666666666666,3
949895788077592192,-0.5719,1
949902124533971909,0.9586,1
949911145512551934,0.0,1
949918265696143972,0.3856,2
950150241655311659,0.9621500000000001,2
950372322405645934,0.5267,1
950381428240079800,-0.2152,1
950449979366254734,0.79482,5
950482473462620870,0.8427,2
950487865700302313,0.86175,2
950509354004107044,0.8976999999999999,2
950522536980643243,0.4465,2
950547823542375985,0.7583500000000001,2
950615526003966152,0.6297333333333334,6
950651892285033671,0.0,1
950665216346050072,0.8908,1
950674101533642504,0.5982444444444445,9
950681063791159640,0.0,1
950688743913430198,0.6101,4
951075271040047500,0.6249,1
951155180571947807,0.9501,1
951174801226808069,0.9322,1
951256807891342190,0.3068777777777778,9
951270253363284713,0.5539000000000001,4
951275808075180348,0.6249,1
951327581496077513,0.0,1
951333303502814364,0.7281500000000001,8
951370950051256284,0.7643857142857142,7
951404446623917285,0.4215,1
951674027881012479,0.6249,1
951785881112035409,0.3384,1
951862637277042957,0.96,1
951933270413513230,0.6793,2
951950325222181958,0.7018,2
951970327149127991,0.764175,8
951985133614053295,0.5859,1
952002799593143193,0.4779,2
952006291773360896,0.11903333333333337,3
952016315750366557,0.3451,5
952081840085216731,0.44645454545454544,11
952083917037840812,0.695325,4
952109741489619990,0.9792,1
952178775860381244,0.9556,2
952203444550890252,0.9309,3
952286042256235113,0.8302666666666667,3
952455379838610215,0.64795,4
952581694531350123,0.8224,4
952670652567707603,0.530675,4
952676064972990177,0.7303666666666667,3
952676276055512123,0.38585,2
952680551921312262,0.6249,1
952696949848064233,0.052700000000000025,2
952709855322544782,-0.012850000000000028,2
952822604140078849,0.8146999999999999,3
952837604976479855,0.882225,4
952845427793824540,0.6588,1
952856106062657584,0.8516,2
952866989720967851,0.9277,1
952908727827465326,-0.12288333333333333,6
952947761161679170,-0.02639999999999998,2
952962456687225148,0.6249,1
953029007802588432,0.4927,1
953047324846255313,0.8802875,8
953334019737538467,0.5029399999999999,5
953334877843959502,0.69025,4
953369324387814363,0.9183,4
953430116710504606,0.33995,2
953430183348860350,0.43943333333333334,3
953430247902674124,0.90305,2
953430446192590029,0.9578,1
953453786983324676,0.22606666666666667,3
953466272438731074,0.8148666666666666,3
953527803481458294,0.46895,2
953592284726704515,0.319275,4
953600436324799616,0.8173,1
953722139979190747,0.5424,6
953746428651324413,0.1224,3
953796130632374701,0.6955,2
953805562453151508,0.6671666666666667,6
954134044758177635,0.9081,1
954182300215517419,0.93945,2
954216430249013554,0.9755,1
954223557641297286,0.9076,1
954238161815007300,0.5747,2
954244355667540556,0.5502285714285714,7
954252611891638729,0.0,1
954259411724515724,0.5476714285714286,14
954374775082660907,0.7777499999999999,2
954446294345661681,0.8979,1
954453558566942528,0.8689,1
954495044227645587,0.8398363636363636,11
954743649220099396,0.91645,2
954813058834642140,0.9609,3
954826149474323106,0.006987500000000008,8
954873253931655765,0.5179,2
954876973119346934,0.29724,5
954878370261115478,0.5558,2
954911465149825363,0.6486,1
954963712993818503,0.0,1
954983619006238258,0.576675,4
955000145027655388,0.9614,2
955066471661895820,0.9501,1
955088765887385160,0.5668142857142857,7
955103536722213337,0.4511,2
955134562212122042,0.9765,1
955175376745109269,0.6189199999999999,5
955194385307325111,0.855,1
955249936593084312,0.878925,4
955539465099142779,0.0,1
955641531150900995,0.4832666666666667,9
955651838474204360,0.8122,1
955657056953495508,0.3052666666666667,3
955658542492057354,0.32203333333333334,3
955679150684738634,0.24565000000000003,4
955702999038311175,0.406890909090909,11
955721346318535836,0.3897,12
955824685379152436,0.8516,1
955839432453941775,0.5335833333333334,6
955869252287184052,0.55065,6
955983517462127139,0.5566384615384615,13
956269398680940877,0.8462333333333333,3
956287476677169598,0.323,6
956317182906925848,-0.064,2
956359498516834049,-0.6057,1
956370916364555692,0.6257933333333334,15
956425627865325594,0.1901,1
956443532923136387,0.41637,10
956489418146435722,-0.11315,2
956530734741967508,0.24506250000000002,8
956582247087254312,0.9374,2
956664308646561239,0.8021444444444445,9
956684457248334846,0.31245,2
956689732551450699,0.7827,1
956770192875711208,0.9272,1
956888733957204852,0.6637818181818181,11
957011986889205997,0.8553,1
957097427122155954,0.9711,1
957148076929981550,0.3445181818181818,11
957273525455067800,0.90955,4
957308750645218501,0.9441,1
957311712567758044,0.759775,4
957314016292916874,0.6114,1
957331405774418960,0.9572666666666668,3
957363789249761605,0.959,1
957494871762164549,0.4753,1
957640698996370368,0.9616,1
957687832657394160,0.8581666666666666,3
957723414849847931,0.29286666666666666,3
957740141827701878,0.936,1
957783652083144053,0.38709999999999994,5
957818944920085611,0.92706,5
957830806963090528,0.7799,2
957841908619128914,0.9615,1
957917532127733868,0.5173333333333333,3
957920609474984650,0.9194,1
957924049540420180,0.9226,1
957998595303558876,0.95065,4
958046592928260835,0.0,1
958075358689313868,0.9959,1
958091377072349934,0.334725,4
958102366053404308,0.55545,2
958364393410679030,0.8807,1
958421308684668343,0.5191666666666667,3
958450062004632053,0.95275,2
958473136222989610,0.6588,1
958475386620081089,0.41447500000000004,8
958484817987223146,0.9099,1
958499093525831773,0.8566,4
958600343008716597,0.4628315789473685,19
958625058665310586,0.9637,1
958632774054392525,0.8217,1
958737630523075765,0.51275,2
958748530343375669,0.05465,4
959114999698980307,0.8126,1
959158482999900496,0.9269000000000001,2
959160471991574397,0.7745666666666667,6
959235032793790743,0.9061,1
959313639463093854,0.921775,8
959386773364872399,0.901925,4
959535152944950559,0.9906,1
959543799743089982,0.9468,1
959572464496517052,0.4031071428571429,14
959854626332213965,0.7951,1
959867439028605988,0.6605,1
959872369947058190,0.6576714285714286,7
959893956899055246,0.93375,2
959982284668782332,-0.1806,2
960079826585803435,0.9865,2
960125643122726381,0.85095,2
960140734497360507,0.8445,3
960145600381795057,0.7468,1
960163319406481169,0.8778666666666667,3
960163442808741829,0.5212333333333333,3
960252665339739800,0.0,1
960593292303693500,0.5428200000000001,5
960610169146993127,0.6983,2
960618518689122218,0.70375,4
960630007225733812,0.9815499999999999,2
960631133103689751,0.8641,2
960675525966914399,0.983,1
960686110385876255,0.6744666666666667,12
960692934331625695,-0.128,1
960757646679840144,0.453,1
960791378498838293,0.6705,1
960826840811023687,0.6887,8
960841582209679266,0.8072333333333334,3
960945063555732004,-0.9485,1
961236460232358983,0.41695000000000004,2
961250559647644621,-0.064,2
961283333370128532,0.9552499999999999,2
961331622683976418,0.936,1
961341371938874112,0.3559,10
961363130026564762,0.030600000000000016,2
961394795670758564,0.443075,4
961405329035693503,0.5142,3
961415596550067828,0.5702333333333334,6
961443114134880870,0.98,1
961453475631795085,0.745025,4
961469871335334756,0.7776555555555555,9
961505518765710472,0.8362399999999999,5
961582760354785893,0.9692,1
961669699501675492,0.7351,1
961677027518929273,0.8478,1
961773361018127329,0.0,1
961779462473833351,0.6249,1
961782297417202549,0.39788333333333337,6
962046595210968689,0.6688,1
962132798728610338,0.36006,5
962255604426279187,0.8643,1
962267437360109199,0.71494,5
962271798085408126,0.9682,1
962331237648463591,0.8044571428571429,7
962372594802930355,0.918,1
962381267248742094,0.9506333333333332,3
962389309826839092,0.49305,2
962439757276916363,0.0,1
962757158071261847,0.9601,1
962795219060810275,0.8409,2
962819066808184263,0.7908222222222222,9
962830413890023741,0.09455000000000002,2
962858485586428248,0.3913384615384615,13
962881062059214196,0.9271,1
962887201626396235,0.8737,1
962894874086167938,0.27623333333333333,6
962935989287056711,0.86826,5
962952540495619696,0.6868714285714285,7
962977093141546395,0.8918999999999999,4
962977340656647479,0.9914,1
962982861108766403,0.8591,1
963009560314318605,0.9697,1
963027445650858737,0.574425,4
963027804802277992,0.40713333333333335,12
963029908866066178,0.47241,20
963048853046584765,0.428125,4
963051308049178757,0.5280666666666667,3
963131414928711780,0.7964,1
963166387269906515,0.26509166666666667,12
963455928142828412,0.6393090909090909,11
963506271776895615,0.9385,1
963521967440273595,0.5124181818181818,11
963546333143740003,0.9707749999999999,4
963546526276642856,0.9564,1
963607886042396335,-0.1531,1
963654202944370964,-0.9021,1
963695236252442865,0.03905714285714285,7
963715504014021108,0.47385,2
963718324455482126,0.10610000000000003,2
963815916257609941,0.59565,4
963836179951373198,0.899,1
963837463804695065,0.0,1
963845286154995987,0.4522,1
963851101246487297,0.9879,1
963857733479120465,0.9139666666666667,3
963892584875515665,-0.064,2
963906090567569123,0.9574428571428572,7
963917309513858094,0.8976999999999999,2
963935072962207547,0.43342,5
964269979342778479,0.3972888888888889,9
964279657311140694,0.32665714285714287,7
964312119022566346,0.9765,1
964322971150354726,0.8605333333333333,3
964397658940575570,0.1735,3
964408183783905369,0.9441,1
964434121260605770,0.76936,5
964444212789254264,0.53775,4
964444517753767738,0.2978,3
964475603121666030,0.8803428571428571,7
964504418655922423,0.899475,4
964546781655317747,0.9867,1
964562553557253316,0.68719,10
964640723708328411,0.47665,8
964645239971214310,0.6411272727272728,11
964802899378604713,0.5697090909090909,11
964937004480739036,0.6913,7
965011977136579792,0.9385,1
965019357693444293,0.67255,4
965124858282036027,0.69208,5
965177278067701020,-0.09875000000000003,2
965182374329084490,0.9572,2
965393815630253186,0.5848,2
965632202056998142,-0.9762,1
965647830620865455,0.92925,4
965668534028308760,0.5362833333333333,12
965691575295417778,0.91615,2
965738306248292448,0.9516,1
965768871261815933,0.7871666666666667,3
965783944382981511,0.66615,2
965816585357643979,0.31948,5
965935623878367796,0.5824714285714286,28
965957667840671749,0.9041,1
966075873866454795,0.628,3
966612741118974676,0.3004,2
966618863390024960,0.4651,3
966702442841998095,0.35241666666666666,18
966734046220351682,0.7398454545454545,11
966753231625624440,0.77564,10
966805078422212204,0.9894,1
967114433346113815,0.8147,2
967163876317351630,0.9900000000000001,3
967214995725429668,0.4195,4
967312691408063660,0.91095,2
967343807852804404,0.9168,1
967453386891519028,0.508,1
967709124147944064,0.8591,1
967783819203333745,0.49976000000000004,10
967854328084042418,0.6555666666666666,3
967866000992212266,0.66315,6
967910692368297296,0.7579,1
967929193060791027,0.8913666666666668,6
967942809963295224,0.7801,1
967963278011914078,0.971625,4
968152827692382006,0.9778,1
968164715479181532,0.903,1
968196741630021652,0.9469,3
968198682233372615,0.8036,2
968210692676496347,0.8197,1
968277734598626459,0.53379375,16
968616443832162318,0.8353,1
968627320835823792,0.9223454545454545,11
968644163793156858,0.7712,1
968692310272876480,0.8573,2
968696536679925175,0.7088,1
968715353087810130,0.6249,1
968716029799104367,0.8065,7
968719025876068846,0.9015,1
968750390964972829,-0.148,2
968752762175738149,0.810175,8
968755034759354540,0.5719,1
968761136026980854,0.9549,1
968775552814939669,0.3836,3
968798155764805177,0.5627,3
968813297703705188,0.984,1
968817073874599027,0.6359166666666667,6
968818212876006108,0.8097333333333333,3
968831452082946395,0.0,1
968898738587838338,0.2187,2
968925726393663365,0.8978333333333334,6
968934054076400375,0.9537,1
968958182057794023,0.91605,2
969015431367053229,0.89311875,16
969174080397913141,-0.005033333333333334,3
969211948834487835,0.7394999999999999,4
969279107643036785,0.7683,2
969377746802933749,0.8718,1
969389701705532954,0.0,1
969391937050201094,0.8176,1
969423595423562506,0.90875,2
969425649555249919,0.8172444444444444,9
969429423163691621,0.9355,1
969477904354174974,0.4201,1
969493975484277484,0.5319833333333334,6
969543287380999833,0.978,1
969575113816637834,0.7154,2
969586913944293274,0.48938,5
969604712674172007,0.44559999999999994,5
969625473235422254,0.9548,1
969677888867125616,-0.03420000000000001,2
969694005676576107,0.49644000000000005,20
969774943276899956,0.8658,1
970000946146177650,0.765,1
970011306111931653,0.9536,1
970025677141688103,0.9458,1
970082764940038992,0.67545,2
970089602040673363,0.14541428571428572,7
970093071586128421,0.9745,1
970097354078784489,0.8948,1
970100354183974957,0.9579,2
970101406239551258,0.1806,2
970215261049054130,0.6294142857142857,7
970291077751444472,0.6071375,8
970336902589676937,0.8832,1
970697136944744351,0.867311111111111,9
970755475331322609,0.0709,1
970756126522870278,0.44185,4
970761453994743167,0.926,1
970771171604450637,0.9659,1
970835178711573015,0.9332,1
970917215630633837,0.78325,2
970955074982256451,0.7805,3
970958926551830764,0.891,2
971027204493024859,0.2997,2
971067270015070745,0.21005,2
971072416583213327,0.15128571428571427,7
971483825445873213,0.7208249999999999,4
971502195225511167,0.0,1
971535867235150340,0.9243,1
971571284573037886,0.6338,4
971593158438416949,0.784,1
971648453351271468,-0.013149999999999995,2
971686782903705067,0.21186470588235295,17
971724095671788541,0.381875,8
971794059225991798,0.5919533333333333,15
971829155190113805,0.9322,1
972003972094125628,0.6073000000000001,7
972202051632424780,0.95585,6
972211915570134617,0.75484,5
972280630080814702,0.4826,2
972350326146621560,0.9577,1
972370173828328904,0.6789285714285713,7
972375443229092244,0.847,1
972426019186780272,0.28637999999999997,10
972460477621336891,-0.128,1
972477340193039659,0.9572,1
972560317218424402,0.43300714285714287,14
972570209429274302,0.42155555555555557,9
972570463782344780,0.2685333333333333,9
972583912839126007,0.27307777777777775,9
972926033879571017,0.5161250000000001,4
972927637038037287,0.8063666666666668,3
972933959502234228,0.8402,1
972938964924321932,0.4215,1
972957037185301246,0.4063,2
972964356549253238,0.5531916666666666,12
972988218010164414,0.8360333333333333,3
972999751049132572,0.9802,1
973009339655134468,0.5876125,16
973022206650591478,0.915675,4
973044206467642211,0.0,1
973044248642460835,0.9334333333333333,3
973047489125428610,0.5200461538461538,13
973048941029391734,0.8387166666666667,6
973070025499141130,-0.06506666666666665,3
973071159060859763,0.9596499999999999,2
973076241023793759,0.7105,2
973140027199218437,0.9354,1
973146933652963820,0.5882818181818181,11
973147469491414153,0.90912,5
973163623198451746,0.7538285714285714,7
973222322106141429,0.64135,4
973233304693334663,0.43845,2
973270130232925873,0.9882,1
973284257187546776,0.9392,1
973323941642692458,0.09346,10
973327806433458614,0.8765499999999999,4
973348218468008659,0.8748,1
973375658553846760,-0.16294,5
973634204132556020,0.9117,1
973702452318261556,0.418,2
973754516115905082,0.8943,2
973775941481265643,0.5546,2
973801695874775338,0.8821,2
973811120563381994,0.5423,1
973835321593044418,0.6623249999999999,4
973842517025147302,0.87895,2
973879680280988819,0.6205999999999999,3
973976477908749122,0.9797,1
974011415499221650,0.9244,1
974014906854954496,-0.057699999999999974,2
974128714375079125,0.90615,2
974239980145637666,0.4134,2
974355349387253061,0.96815,2
974392634907675967,-0.4588,1
974407871966858564,0.9841,1
974413497469785538,0.9477,2
974438977255986589,0.6051,10
974469114476755627,0.4201,1
974472107080922597,0.8232714285714285,7
974505985424741991,0.7867954545454545,22
974508985972443499,0.8313,1
974540541813364737,0.29496666666666665,3
974655124283161629,0.96605,2
974665816543151453,0.9602,1
974713859499810362,0.66378,5
974727726809874811,0.14726666666666668,6
974767306293138350,0.92845,2
974784336943790669,0.8662285714285715,7
975079651689296927,0.988,1
975091451821889986,0.5405333333333333,9
975107739791109098,0.8863333333333333,3
975108204266330569,0.8126,1
975154890015139234,0.780809090909091,11
975158050774846560,0.10333333333333335,3
975278265279920206,0.9633,1
975294297333089697,0.209675,8
975378242766555681,0.97085,2
975387158351700072,0.6249,1
975400927175000078,0.9307,1
975406391243484553,0.9465,1
975412443657462577,0.9615,3
975786718240840198,0.5850333333333334,3
975833472328070654,0.985,1
975836604529930423,0.7524,7
975843044236968577,-0.8329,1
975870489495719983,0.6641,1
975870682403186974,0.908,1
975879166696046068,0.99025,2
975912637934363231,0.197,1
975919387562041441,0.9324,1
975963093198176473,0.8745499999999999,2
975965265696657732,0.28847500000000004,4
975993786089059154,0.75555,6
975996398725750898,0.9733,1
975999310563024240,0.3629,2
976101410186129681,0.9777,1
976133372787534611,0.8316,1
976310451245878002,0.48976666666666663,9
976536533956794154,0.7413500000000001,6
976687862806404241,-0.4749666666666667,3
976691795381149673,0.8519,1
976697244698714046,0.395,2
976723952338711036,0.8505,2
976791725949024115,0.25943333333333335,3
976792426675585938,0.58655,8
976799124853053825,0.0772,1
976804088754600097,0.9741,1
976837363516880677,0.8262444444444444,9
976853718881776755,0.7399666666666667,3
976868094307516120,0.9615,1
976886790512452905,0.9889,1
977343975577206137,0.0,2
977453935617971832,-0.0015999999999999903,2
977541328187106866,0.9837,1
977541863087461781,0.2023,1
977544317634233224,0.6787000000000001,2
977594213498897405,0.945,1
977858694447867899,0.6671,3
977954049139743190,0.9607666666666667,3
977964048147463448,0.008388888888888902,9
977970929789731190,0.7437999999999999,6
977978706641716771,0.9134,1
978002222746080316,0.9038,10
978018920710326836,0.5578,4
978027129670938348,0.41791666666666666,12
978038504190102367,0.87977,10
978123339661320332,0.5853,3
978222828577030254,0.3203,3
978247166779164658,0.3982,5
978290430885666354,0.8074,1
978290888239466234,0.802,1
978309026558416625,0.9437,2
978327840035867487,0.0,3
978350175089666883,0.34009999999999996,2
978380837074042551,0.9089,1
978381642500202978,0.8955500000000001,2
978402318177606360,0.9710333333333333,3
978645790836728733,-0.05804999999999999,4
978687106820755604,0.9692,3
978710420050319157,0.07845000000000002,2
978713774038141794,0.6893416666666666,12
978745282621409060,0.9217,2
978755907174907893,0.535725,8
978823520886700473,0.666975,4
978830903182444161,0.9498500000000001,2
978861246366937674,0.66295,2
978902319363928978,0.77544,5
978913181869047630,0.85545,4
978923845415040715,0.7493000000000001,2
978967068931628151,0.5373,9
978992620380152402,0.9857,3
978998031416095972,0.97485,2
979078069061253659,0.6115,1
979470841135886959,0.6152833333333333,6
979470952056633572,0.9279999999999999,2
979561213357346924,0.9563,1
979575586220150393,0.66465,2
979606847483157935,0.981,1
979630187557185701,0.9749,1
979632947376213157,0.7938999999999999,3
979751052519090913,0.5808285714285715,7
979770695279315290,0.5067733333333333,15
979788260476854458,0.9531,2
979919717240375432,0.9731,4
980045836292557692,0.0,1
980183064812048844,-0.5267,1
980234911567706841,0.468375,8
980293747754037562,0.6796,4
980297123774668211,0.3475857142857143,7
980328016000412434,0.9904999999999999,2
980428212111313991,0.30634999999999996,6
980454095888616470,0.6672375,8
980492952007953189,0.8658,1
980564689507495053,0.9809,1
980565622531337384,0.860475,4
980877109164353375,0.9381,1
980897298117128893,0.29773333333333335,3
980956876963777439,0.75036,5
980957676440992415,0.92955,4
981000338797697099,0.0,1
981576620841339782,0.7733625,8
981630023724820225,0.0,1
981707061189175293,0.9611,1
981719814778348111,0.9473,2
981720461000075858,-0.0047499999999999765,2
981829415299596374,0.5579,14
981832635769184236,0.8969,1
981852713794404264,0.6642333333333333,3
981928097660215143,0.9669,1
982002254082735891,0.0741,2
982226134325301418,0.9665,1
982306509661111979,0.8364571428571429,7
982329306066456135,0.9225666666666666,3
982482328235401365,0.9559,1
982527610712763575,0.752525,8
982560001617069368,0.9637,1
982563787056971501,0.27704,5
982568300109334578,0.6304666666666666,3
982570184656382117,-0.8439,1
982576227332134267,0.0,1
982623254673886046,0.6538333333333334,3
982668480635265219,0.95594,5
982972005888513243,0.7501,1
982993587021946652,0.855,1
983031457353349366,0.9577500000000001,2
983031575762790644,0.6623,3
983065646395848469,0.49235,2
983070474326434578,0.0,1
983133358591647902,0.6018749999999999,4
983167628588173098,0.9831,1
983168588874222250,-0.011483333333333337,6
983189951920829095,0.7794,2
983191114368704050,0.9194,2
983246435078592147,0.08886666666666666,9
983298855478669534,0.4588,1
983316352219267656,0.67126,10
983321645470045605,0.8968499999999999,2
983324203303924427,0.6890000000000001,3
983417427714048144,0.100075,4
983563035181426407,0.8889333333333332,3
983812093700943296,0.8876,2
983930198088400439,0.8274,2
983954900393344183,0.32937500000000003,4
983997699413413970,0.8936,1
984010296651956026,0.886,1
984106116936574551,0.9863,1
984112053687962476,0.8665,2
984152156518636766,0.4404,1
984200579465538077,0.13766666666666666,3
984514765168576820,0.31245,2
984573104844943523,0.7745666666666667,3
984633835026374394,0.35481333333333337,15
984640490695271178,0.9568000000000001,2
984640562940175424,0.8074,1
984643959730635302,0.9483,1
984708511911259014,0.6104666666666667,9
984724129994825994,0.70617,10
984726271053184114,0.69199,10
984770391419849337,0.49338,5
984828785420272530,0.9637,1
984830028675930794,0.5847666666666668,3
984895459505663496,0.6669636363636363,11
984971247892569542,0.8976,1
985098615901673125,0.8922,1
985207885337751374,-0.03926666666666665,6
985220858762800158,0.24059999999999998,4
985253042903524802,0.8929333333333332,3
985300549769144967,0.77945,2
985359468251311020,0.53935,8
985426152446355131,0.7693,2
985504950058773525,0.0,1
985506475468507470,0.7998,3
985540189206014392,0.9441,6
985580590843610282,0.636,1
985683261536682900,0.9747,1
985756806213685873,0.9700714285714286,7
985909189546704433,0.933025,4
986013266176113885,0.9166,1
986072337215240347,0.9594,3
986117165779022052,0.44153333333333333,3
986139382218925816,0.95795,2
986147031634786467,0.9779,1
986155341584744807,0.5264500000000001,2
986201551612651882,0.5962875,8
986204180082676790,0.9927,1
986220842202005062,0.9365,2
986252796865054812,0.4404,1
986265266781055243,0.6068,1
986337851890589921,0.92475,4
986390057538444262,0.5319,2
986432969415507597,0.07030000000000003,2
986450182270263516,-0.296,1
986779662549178814,0.9641400000000001,5
986805152369163380,0.9402,2
987022788416231862,0.7509,2
987402499618101563,0.52105,8
987403950154732432,0.9567666666666667,3
987463267909190790,0.0,1
987467399893229247,0.8432,1
987477846463221029,0.624,1
987535874736948798,0.9215,1
987545346418633457,0.8337142857142857,7
987571324722900124,0.2987,2
987577603757836432,0.44392,5
987639027735337842,0.8060363636363637,11
987655365159217175,-0.7243,1
987696482461349162,0.6296285714285714,7
987698974250460573,0.7217363636363636,11
987706135238547385,0.5994,1
987740788855312195,0.9856,1
987742190325931533,0.7337166666666667,6
987765091773737886,0.46685,2
987817338065322385,0.8123999999999999,9
988185566449199978,0.4614875,8
988231377563327064,0.68415,2
988272336997272472,0.6145,4
988330760334766119,0.6377714285714287,7
988463972540448138,0.9941,1
988499685009381659,0.9133,1
988512917385324099,0.9902,1
988523159924026228,0.7964,1
988767733074979098,0.8473,1
988816279390434135,0.6429636363636364,11
988829527999747696,0.538,5
988852314063637533,0.9096333333333333,9
988866090580559993,0.8552,6
988904558209218329,0.5766,5
988934361134091950,0.35860000000000003,2
988964475135691283,0.37395,2
989036441417117440,0.959,1
989118464923337245,0.5305307692307693,13
989186282373039497,0.6343333333333333,3
989195000525792174,0.52066,5
989255057831490519,0.54942,10
989466826919000879,0.6442833333333333,6
989520079804476657,0.14567692307692306,13
989617489211968079,0.43568999999999997,10
989628144162531242,0.64375,4
989629699524599391,0.10963333333333335,3
989634578650523088,0.9712,1
989643251808514204,0.71326,10
989752871602079304,0.6249,1
989765261371794531,0.6377,12
989864229309397680,0.4622,2
989919513743113535,0.5709,5
989950435570732016,0.72155,2
989985838168018126,0.76838,5
990022179569017409,0.7086666666666667,6
990210392882748055,0.3448,11
990299104027190207,0.72298,5
990367196388473346,0.2866454545454546,11
990388667455798649,0.57195,10
990389868710046309,0.37796842105263156,19
990401536409210151,0.47813999999999995,5
990401729642297282,0.234525,4
990415062988768772,0.21075,2
990425840434790022,0.5800684210526316,19
990439766614579277,0.0,1
990441595297120582,0.77656,10
990456825214502480,0.61226,10
990468600584305720,0.57072,10
990473675108532797,0.5362294117647058,17
990495174602328667,0.3338235294117647,17
990499348780901662,0.25886000000000003,15
990504988146754298,0.36785000000000007,14
990531705807464039,0.9694,1
990609895246951814,0.74995,2
990648329771674442,0.7122999999999999,2
990649894063057038,0.962,1
990689300994944066,0.9236125,8
990689670906917304,0.8304666666666667,9
990696190791033064,0.8334400000000001,5
990705011287751809,0.5162,8
991001434134396665,0.0,1
991037730589478448,0.4967333333333334,3
991152337453933435,0.5548666666666667,9
991164119620510850,0.9655,2
991167108911544676,0.7264833333333334,6
991208746021000899,0.87095,2
991261954073227767,0.3818,1
991277618049170321,0.5719,1
991358715698199212,0.6568333333333333,3
991418171138976121,0.5255888888888889,9
991419705855553997,0.165725,4
991431239467392024,0.3505777777777778,9
991770992651401588,-0.6103,1
991773969197152226,0.7893,1
991796145859737244,0.5779083333333334,12
991834631845583961,0.785425,4
991919969842748351,0.7034333333333334,6
991926808842932147,0.7785333333333333,6
991989056386451782,0.9336,1
991989432714425548,0.0,1
992128083753494246,0.2294,2
992482617190787593,0.9664,1
992496711146260647,0.8901600000000001,5
992507842790929070,0.983,1
992590438289503541,0.53854,5
992710403830193829,0.8239000000000001,3
992778603041515243,0.9561,1
992796300047052303,0.8366375,8
992822445172035618,0.949,1
992831794183717979,0.4588,1
993255855197460965,0.39908750000000004,8
993291990949218697,0.40259999999999996,4
993296562539991287,0.09315714285714287,7
993322916443825286,0.8603333333333333,3
993331313568472963,0.83655,2
993378851659967519,0.9505857142857143,7
993402530303926581,0.9321461538461538,13
993516221765831961,0.962,1
993625771507550182,0.49425,2
993644878033249432,0.7304,4
993891075818492033,0.7451,3
993982024464291341,0.6325428571428572,7
993992421743881609,0.9339000000000001,7
994000706122921059,0.9107333333333334,3
994063721446783686,0.9453750000000001,4
994074224957174905,0.4215,1
994183130939887329,0.71435,6
994220417039046851,0.9578,1
994242543616842898,0.3441142857142857,7
994307060328198750,0.7717,1
994605899872930483,0.7074,4
994639085824492054,0.7783,1
994682851680718078,0.5392,3
994810200572526229,0.9149857142857142,7
994812834654867378,0.5719,1
994822041457988087,0.7387333333333334,3
994839930222091206,0.8834,1
994882046506901424,0.9877,1
994888193569256018,0.34,1
994898681246255615,0.35063333333333335,6
994903979524221527,0.4753,1
994907090803498954,0.5391285714285714,7
994908983190010188,0.0,1
994912746065083680,0.9589,1
994944114545579612,0.8515756756756756,37
994983434264665017,0.8115,5
995033307439872425,0.9209,1
995076005310175417,0.4529692307692308,13
995076511633399642,0.0,2
995255510099917282,0.7475999999999999,9
995438423392011240,0.7841,1
995532571334286903,0.9774,1
995553091213882449,0.81475,4
995554377112829860,0.996,1
995583228419615468,0.708225,4
995602340343458254,0.25756666666666667,3
995604466144084149,0.9839,1
995612219122978318,0.8934,1
995634607857352095,0.9537,1
995638673223149306,0.43435,2
995733593984193591,0.24085,4
995750331244345333,0.2805083333333333,12
995764758374262777,0.6588125,16
995783174429465224,0.5977666666666667,3
995822049946773869,-0.9029,1
995839695461445990,0.60225,2
996082291933189660,0.5585,9
996265194155974260,0.96885,2
996286241240328029,0.596525,4
996299058100941968,0.9184,1
996337979713193615,0.91475,2
996442881759650917,0.57265,2
996497884531501892,0.41786666666666666,3
996820961814754551,0.204475,4
996878439487974704,0.5300428571428571,7
996971640888310109,-0.053149999999999975,2
996979195012724545,0.8927333333333333,3
997054062696715298,0.9204833333333333,6
997114236215712305,0.23803333333333335,21
997195594183591223,0.020199999999999996,2
997207228578613568,0.58,5
997241488007348785,0.8704999999999999,6
997510741864108450,0.8878333333333334,3
997521031078884153,0.2706,3
997674899143399514,0.7845,1
997677536246406261,0.9204800000000001,5
997803560373208721,0.5595111111111111,9
997854677186954885,0.9901,1
997903207925635210,0.69386,5
997903424312361455,0.7016833333333333,6
998233576387412997,0.9794,1
998314874571758183,0.0,2
998319392171238813,0.804985,20
998322653165427723,0.6765565217391305,23
998361452337209155,0.5859,1
998372652501402268,0.8268,1
998387606869802392,0.9036142857142858,7
998392820949572788,0.29319999999999996,6
998404214314349759,0.4645875,8
998407196278790562,0.8664999999999999,3
998424706228722367,0.5987666666666667,3
998496454680136944,0.98895,2
998511712507549318,0.749164705882353,17
998565125154769061,0.9542,1
998586911666388390,0.74395,6
998613538502607472,0.7477,1
998643255141000643,-0.2762,2
998656606865865166,0.6078333333333333,3
998695436693012575,0.7468076923076924,13
999006672812338163,0.4767,1
999014168533120258,0.63885,4
999021559021210605,0.49346666666666666,3
999034175999331588,0.6814375,16
999054360632437376,0.4216615384615385,13
999105912979225122,0.65762,15
999122762516817653,0.29389444444444446,18
999130827651563767,0.5023333333333334,12
999137191485949024,0.50952,10
999162394392651216,0.6584111111111111,9
999162607620123792,0.5027272727272728,22
999166413321901927,0.9569,3
999169811638164344,0.6602473684210527,19
999176011622823204,0.6145904761904761,21
999180870833430511,0.8316,1
999187478279905265,0.67274,5
999188541984542549,0.9737,1
999199297313695194,0.13511666666666666,6
999208270628717359,0.7950833333333334,6
999211902214883730,0.9216,1
999222310075415428,0.43265,2
999224982654661040,0.5992363636363636,11
999244754662500294,0.9148499999999999,2
999259738960542210,0.882,1
999332079111445026,0.7943,4
999361806580132567,0.7965,10
999366784810334696,0.8244,2
999371952662474664,0.76073,10
999372387493104058,0.9939,1
999409185171687337,0.7695,3
999727779863041841,0.9245,1
999843426797270906,0.27876666666666666,3
999863979012558961,0.6808,1
999888330502773401,0.9314333333333332,3
999895470470521412,0.2856363636363637,11
999929662477214864,0.0,2
999951043278346497,0.8891,3
999981548615115192,0.0,1
1000251095540724006,0.90555,2
1000312849408661623,0.9804,1
1000456045553594791,-0.5704,1
1000469070956278191,0.9001,1
1000471790683511994,0.8481,1
1000576498937243103,0.4404,1
1000607150458922353,0.155675,8
1000694993076473568,0.5270625,8
1000727692317250449,0.8707,2
1000747549822433864,0.1821375,8
1000751827383925248,-0.128,1
1000770195556300535,0.3644833333333333,12
1000776136125465660,0.7753,2
1000819618807387966,0.8438,1
1001133362586570274,0.680375,8
1001164576821465615,0.5410666666666667,3
1001237313264887178,0.6908,1
1001243258217133033,0.75665,4
1001248165793428398,0.51744,5
1001248167456896880,0.9895,1
1001248324740042863,0.8361000000000001,3
1001328539923280952,0.6416333333333334,3
1001353101896867741,0.5835666666666667,6
1001501494788436614,0.7530375,8
1001518523064485798,0.9755,1
1001548189241823345,0.9674499999999999,2
1001555573812356101,0.7295181818181817,11
1001557282399781150,0.16256666666666666,3
1001944858971778696,0.9459,3
1001978802287935133,0.5249714285714286,14
1002002349698695244,0.1759,1
1002056939636040363,0.453,1
1002070439393014723,0.623,1
1002079343497343528,0.4404,1
1002083061545071456,-0.31925000000000003,2
1002098887026536291,0.5952727272727273,11
1002134839361586488,0.65484,5
1002165608709350876,0.8225,1
1002232907760725157,0.6978,1
1002283786231895292,-0.9286,1
1002284889014853676,-0.128,1
1002418362290243321,0.6588,1
1002428508004207040,0.8132083333333333,12
1002754883672230135,0.0,1
1002762165690050541,0.9833,1
1002778334100403849,-0.128,1
1002833063314162519,0.9058400000000001,5
1002852460684566069,0.41506,5
1002852647486210993,0.5575,4
1002864073568056903,0.4941666666666667,3
1002940590545121224,0.7521000000000001,7
1002950233056819522,0.9494499999999999,2
1002957546121660486,0.199975,4
1002981363750642264,0.9772,1
1003025879055541714,0.9137,1
1003031816284144062,0.561925,4
1003072576431522934,0.45494,5
1003155254213819437,0.1264357142857143,14
1003163245486279704,0.49878,5
1003168736687142900,0.63937,10
1003176012004646507,0.226375,4
1003185675540946626,0.5711428571428572,14
1003293278858365960,0.272425,4
1003368593405996346,0.8946,2
1003457560434218475,0.7871333333333332,3
1003457668808416035,0.9712999999999999,3
1003502946514167215,0.65269,10
1003578532040476809,0.7383599999999999,5
1003612201683521659,0.9186,3
1003630733011910982,0.8012333333333334,3
1003632459959310196,-0.064,2
1003724399187753624,0.5810333333333334,9
1004023676363512665,0.8196,1
1004072969628232887,0.9473,1
1004120419704226322,0.9092,1
1004155405849307058,0.4215,1
1004157522488646490,0.8205333333333332,3
1004162569396800715,0.7934333333333333,3
1004215628700977814,0.0,1
1004216150007912370,0.8591,1
1004221679649885317,0.5788800000000001,10
1004225178358387557,0.8908,1
1004229791561662991,0.8807,1
1004234265178877149,-0.29533333333333334,3
1004270173869604214,0.5802333333333333,3
1004277077246342652,0.86395,12
1004281507389419925,0.9059,1
1004347115685781896,0.264225,4
1004371536129430961,0.8292999999999999,2
1004404843776824760,0.3657,8
1004444979260931081,0.76065,2
1004445283473092001,0.8408666666666665,3
1004456844331348629,0.5106,1
1004676039633818973,0.944,1
1004856921347088063,-0.1095,3
1004885232994200226,0.6833888888888889,18
1004907565356099564,0.3182,1
1004941255900447073,0.0,1
1004941942710955924,0.7370666666666666,3
1004989819437766673,0.4842,2
1005042773582830156,0.4846,3
1005051880463245693,0.17425000000000002,4
1005101216127182564,-0.09497222222222221,18
1005109976272934617,0.4696384615384615,13
1005159038714681216,0.7992333333333334,6
1005440413971291916,0.9211999999999999,3
1005553883735582528,0.2750333333333333,3
1005558158693225544,0.600525,4
1005735642697628361,0.6588666666666667,9
1005758657572694753,0.398,2
1005777562462762930,0.5566166666666666,6
1005879993947430633,0.69642,5
1005961244522668158,0.9716,1
1006158113346242487,0.9622999999999999,2
1006280321508284836,0.469,2
1006305171013273036,0.88092,5
1006305521366218616,0.961,1
1006307733219257985,0.96285,2
1006358331860060683,0.9632999999999999,3
1006358688032653823,0.49051428571428574,7
1006440941022886384,0.8859181818181819,11
1006449439999827916,0.61985,4
1006600244662896792,0.0,1
1006733304441424903,0.38644999999999996,4
1006745088783727487,0.89645,2
1007024346100111918,0.9523,1
1007065248709905902,0.8271,1
1007070096203601423,0.8716,1
1007070401074713316,0.886,1
1007148299940519676,0.81014,5
1007161687331317419,0.90825,2
1007162050341668606,0.44465,4
1007180822736989602,0.37148,10
1007183428674996385,0.7074333333333334,6
1007289646836559632,0.40636,5
1007311139083953751,0.8664666666666667,6
1007323071793811652,0.7943,1
1007327597805006485,0.37479999999999997,4
1007749649164301120,0.96985,2
1007759933181595300,0.0,1
1007822371941525284,0.39544999999999997,4
1007837602870922137,0.7932333333333333,9
1007895141056483019,0.9954,1
1007924962936557960,0.21673636363636362,11
1007971794572077575,0.31845,2
1007973414306188644,0.0,1
1008084179888391248,0.9516,1
1008095148026763139,0.5984,2
1008435101444376553,0.8085,4
1008469265828483039,0.6696,4
1008475210383301949,0.0,2
1008561523754152259,0.5106,1
1008587602550856445,0.807,1
1008589285930427846,0.5423666666666667,3
1008590714672416276,0.9732,1
1008591019876434867,0.98875,2
1008599682460804554,0.7388789473684211,19
1008631217155197102,0.9485,1
1008663583225942794,-0.012175000000000005,4
1008689688043981633,0.6249,1
1008698892983280211,0.7825333333333333,3
1008704409605265854,0.41172000000000003,10
1008728233349190992,0.9612,1
1009018423864532959,0.9742,1
1009103198402674686,0.8834,1
1009105619556811040,0.8466333333333335,3
1009149829574737253,0.8658,1
1009219581339916229,-0.9485,1
1009228839822998912,0.5966181818181818,11
1009266390356853482,0.868125,4
1009294671394074081,0.9921,1
1009320183374868237,-0.5574,1
1009355770367891949,0.57836,5
1009439275176666028,0.8612500000000001,4
1009496856443778497,0.8221,1
1009620001351593811,0.26276,10
1009875193542403707,0.45975,2
1009916838960786369,0.7216,4
1009917279882085031,0.966,1
1009929309903141134,0.8316,1
1010051068551815824,0.49025,2
1010131128767109478,0.022700000000000053,2
1010173032991891780,0.6588,1
1010237797279382687,0.5522600000000001,5
1010249325578334997,0.9874,1
1010281901512470881,0.31534666666666666,15
1010631044859868309,0.9482,1
1010636239905535578,0.94345,2
1010641644071845070,0.380975,4
1010660226366887511,0.4926,1
1010702178420214641,0.6053,4
1010702508432962688,0.9776,1
1010708117557509339,0.35506666666666664,3
1010724297286467313,0.3182,1
1010730272461515413,0.8885,1
1010753479429832469,0.7957333333333333,3
1010756038370791932,0.0,1
1010820660677499560,0.865425,4
1010837048972025218,0.0,1
1010855524086738756,0.9235,2
1010861976953456832,0.3900333333333333,3
1010910694085170003,0.9134,1
1010921312360806163,0.5519625,8
1010974147272206976,0.8972,2
1010998216718358251,0.5895,6
1011000505135626386,0.9184,1
1011110408411917929,0.4753,1
1011193146402296375,0.8361,1
1011358289209870668,0.537175,4
1011361861301227681,0.9624,1
1011375599749588478,0.9862,1
1011436501044076007,0.9282,1
1011496539923810053,0.8271,1
1011521035961840907,0.88985,2
1011571706568712408,0.8622,1
1011692575738071190,0.5017333333333333,3
1011700718096257752,0.93435,4
1012045673037723070,0.9824,1
1012056290139276103,0.6698714285714286,14
1012187731337249915,0.4724,2
1012206096613935301,0.6513,2
1012278192091106741,0.844525,4
1012283913683272398,0.7793272727272726,11
1012293781099912667,0.8832,1
1012817017133592634,0.505225,4
1012831012013977393,0.0,2
1012859599763632659,0.6198,3
1012867143331769269,0.8897999999999999,2
1013029616723679913,0.9804,1
1013063292341453260,0.9583,1
1013076013157767670,0.37634,5
1013170800540355784,0.9313,1
1013430866187734406,0.9608,1
1013518585195886485,0.8456,3
1013518899172748636,0.5156625,8
1013541713237031170,0.0,1
1013545546991483714,0.6973,2
1013549351841522490,0.957,1
1013573646080108614,0.03683333333333335,3
1013627959258540063,0.63202,5
1013628104468537171,0.8566666666666666,3
1013630182752303430,0.8263666666666666,3
1013643585628491418,0.7576,3
1013679028696808832,0.0,1
1013687177849909929,0.1027,1
1013688414219133945,0.6249,1
1013756631209604005,0.9888,1
1013821711857402140,0.87518,5
1013827176435168270,0.8625,1
1013841466494654200,0.8807,1
1013896171799852442,0.6389714285714286,7
1013916361590383880,0.0,1
1014182815623603205,0.9460000000000001,6
1014239289758796983,0.4887,2
1014264641819058808,0.9897,1
1014265460835307049,0.89575,4
1014277119520435187,0.64804,15
1014282375520980091,0.69266,5
1014282654712023490,0.9257,2
1014285658031589611,0.5990857142857143,7
1014285658129211793,0.875,1
1014285760716448999,0.9778,1
1014297982052186467,0.6156,4
1014323013581423016,0.4452,5
1014325435980483296,0.86076,5
1014333398997093943,0.9057,2
1014346887083976596,0.5386833333333333,6
1014354535899047414,-0.0057857142857142985,7
1014388324219434200,0.9153,1
1014463042682133587,0.8881,1
1014479657816294087,0.9749,1
1014551989101510746,0.6964,2
1014592872635978888,0.7503500000000001,2
1014634427152432843,0.8415142857142858,7
1014671215040555613,0.8334,1
1014943859520802422,0.30685,2
1014966335211509102,-0.11289999999999997,5
1014969198343352828,-0.1761142857142857,7
1015082770906019838,0.7185285714285714,7
1015237347359434446,0.0,1
1015257116865890168,0.6302,3
1015332231189451000,0.67389,10
1015343362714155288,0.9935,1
1015400398387001106,0.702625,8
1015407650429660568,0.7884,2
1015418002132154578,0.825975,4
1015607590918042090,0.6571666666666667,6
1015661429272325421,0.9857,1
1015745672205389436,0.28595,2
1015757130509692146,0.5628571428571428,7
1015770340847740952,0.585425,12
1015792560623527718,0.0632851851851852,27
1015813873106973331,0.3057,2
1015851025525726757,0.80675,2
1015865922105730065,0.0,1
1015870063697394871,0.44188,5
1015870892030176428,0.31225,2
1015876542512729955,0.6002,5
1015876677528408781,-0.9769,1
1015887601492093152,0.9268,1
1015891156379619726,0.87495,4
1015894132180300128,-0.9331,1
1015897671873327182,0.9351499999999999,2
1015922905703407016,0.3983,1
1015974821416627488,0.7363333333333334,3
1016055777261676984,0.8588,1
1016073609526463738,0.5064166666666666,6
1016091162255328579,0.9358,1
1016108075933118950,0.7332333333333333,3
1016447643534940880,0.9525,1
1016465248942791796,0.4853,6
1016487132339156429,0.6981,1
1016495542886813654,0.9871,1
1016498142157026741,0.5398333333333333,3
1016503749558449628,0.6764,2
1016509506579744108,0.7302333333333334,3
1016585777227833004,0.9408999999999998,5
1016593533045604950,0.7485999999999999,2
1016782448130968006,0.69336,10
1017056711927277642,0.2497125,8
1017074334426667783,0.9728,1
1017108658399286801,0.06164999999999998,2
1017117103550281002,0.6512666666666667,9
1017379516167189323,0.9349,1
1017466967717698085,0.8573500000000001,2
1017532410561153228,0.938825,4
1017560867126161588,0.4576142857142857,7
1017609656113138950,0.5697666666666666,3
1017620106078483993,-0.2778,6
1017642891751828007,0.2263,1
1017642985757132738,0.62805,2
1017669650014212680,0.7578,1
1017899155815143639,0.6716500000000001,4
1017945942690335574,0.5994,1
1017976903431440889,0.8825666666666666,3
1018031241861573490,-0.5994,1
1018151907915302806,0.6406333333333333,3
1018156185080182029,0.56055,2
1018159269029508722,0.7927500000000001,2
1018174129649907317,0.0,1
1018226418818502689,0.67975,6
1018250028995381783,0.47926,5
1018268856090944993,0.10112222222222224,9
1018286932408750636,-0.2003,1
1018298674035204778,0.8901,1
1018607154594779846,0.8092,2
1018644780543538849,0.7135727272727274,11
1018696926149954264,0.7479166666666667,6
1018709521852822307,0.5166999999999999,5
1018712708534391159,0.62421875,16
1018722159796386217,0.7468600000000001,5
1018723021754362196,0.5926333333333333,3
1018728341770285162,0.9011,4
1018731407293525021,0.3263333333333333,3
1018735555020116398,0.27176666666666666,3
1018792438715639734,0.7873,4
1018816741225723823,0.6320250000000001,4
1018819101777670270,0.0,1
1018823596330456007,0.48485,2
1018826274689340194,-0.5267,1
1018827681298701126,0.757225,4
1018833400178461542,0.8641,1
1018837964371871553,0.97365,2
1018967533169112286,0.8685,1
1018978673415769146,-0.02244999999999997,2
1018991658478392926,0.7163,1
1019014336014430956,0.0543,1
1019037604915744478,0.90342,5
1019120938759697272,0.9413,1
1019377160419631461,0.70395,2
1019420047158138175,0.7783,1
1019429265936514840,0.9947,1
1019434820792706759,0.6256,3
1019440897547339395,0.32960000000000006,3
1019471910549356324,0.7619,1
1019483947702427918,0.8275,4
1019493513455240853,0.5267,1
1019528113474635569,0.6020333333333333,3
1019546544775954601,0.3892333333333333,3
1019557996332918205,0.4374,1
1019576285403860543,0.73035,2
1019577084462500347,0.0,1
1019588219406450121,0.128,1
1019599478953835862,0.3582,8
1019756556038262274,0.9843,1
1019783055677900741,0.4316,2
1019975426264543442,0.0,2
1020031669817120280,0.910825,4
1020083259504946180,0.8515777777777778,18
1020088272121608936,0.9581500000000001,2
1020135167463000692,0.8709,1
1020152522013100972,0.90465,2
1020179230821156699,0.946,1
1020180660666279173,0.6487428571428572,7
1020239208500050255,0.9538,1
1020362344237406147,0.8402,1
1020369777683156803,0.20604999999999998,6
1020372015445456148,0.80015,2
1020434805062755828,0.9739,1
1020442506957594441,0.0,1
1020510386129535337,0.8768,1
1020540876152541859,0.5914571428571429,7
1020721314058454890,0.0,1
1020727872380954638,0.785,1
1020769196989660435,0.10485,6
1020844280424190747,0.2017,2
1020873530077521577,0.9919,1
1020932718595449120,0.46955,2
1020970980820751198,0.9709,1
1020993679676011357,0.78025,6
1021005776126045338,0.6108,5
1021011560301959473,0.6838500000000001,2
1021066112521165299,0.9701,1
1021073166667323247,0.9689,4
1021133103989895952,-0.09335000000000004,2
1021137871779867227,0.4040875,8
1021185037264557796,0.5207666666666667,6
1021428835768674055,0.750488888888889,9
1021432471653651578,0.27438333333333337,6
1021504258481404239,0.04209999999999997,2
1021525308473661734,0.8406,2
1021613940265054673,0.39105,4
1021666209903996093,0.8625,1
1021674384503901198,0.24635,2
1021690281081827782,0.9705,1
1021740356625193824,0.5295428571428571,7
1021744740459603702,0.7625166666666666,6
1021745724611257620,0.2904071428571428,14
1022446094821973541,0.9678,2
1022463197296415517,0.829825,4
1022467003880360069,0.992,1
1022552509018784869,-0.2997,2
1022600813974036770,0.9459,1
1022641034589286528,0.9608,3
1022879771195351887,0.98865,2
1023047018451009337,0.972,1
1023062959703567395,0.626425,4
1023139324617635482,0.8163875,8
1023149563860355759,0.06135999999999999,5
1023184034301814614,-0.2202,2
1023248677152057944,0.0,1
1023690759181058447,0.0,1
1023697824627705183,0.8771799999999998,5
1023727964959584056,0.9925,1
1023737653404459810,0.7480090909090908,11
1023752272912786844,0.5272,1
1023785805703174883,0.944,1
1023847780963138302,0.90745,4
1023912355788384750,0.9775,1
1023947961919673474,0.8663333333333334,3
1023949230009781699,0.7579,1
1024004898033534478,0.9395,2
1024014890065935220,0.5859,1
1024047239874200827,0.8274714285714285,7
1024082294626261162,0.5772333333333334,3
1024357156228356700,0.43885,2
1024389352730959421,0.90115,2
1024440400952594329,0.9255,3
1024457614134907190,0.6249,1
1024497341728558180,0.9955,1
1024512077338690710,0.7217,11
1024515133307118554,0.3557181818181818,11
1024515275380657937,0.6984,1
1024520798011763964,0.5094333333333334,9
1024525547040480709,0.4215,1
1024528402263243064,0.7497,1
1024538078570560605,0.9505250000000001,4
1024553988816909999,0.9433,1
1024559681491569541,0.86355,2
1024569693341329339,-0.9392,1
1024609025565671094,0.9797,1
1024623976103390483,-0.1004,1
1024635546187053474,0.843,7
1024645812724219167,0.9504,1
1024671336833943964,0.9613,2
1024690864036232981,0.7096,1
1024732885463831870,0.6389333333333332,3
1024740704008240193,-0.6369,1
1024776899551167587,-0.00045000000000000595,2
1024796517509668504,0.92075,2
1024815453376305406,0.54,1
1025127846420684259,0.21822499999999997,4
1025145943928989205,0.7269,1
1025208011128977224,0.453775,4
1025240244477674936,0.9385,1
1025266542266428108,0.9603999999999999,2
1025276604399196828,0.7541833333333333,6
1025325800984026807,0.3115428571428572,7
1025349340871735323,0.9643,1
1025385777325313885,0.6915833333333333,12
1025428507164550484,0.8633500000000001,2
1025784943346266444,0.6568333333333333,6
1025814266711491014,0.8225,1
1025832283092174038,0.9624333333333334,3
1025894894893558920,0.8834,1
1025933523299158066,0.8903571428571428,7
1025938900008261117,0.8494999999999999,2
1026004221026232171,0.9152,2
1026042846731828898,0.933,2
1026046727312344601,0.9154,2
1026051756432498189,0.44871249999999996,8
1026094705452772795,0.8271,1
1026126341017053037,0.5563,1
1026128922208118033,0.69542,5
1026283572132917718,0.6885399999999999,5
1026537246337368654,0.31946875,16
1026537337872011465,0.3243,2
1026537428144758044,0.915,1
1026537514831721408,0.141825,4
1026538774320019898,0.9775,1
1026630967101873449,0.8419,1
1026631105410503847,0.63594375,16
1026648242534976931,0.64782,15
1026758392875628362,0.626,3
1026835909366858938,0.8578,1
1026883904747995606,0.9867666666666667,3
1026886167803080025,0.5571857142857143,7
1026915301152610710,0.91335,2
1027011679696377118,0.9351499999999999,2
1027200161424603119,0.8779,1
1027298830690009462,0.8777,1
1027484284261826701,0.11740000000000002,8
1027515178890736884,0.94265,2
1027530542812823698,0.17445,2
1027570831123799073,0.3905444444444444,9
1027574545602275048,0.9568,1
1027681788671191019,0.64576,5
1027702781305743736,0.35263999999999995,5
1028100614721612695,0.775,1
1028106467524515825,0.0772,1
1028115140333118380,-0.9507,1
1028160189134315001,0.9201,1
1028314280811940909,0.4392333333333333,6
1028370576369965845,0.6887000000000001,2
1028378747374891636,0.21653333333333333,6
1028445614297479945,0.6923111111111111,9
1028712462577342354,0.5661400000000001,10
1028768548188692064,0.9210666666666666,3
1028789779272742391,0.58535,12
1028814135781101225,0.8957,1
1028816940080915861,0.6247,2
1028824904076031067,0.72775,2
1028840257722836368,0.8126,1
1028840540169491443,0.0,1
1028876138997123393,0.7528666666666667,9
1028904730054276629,-0.6249,1
1028944337854623826,0.4533333333333333,3
1028965288477040259,0.5606,3
1028972922010296426,0.08110000000000002,3
1029004793284605185,0.7196166666666667,6
1029031445862185124,0.11315,2
1029079365762843288,-0.25,1
1029079371758416409,0.9184,1
1029084936285487488,0.8737,1
1029097266678516290,0.8173,1
1029114932099184820,0.9904,1
1029121495472255528,0.8899800000000001,5
1029128214152900941,0.9523,1
1029137798273097204,0.91805,2
1029161452547442454,0.3995714285714285,7
1029195417133110755,0.9036,1
1029198104260851740,0.6908,1
1029282978062077427,0.055300000000000016,2
1029418805979413451,0.9889,1
1029514355204152202,0.97975,2
1029566270822346387,0.4681,5
1029585505357074746,0.9460999999999999,4
1029619097566134002,0.8567999999999999,6
1029633805887058408,0.8763,3
1029636303112726492,0.7845,1
1029664739392559327,0.9824999999999999,2
1029720129381268668,0.67055,2
1029723206715517050,0.38915,2
1029799927578101090,0.9468,1
1029836305959183117,0.80716,5
1030184280461816510,0.9017999999999999,2
1030192293686470279,0.613725,4
1030211728381994163,0.2526625,8
1030227616277585830,0.8038333333333334,3
1030242147551304690,0.7418,2
1030248740858818775,0.8617,1
1030252496776397165,0.339725,4
1030293800923954373,0.6127,3
1030313791890754827,0.7956166666666666,6
1030325472360519537,0.927625,4
1030335703827247779,0.9847666666666667,3
1030341341015313104,0.0,1
1030357846781179024,0.8825,5
1030365217648027970,0.7888,2
1030393435088484579,0.6868266666666667,15
1030437408768525814,0.9225,1
1030481607776209297,0.9201,1
1030532712636892949,-0.08333333333333333,3
1030623626345793425,0.3727714285714286,7
1030662789767789021,0.9269,1
1030723821129168532,0.77614,5
1030990052711705000,0.13383333333333333,3
1030993603082031992,0.9535,3
1031103516819201698,0.9323,1
1031133205255698679,0.6689,1
1031147273821742173,0.3932333333333333,3
1031170189230408526,0.6003285714285714,7
1031176800144913537,0.6014857142857143,7
1031187793414263118,0.97105,2
1031202037873056577,0.0,1
1031258553216203834,0.95,1
1031278000156822983,0.70826,5
1031329544163563706,0.05230000000000001,4
1031365869821227693,0.2108,1
1031433921689386458,0.5628125,8
1031577297940353026,-0.7751,1
1031666818118917359,0.015900000000000025,2
1031678734928671351,0.48745000000000005,2
1031682523800218086,0.58684,5
1031714712860982345,0.6705,1
1031737690546385672,0.6239,1
1031798937640034196,0.9348,1
1031807700237950923,0.4927,2
1031864450057413360,0.5634833333333333,6
1031906384086606753,0.3787,3
1031997102847416399,0.930825,4
1032038134801660314,0.6996,1
1032170460804271617,0.8553125,8
1032284626534971318,0.9371,2
1032370704290378624,0.7269,1
1032431424660703912,-0.18272,5
1032438429897280772,0.674,3
1032479777755594960,0.11313333333333335,3
1032502373219136197,0.977,1
1032511345293281556,0.93448,5
1032545800004921208,0.0,1
1032548833919171364,0.93025,2
1032552592183032718,0.4588,1
1032727735658934620,0.4022,8
1033054298027831512,0.5385833333333333,6
1033080413573729727,0.0,1
1033121243235188476,0.9017,1
1033154173320962106,0.49256666666666665,3
1033174151383516643,0.8858,1
1033203577101857443,0.924,1
1033214904811674573,0.7416,2
1033266700774646959,0.14193571428571428,14
1033268768061023042,-0.3158666666666667,3
1033292129833415123,0.7402285714285715,7
1033396098150749541,0.9488,5
1033416697680833366,0.3199,2
1033457746076276969,0.5094333333333333,3
1033568421955372651,0.3608,3
1033758422560849996,0.52795,6
1033861708011145456,0.9598666666666666,3
1033870074943201223,0.62231,10
1033883543959084824,0.7841,1
1033928413327126583,0.8268,1
1033945660660652546,0.244025,4
1033946599656072817,0.7003,1
1033949815127607743,0.21962857142857145,7
1033959446753310384,0.9462666666666667,3
1033997291346006082,0.9666,1
1034002395488998257,0.8586,2
1034017523039346291,0.063,2
1034074709358518373,0.802,1
1034088023520273285,0.8436666666666667,12
1034134911809096251,0.9366,1
1034143187052614441,0.565625,4
1034151500040039834,0.9351333333333333,3
1034183256166765681,0.9796,1
1034220452535416176,0.7569,1
1034223161284885984,0.9787,1
1034230873524411490,0.9795,2
1034243063516340093,0.9744,1
1034485482163756541,0.0,1
1034514112382337362,-0.4084,2
1034548669209369974,0.8333428571428572,7
1034634959879490438,0.7578944444444444,18
1034711896099740768,0.0,1
1034712388199530700,0.4588,1
1034714001186682916,0.7667833333333333,6
1034717274353778768,0.0,1
1034717327407221529,0.16327142857142857,7
1034781315170990326,0.47675833333333334,12
1034782989113847819,0.28006666666666663,3
1034861651385070287,0.7845,2
1034883228199887715,0.6486,1
1034924575774558707,0.8064142857142856,7
1034925250154456623,0.8074,1
1035214217521695576,0.47261999999999993,20
1035234641291808583,0.8480333333333333,3
1035271312149477533,0.861,1
1035327692154558018,0.8069500000000001,2
1035418880953492287,0.7306666666666667,3
1035490167913817854,0.936,1
1035504721588960912,0.9577,1
1035505977816115820,0.60225,4
1035572945340907171,0.8172,1
1035644445913811341,0.8004125,8
1035650493223170580,0.9080499999999999,6
1035671324245453656,0.7897,1
1035690494284938255,0.5928428571428571,7
1035700479797684758,0.4318666666666667,3
1035736916261614127,0.9814,1
1035973740590535584,0.0,1
1036027416469241075,0.028900000000000037,2
1036037628194253149,0.4609,2
1036052848643452596,0.8319,2
1036080547580869455,0.5920727272727273,11
1036143550572597242,0.9735,1
1036181657618293403,0.9393800000000001,5
1036196634175558199,0.9815,1
1036362711877026014,-0.11604999999999999,6
1036695774222936200,0.9898,1
1036701722695986156,0.8338,1
1036724218351639433,0.9865,1
1036754499027805771,0.8707,2
1036757278052932977,0.7183857142857143,7
1036869681339893090,0.9683,1
1036887909165221071,0.47025,8
1036932095389236493,0.7506,1
1036950756923869172,0.4182947368421052,19
1037342060076318132,0.74055,2
1037342071205734912,0.44116666666666665,3
1037371005073955366,0.8071666666666667,3
1037371196705151279,0.9661,2
1037475789008337000,0.9763,1
1037499373457139919,0.8555,1
1037499657120993620,0.7655666666666666,6
1037510836436891780,0.7872,6
1037518837038616115,0.7371,3
1037519048614723806,0.9282,1
1037519347674580525,0.9227333333333334,3
1037519497807000429,0.9623,1
1037529821115066636,0.65705,4
1037637992436761229,0.94235,2
1037677965702115179,0.9349999999999999,5
1037737232563652643,0.6097222222222222,9
1037801541899474267,0.4927,1
1037816370687925607,0.8221,1
1037961402478073140,0.46242,5
1038077545424289541,0.908,1
1038079159208872559,0.7492714285714286,7
1038241746355411273,0.7964,1
1038254271219847461,0.9403333333333332,6
1038259021770375724,0.4404,1
1038287497603982742,0.6097666666666667,3
1038313669409398848,0.9794,1
1038389802343188954,0.89465,2
1038395270227730798,0.8588,1
1038463731456080321,0.2135,4
1038471008635361438,0.6863333333333334,3
1038501612437392784,0.9198,1
1038508705177753023,0.4412,3
1038514389495657794,0.472175,8
1038592935786407528,-0.22745,2
1038862651139404644,0.5728,2
1038910990727838223,0.9567,1
1038925929973201307,0.4215,1
1038966635322875880,0.5983999999999999,3
1038981299062065459,0.9543,1
1038990642097815010,0.8503333333333334,3
1039021884906740488,0.7834,2
1039043488372373961,0.5965333333333334,3
1039050714784250442,0.7077,4
1039068737736272044,0.836,1
1039113128169426740,0.276625,4
1039119494162723453,0.45745,2
1039123963894305110,0.7667200000000001,10
1039136964246987564,-0.12355000000000001,4
1039164296476264997,0.6369266666666668,15
1039222483280227855,0.8572916666666667,12
1039249159477887153,0.918825,4
1039268896805696084,0.9710000000000001,3
1039622793946161870,0.7353999999999999,6
1039645865888232250,0.8148,4
1039670403902294809,0.7194666666666666,6
1039721724194407143,0.0,1
1039738199489194101,-0.09688571428571427,7
1039759010618712763,0.7491,1
1039763518423166039,0.9428,1
1039779846459196968,0.561125,4
1039827210985750539,0.9089,1
1039827674817200226,-0.060200000000000004,2
1039861787615078182,0.8711333333333333,3
1039893571281785669,0.68811,10
1039896655008399435,0.3777333333333333,6
1039926953417256361,0.8529,2
1039984342117507197,0.4582583333333334,12
1040020752429994928,0.04930000000000001,2
1040044789022854424,0.62525,4
1040051916508804003,0.27502499999999996,4
1040078679754379129,0.75305,8
1040334468064887212,0.8704,1
1040371303742257268,0.39990000000000003,2
1040376826776932735,-0.8467,1
1040397323048054848,0.48666666666666664,3
1040432380597100001,0.9298,1
1040433466658081739,0.7637499999999999,2
1040467467920890608,0.6605166666666666,6
1040477259961299981,0.8931,2
1040489507627890949,0.6588,1
1040489507772715554,0.36945,18
1040506578154044024,0.0,1
1040515817176208338,0.843125,4
1040532179903107396,0.9287000000000001,2
1040537380279417250,0.90405,4
1040554305155105814,0.418,2
1040576729704277414,0.8591,1
1040594013400013811,0.5291,2
1040659067535596238,0.9455,1
1040684009636818333,0.7741666666666666,3
1040739313616453867,0.84135,2
1040786410526412350,0.9672,1
1040801049069803598,0.807,1
1041042275901840067,0.16589999999999996,4
1041065264079006103,-0.4019,1
1041086477308886587,0.6005333333333334,6
1041103136131868219,0.7961,2
1041112566580743571,0.63086,5
1041175933703530339,0.7089,1
1041199691712116685,0.76446,5
1041207884241638100,0.8895500000000001,2
1041213784961130949,0.38336666666666663,3
1041223896538282474,0.0,1
1041229050430603239,0.9645,1
1041230283254626695,0.723625,4
1041236673307180880,0.56006,5
1041239379845668392,0.4925,1
1041280679284501283,0.4999,11
1041280710908965445,0.8655,1
1041280918301821552,0.296,1
1041409943873554905,0.23072499999999999,12
1041451299714580785,0.9011,2
1041457071503334270,0.83655,2
1041487012870740202,0.4584,2
1041787453373119100,0.8852,1
1041821325447251279,0.5242,1
1041849115773099074,-0.2003,1
1041851431958373872,0.34,2
1041871438379912197,0.7922428571428571,7
1041871529343087836,0.9413,1
1041874437217204212,0.9782,1
1041899598873811418,0.4751,1
1041914220756222593,-0.3331,1
1041932737133063847,0.0,1
1041939752179986748,0.75415,2
1041951010037410181,0.92904,5
1041962482779139615,0.7293090909090908,11
1041977101527985839,0.96006,5
1042060001386406507,0.8495285714285714,7
1042076021352443816,0.8241,2
1042087713126093233,0.9595,1
1042103269521871089,0.4111666666666667,3
1042136157939990771,0.9734,2
1042155757734521914,0.45480000000000004,3
1042161241421781513,0.8791500000000001,2
1042220216058336907,0.1679,2
1042325959604371066,0.2512,5
1042470503076295439,0.4404,1
1042581782858272789,0.0,1
1042584120332658605,-0.5994,1
1042601905909509518,0.0,1
1042605433788149358,0.26324000000000003,5
1042643342203549844,0.0,1
1042644052539500783,0.7007,5
1042677614178426228,-0.005700000000000006,7
1042681409500819852,0.67655,2
1042780633135673207,0.947,1
1043087838438246383,0.8074,4
1043268465789552381,-0.2805,1
1043381379271312491,0.0,1
1043392800293439169,0.4404,1
1043403304092336757,0.61215,2
1043464210668735633,0.21840909090909089,11
1043558188093638921,0.91235,8
1043570058785212836,0.9794,1
1043605392112553808,0.6249,1
1043605913479477953,0.2382,1
1043632679734446646,0.0,1
1043639064937404955,0.7549699999999999,10
1043647217244591182,0.3592,2
1043716364858329918,0.15506666666666669,3
1043751827337639075,0.4013333333333334,6
1043952268366370752,0.61926,5
1043965092261167266,0.7264,5
1043969289871291361,0.7198666666666665,6
1043973168383524498,0.9722,1
1044013878321525761,0.164275,8
1044013998542885930,0.51725,2
1044092209814821618,-0.8402,1
1044099694368530824,0.6597428571428571,7
1044109298636470501,0.3612,1
1044152488232917870,0.54,3
1044171131407903748,0.0,1
1044186906528471548,0.6972272727272727,11
1044215573972889561,0.9812,1
1044218706264369231,-0.24912,5
1044238059974617323,0.5132333333333333,6
1044249772797679534,0.803776923076923,13
1044281378858578586,0.8939999999999999,2
1044293627413966772,-0.4003,1
1044327314853782350,0.9623,1
1044352479875777205,0.7827999999999999,2
1044516185623648813,0.9359,1
1044538643450122895,0.98275,2
1044605396654084126,0.7447125,8
1044704893126214471,0.5994,1
1044730988086667309,0.32755555555555554,9
1044749791260687479,0.9787,1
1044754975576158721,0.6443,5
1044813420615648049,0.4505529411764706,17
1044817347429396575,0.9925,1
1044877176791949663,0.9485,2
1044968361693205432,0.7853444444444445,9
1044973839945038025,0.9001,1
1045002098154022426,0.24380909090909092,11
1045014425944720961,0.65845,4
1045083945286920805,-0.04587999999999999,5
1045148761338034730,0.42311666666666664,6
1045156022864799780,0.39820000000000005,3
1045214336696199750,0.59155,4
1045625128600503997,0.7147,6
1045625830589590665,0.5859,1
1045634846974673081,0.8777,1
1045666332751875455,0.765,1
1045680552132786670,0.6149166666666667,6
1045766028912828045,0.9772000000000001,2
1045801049815542883,0.5116875,8
1045812414405224977,0.13479999999999998,6
1046105035437316694,0.9061,1
1046171706489467136,0.8119714285714286,7
1046194171041264636,0.000300000000000004,3
1046227942435463413,0.5698142857142857,7
1046235023418268631,0.6996,4
1046296029577813432,0.44265,4
1046312884745648012,0.26335,2
1046365869572092655,0.4504333333333333,9
1046368694082920510,0.6932454545454546,11
1046383727606479388,0.7541,1
1046467496158773823,0.41728750000000003,16
1046475281195050167,0.7100375,8
1046492595924875175,0.4913,3
1046516467439551260,0.61795,2
1046551141011458601,0.9712,1
1046585571052173623,0.765,1
1046775395473517620,0.0,3
1046865975591442542,0.1779,1
1046889501508544337,-0.128,1
1046907771076731775,0.6414833333333333,6
1046944902417730119,-0.3612,1
1046945150493758312,0.0,2
1046972980684574303,0.9419,2
1046987223079884361,0.74356,5
1047042657887401534,0.8532,1
1047053192122628872,0.8235,2
1047080552239959515,0.0,1
1047182182354467794,0.9477,2
1047183390534575994,0.9151000000000001,9
1047198049102788920,0.6588,1
1047251247699620013,0.8756166666666667,6
1047322612649223017,0.84545,2
1047735055699604376,0.4799166666666667,6
1047741858525823150,0.21230000000000002,10
1047793176850780592,0.5224666666666667,3
1047808961336868103,0.24635,2
1047818860801646689,0.707425,4
1047834113010614843,0.98065,4
1047984351999972802,0.587775,4
1048005815966195301,0.6969333333333334,3
1048011045552868462,0.43220000000000003,4
1048032099802538602,0.0,1
1048317110635180674,0.8845,4
1048331846075685151,0.9486,3
1048441488993767508,0.42708888888888885,9
1048458242217325011,0.55846,5
1048494074468109373,0.720175,4
1048503783134485696,0.9568,1
1048504948187392205,-0.6249,1
1048514721860365885,0.90965,2
1048523557895282988,0.93055,4
1048578080536249721,0.864,2
1048628922089379575,0.9244,2
1048635991357145048,0.8512000000000001,5
1048709688896980918,0.3407,4
1048717494574103473,0.6545714285714286,7
1048979359575937179,0.9347,1
1049055854511517969,0.40775,2
1049106090359952000,0.927025,4
1049108954379882671,0.9551,1
1049143463130449181,0.9295,2
1049258617859674434,0.37068571428571434,7
1049407900544354295,0.48775,2
1049436830363718390,0.8624499999999999,2
1049770191001357531,0.8924,1
1049840331916748404,0.4753,1
1049873889769101853,0.7271272727272727,11
1049933789333705903,0.38366666666666666,3
1049937216339396321,0.0,1
1049937508374969723,0.569925,4
1049937893271886164,0.7089,1
1049974629736411080,0.6705,1
1049977581478390386,-0.20294999999999996,2
1049985752908057458,0.2909,4
1050014680029601699,0.68287,10
1050023304153969083,0.8180333333333333,3
1050059454820381821,0.9493,2
1050225326969259250,0.13460000000000005,2
1050409228479830667,0.555125,4
1050431000163334532,0.9251499999999999,2
1050542124127761618,0.5174,3
1050549974657554565,0.80067,10
1050555794393732766,0.8968,1
1050557609482630579,0.0,1
1050591018289094836,0.41202307692307694,13
1050624719166526522,0.939225,4
1050627257483284204,0.9696,2
1050627563281308995,0.7129666666666667,9
1050686941377828000,0.6249,1
1050717628049114167,0.4754,1
1050772473925865697,0.7886000000000001,6
1050816621162236913,0.969,1
1050866190385718526,0.0,1
1050913025159220321,0.9386,1
1050940241460200633,-0.31114,5
1051247693071100452,0.9339,2
1051257770520226975,0.17720000000000002,4
1051260974634606496,0.33560000000000006,6
1051389328878409033,0.7866799999999999,10
1051434530982749910,0.9776,1
1051446248628561641,0.9001333333333333,3
1051447522254882410,-0.0516,7
1051483838658466984,0.9035,1
1051485495690024867,0.64666,5
1051515875215170107,0.9843,1
1051552344083739518,0.703825,8
1051577668222628489,0.5280333333333334,3
1051594505966658072,0.7835875,8
1051607302553339541,0.26738666666666666,15
1051634762386259072,0.5418333333333333,6
1051648770153738383,0.3182,1
1051655328293534563,0.5632666666666667,3
1051657370174643028,0.6072599999999999,5
1051681143942279243,0.723276923076923,13
1051885990327888145,0.8807,1
1051951553292317463,0.7653666666666666,3
1051954546130039938,0.56125,8
1052008281612748451,0.8265,1
1052026685161503461,0.6289666666666667,3
1052031788117207716,0.79495,4
1052038654676782834,0.6249,1
1052051107990290446,-0.4837,2
1052052059733547764,0.9831333333333333,3
1052076931755527283,0.7463,2
1052077167476217034,0.4037,2
1052077246834097907,0.9644,1
1052077325105574412,0.7003,1
1052077485736116447,0.4495,2
1052116859584791004,0.0,1
1052121557255430892,0.9216,1
1052132849577481851,0.79565,2
1052231943944963806,0.9744,1
1052295683834190324,0.7453714285714286,7
1052298889735373595,0.9114,3
1052399674926702062,0.6114,1
1052459453680945300,0.35695,2
1052642434276331862,0.0,2
1052724686752548530,0.8466333333333335,3
1052849344484011988,0.7101200000000001,5
1052876661401909530,0.4844,2
1052930414568357321,0.9445666666666667,3
1053029949266556929,0.6375500000000001,2
1053032909917959118,0.4327,2
1053089623837152222,0.4393444444444444,9
1053110806238939892,0.7585,2
1053435382540998886,0.8253433333333333,30
1053509371631242099,0.212,3
1053513363602736131,0.8950333333333335,3
1053666013187572406,0.9496,2
1053704269650599049,0.954,2
1053838662554305635,0.9294,1
1054149384060338376,0.68695,2
1054236502017850235,0.6752,2
1054372770606039282,0.8503,1
1054389482148714915,0.642925,4
1054420823642932302,0.9457,1
1054445524449229558,0.296,1
1054605411129316150,0.45255,2
1054977204818881015,0.7158777777777777,9
1054981307573027932,0.47008181818181816,11
1055226134762035060,0.975,1
1055249382910280026,0.8952,1
1055267098747710785,0.7961333333333332,3
1055563795270192340,0.5559666666666666,3
1055620925769998345,0.0,1
1055693338398463968,0.45644285714285715,7
1055719863370458131,0.9776,1
1055734523221009710,0.55498,5
1055753508315179151,0.2172,4
1055806976796257391,-0.3612,1
1055843769019126044,0.0,1
1055900490813872159,0.9789,1
1055977465191083130,0.7477666666666667,3
1056147905093752697,0.7738,2
1056297295350891848,0.9075,2
1056344722519987025,0.11901999999999997,5
1056369577461203702,-0.3987,1
1056370674897838368,0.5837,1
1056389816309866589,0.5317,11
1056444224003665433,0.6413333333333333,3
1056558611525224673,0.3988333333333334,3
1056559941979865977,0.6249,1
1056571091485913860,0.5042666666666666,3
1056632033059024988,0.646975,4
1056716409233668456,0.4466666666666667,6
1056813084954615419,0.7408,3
1056970754502215377,0.15465555555555555,9
1057052299770692125,0.9673,1
1057076257572503189,0.8105333333333333,3
1057123202165709589,0.95905,4
1057151414745744199,0.6841333333333334,3
1057194548498521221,0.9801,1
1057317002282701973,0.78704,5
1057372166050898109,0.95685,4
1057383877966606861,0.877,1
1057523800614121189,0.7397,1
1057712114066073817,-0.0258,1
1057759151557445714,0.9686,1
1057783696957295265,0.9199,1
1057816743894097988,0.4811666666666667,3
1057958764771226881,0.3702083333333333,12
1057961373884900743,0.3992,10
1057963032354004356,0.630275,8
1058147424665302312,0.55888,5
1058575346144501491,0.9808,1
1058581914073443083,0.9295199999999999,10
1058629809592006092,0.6762,4
1058644991912146267,0.99235,2
1058692747509448295,0.5046,2
1058728161884141964,0.9601,1
1058735129790540077,0.9805,1
1058739706614459816,0.9375666666666667,3
1058786149153913434,0.8241,4
1058827306877293231,0.9631,1
1059309662499395820,0.71095,2
1059355010062114257,0.5004909090909091,11
1059425711607150737,0.7571,5
1059430992167095579,0.7071000000000001,9
1059498527802398551,0.9795,1
1059920060699518742,0.8602,1
1059973583071814959,0.9568,1
1060000779471726325,0.9789,1
1060010858455390528,0.7357499999999999,2
1060025427387670275,0.922257894736842,19
1060030975245368893,0.7318833333333333,6
1060228651742110657,0.7208888888888889,9
1060283532129680447,0.024,1
1060324225071459330,0.9335,1
1060350301858121563,0.9523,1
1060648888014580531,0.6295000000000001,11
1060713933996874134,0.8111666666666667,3
1060731574035931021,0.9584,1
1060902700069067764,-0.009899999999999964,2
1060931981502029845,0.93,1
1060964347822058079,0.8837,4
1060968219392141532,0.4572,2
1061012211498035314,-0.7964,1
1061041345128257112,0.51665,4
1061086311447970562,-0.0516,1
1061358452419775822,0.6284625,8
1061408142634428650,0.4209818181818182,11
1061413919166560292,0.0,1
1061526808898298778,0.3181,4
1061558139902767849,0.9377500000000001,2
1061567281676185146,0.91,1
1061582402960677568,0.4623,2
1061684541202861583,0.9628,1
1061723495954049374,0.0,1
1061786159514355182,0.91,1
1062108581882769937,0.9233,2
1062113329982676191,0.21075,2
1062153171871408854,0.778805,20
1062206554149858584,0.5247499999999999,2
1062316511948764636,0.9812,2
1062340149247963411,0.296,1
1062395605813230917,0.8074,1
1062476524711743074,0.82035,2
1062491456904869634,0.6771133333333333,15
1062571135809363758,0.19462000000000002,10
1062818391002314621,0.9425,1
1062917405355998472,0.802,1
1062954069162928309,0.4753,1
1062962812063635075,0.9552499999999999,2
1063000853824164340,0.178425,4
1063006313412406285,0.2233,2
1063009202085316277,0.8168,1
1063529506111617655,0.3612,1
1063549652057144334,0.8976,1
1063552292852737784,0.9026,1
1063566724049515135,0.5613333333333334,3
1063639219781145552,0.9879,1
1063653491922455567,-0.1998,3
1063669510242772481,0.9114,1
1063736548226974129,0.8368333333333333,3
1063880577791017024,-0.5423,1
1063923024543433939,0.8959,1
1063929801804150442,0.0,1
1064108532229600117,0.12040000000000001,3
1064256804232286208,0.80905,2
1064276365378276321,0.882,1
1064302556041889962,0.62944,5
1064375157164578605,0.0,1
1064377733459591199,-0.12195,2
1064377985922107051,0.8217,1
1064430779239970738,-0.9699,1
1064445904046621419,0.92655,4
1064448108653309079,0.6362,5
1064528274936916938,0.7196,4
1064537526569864619,0.942,2
1064566280055691336,0.4765,2
1064607219066812197,0.620975,4
1064637936582371620,0.80704,5
1064654215383675343,0.3754375,8
1064655665945617294,0.629775,4
1064750062234009256,0.7953,3
1065016550049743274,0.5182166666666667,6
1065023174115204795,-0.636,1
1065026378096797599,0.7124,1
1065032102545471339,0.8625,1
1065037636853520301,0.47965,2
1065057010035440229,0.8664499999999999,2
1065088364371901179,0.4102,1
1065093140542025384,0.20396,5
1065120813781259599,0.49620000000000003,2
1065142414860923770,0.5974,1
1065147222707120708,0.9681500000000001,2
1065151359916708759,0.8077,1
1065166282246234507,-0.14415,2
1065176922291121233,0.5059,3
1065178595700467646,0.9387,1
1065233622974212285,0.8126,1
1065279354354895770,0.9096000000000001,6
1065294651447508391,0.9677,1
1065310129793748087,0.90729,10
1065310439577712663,0.7886500000000001,2
1065366704759446337,0.8402,1
1065415458291912036,0.6033,8
1065541101479322319,0.7499833333333333,6
1065784742144785990,0.47100000000000003,3
1065826464995718356,0.429125,12
1065901231694356219,0.9598,1
1065901332896082033,0.9131666666666667,3
1065901914772403339,0.87085,2
1065903810606515647,0.4626,5
1065942550486819862,0.8921,3
1065954659212816409,0.25339999999999996,4
1066025847972501412,0.83945,4
1066063801769791752,0.7742333333333334,3
1066066064955385941,0.8761,2
1066145973563362199,0.2714,1
1066330105149160805,0.9391499999999999,2
1066405580806970577,0.9768,1
1066410906381595000,0.8814,2
1066420337512121181,0.4833,3
1066511005911205787,0.91215,2
1066516036320539313,0.802,1
1066528122377919132,0.896,2
1066538283324197382,0.011966666666666681,3
1066539457589224208,0.9778,1
1066613707742788953,0.9184,3
1066625831692959688,0.9336,1
1066739439505248545,0.45830000000000004,4
1066741962900173734,0.0,1
1066783258312766223,0.410825,4
1067259849509549950,0.6198166666666667,6
1067268015439770491,0.5493833333333333,6
1067277080351416046,0.67055,4
1067318431436166549,0.0,1
1067321286968328980,0.5681,11
1067340104936927110,0.5382,6
1067407410862168990,0.0,1
1067410928240386932,0.9209,1
1067418906242389234,0.35947368421052633,19
1067519236572393387,0.434725,8
1067562017286480409,0.48846,5
1067712545165015235,0.994,1
1067781484781082054,0.6938,1
1068018416608977006,0.92005,2
1068035929529521350,0.5994,1
1068089074438570333,0.6249,1
1068107475605784217,0.7783,1
1068217725383084710,0.621990909090909,11
1068238427963382835,0.8922285714285714,7
1068350777352495122,0.4724,1
1068604601474848812,0.821,4
1068657082197931984,0.91365,2
1068677216053691072,0.9734,1
1068803409584700818,0.32566666666666666,3
1068838438127084262,0.967,1
1068870192575545699,0.8604,2
1068871584247470531,0.45018,5
1068881223717495350,0.8258666666666666,3
1068904723694597332,-0.8833,1
1068910185367230850,0.938,1
1068949974031764008,0.09763333333333331,3
1068951166525914380,0.4215,1
1069004990196906323,0.3502,3
1069007005142734294,0.34747,10
1069018607123092465,0.6268,2
1069269466531205711,-0.0262,6
1069321482903448550,0.51006,5
1069328087003020991,0.95835,2
1069413438877138901,0.9642,1
1069445181102060976,0.6486,1
1069468390098531505,0.650425,4
1069482093281829890,-0.128,1
1069601681487326824,0.5145,5
1069607201793174032,0.17629999999999998,3
1069613428499009905,0.3190857142857143,14
1069626776402758037,0.18830000000000002,9
1069652607141731433,0.8328666666666666,33
1069654406604967087,0.6894666666666667,9
1069665845833614810,0.38565,2
1069688971989371394,0.4920375,8
1069691443499580543,0.536925,4
1069692942240713773,0.368425,8
1069697547674639479,0.5703,12
1069700271118806997,0.57311875,16
1069718762190498422,0.4316,5
1069725788510181653,0.67925,2
1069967276271096189,0.8902,3
1070034196385976093,0.7416,4
1070064036198415667,0.8012,1
1070085217491249716,0.0,1
1070151816999183860,0.10640000000000001,3
1070152137290931887,0.9661,1
1070157324269112182,-0.319,4
1070181115234271697,-0.1779,1
1070191334982514528,0.27753333333333335,3
1070197185614697320,0.9037666666666667,3
1070199247844675584,0.3893166666666667,6
1070224501326854349,0.46504999999999996,4
1070241664651384860,0.81725,2
1070266197566330316,0.95275,2
1070379159554656838,0.84255,2
1070410264923983640,0.6136714285714285,14
1070451577950587357,0.4808333333333333,3
1070454049968759407,0.9915,1
1070456663872609551,0.60005,2
1070685563959923037,0.9064333333333333,6
1070687429321977732,0.8595,1
1070721551359038464,0.8503,1
1070782509490211020,0.62495,4
1070795347648984215,0.92805,2
1070830874104413435,0.9556,1
1070852349251328352,0.2202,2
1070858175179550220,0.6696,1
1070902801778769366,-0.14765,2
1070916156314344711,0.0,1
1070920838587432366,0.9846,3
1070931817476112141,0.4313,4
1070967832443168296,0.75864,5
1070980241818781827,0.85115,2
1070996173933553238,0.77295,2
1071018465693523022,0.0,2
1071019981127383232,0.6483666666666666,3
1071026593507212781,0.3774666666666666,9
1071118511605830726,0.6030500000000001,2
1071136493395902346,0.8094333333333333,3
1071171726879186505,0.976,1
1071515622571452952,0.7122714285714286,7
1071562077280202496,0.9949,1
1071630396002498963,0.6901,1
1071630922324700640,0.32626666666666665,3
1071654614554627987,0.52492,10
1071662355156109431,0.8932,1
1071681796610961380,0.8899,1
1071684900821822513,0.9085166666666668,6
1071690123674318016,0.9822,1
1071715478605518546,0.52275,4
1071793327337035794,0.8362642857142857,14
1071799061168530644,0.38805,2
1071805374306551996,0.0,1
1071805627852788847,0.765,1
1071884473162608896,0.6688,1
1071908180505908104,0.9491,1
1071920594268680056,0.4371333333333333,3
1071967672097694588,0.8316,1
1072047710392164344,0.49215,2
1072220224875674415,0.3855142857142857,28
1072249380967486363,0.9558,1
1072316558208098643,0.957325,4
1072329056107399165,0.70075,2
1072416451723397807,0.238675,4
1072437515499151252,0.9712000000000001,2
1072444274316050752,0.8348833333333333,6
1072534738225882608,0.48736666666666667,6
1072597407035738760,0.9515,1
1072731401234562263,0.9677,1
1072731406923200513,0.9421,1
1072977779176198951,0.67545,12
1073008177068119486,0.6486,1
1073012557719051878,0.09382500000000002,4
1073048699363775809,0.7988666666666667,3
1073264100264163965,0.0,1
1073275986889946353,0.5199,2
1073532003897509918,0.4184857142857143,7
1073534975857811911,0.8615,1
1073542903755267466,0.6705,1
1073546885328491644,0.0,1
1073548359622923629,0.21075,2
1073623735036420009,0.51646,5
1073688946530624877,0.43435,2
1073714921731947045,0.5267,1
1073792293577743982,0.935925,4
1073794414323978513,0.6249,1
1073837781870966246,-0.9673499999999999,2
1073855835815715331,0.5738333333333333,3
1073860239944391893,0.9535,4
1073890813734533100,0.6604166666666667,6
1073907239969755655,0.039533333333333344,3
1073940779722915297,0.59575,2
1073944539475164095,0.7368250000000001,4
1073956512331526125,-0.09993333333333333,3
1074005856762760461,0.3392,2
1074019966977511965,0.6406999999999999,3
1074079217614703451,-0.1189,1
1074341972177140673,0.6486,1
1074381528201497029,0.8145,4
1074386783602544549,0.6938333333333334,3
1074438838672413937,0.5484,4
1074469874586033660,0.75924375,16
1074511102654782397,0.9338000000000001,3
1074535782040873864,0.96968,5
1074635507664792849,0.36979999999999996,3
1074644225900597289,0.9468,1
1074670268650377699,0.95185,2
1074777053603001423,0.9644,1
1074809527165606216,0.3893285714285714,7
1075097651841352845,0.8402,1
1075245497252121738,0.9864,1
1075260981571781597,-0.9601,1
1075321575002982737,0.56626,5
1075336267752485079,0.9411,1
1075349641988094929,-0.04896666666666666,6
1075380474143236497,0.45265,4
1075459309610074659,0.016600000000000004,2
1075468751025525262,0.41104999999999997,2
1075474411775499282,0.3612,1
1075551739133013030,0.46095384615384616,13
1075563327285820263,0.516625,8
1075620534965264778,0.327,3
1075818443458045422,0.9171333333333335,3
1075864564776426408,0.8576833333333335,6
1075872908830287596,0.22116666666666665,6
1075882395714307094,0.9859,1
1075966373887898432,0.6508375,8
1076004677901642687,0.6004625,8
1076021851926849321,0.7296999999999999,3
1076085819740185240,0.5719,1
1076097875588403005,0.6018666666666667,3
1076113251040717147,0.7717,1
1076137750152096378,0.99245,2
1076151269299252200,0.8856,1
1076160840474918987,0.9025333333333334,3
1076167957064007375,0.9750000000000001,2
1076188008364372427,0.927,1
1076190919984915317,0.6965199999999999,5
1076207489908539729,0.2382,1
1076314218580563594,0.8686,2
1076599172986993674,0.930425,4
1076602520460874011,0.6597,1
1076644225797947346,0.2816666666666667,3
1076656594916733436,0.7013666666666666,9
1076691846458471289,0.9650000000000001,5
1076732221173477995,0.6549285714285714,14
1076732985649820236,0.9061,1
1076761790198183215,0.9469000000000001,2
1076781817594116937,0.9157299999999999,10
1076866123072350179,0.9553,2
1076943955205486402,0.4927,1
1076992599247925113,0.5855333333333334,3
1077324726669082542,0.9773,1
1077425971655112713,0.10656666666666666,3
1077431780373331051,0.523225,4
1077476780651344567,0.19624000000000003,5
1077532619626155303,0.9832,1
1077583134035992861,0.8607666666666667,3
1077658146801285122,0.974,1
1077715399267031499,0.9621,1
1077795761956147500,0.28425555555555554,9
1077882221959733920,0.9753499999999999,2
1077991827433914647,0.0,1
1078033047361143364,0.4404,1
1078072925175142266,0.07655,2
1078095026004707919,0.5420714285714286,14
1078111193047636480,0.4529666666666667,3
1078136562714614164,0.5720111111111111,9
1078224422528125376,0.8622,1
1078239640827902480,0.49607999999999997,10
1078329283530816354,0.0,1
1078373105686463451,0.6411384615384615,13
1078386132923291435,0.0,1
1078755318481360814,0.6273777777777778,9
1078881827969882603,0.6459,2
1078933457184889114,0.9711,1
1078937240376390056,0.41889166666666666,12
1079028036312257078,0.0892,2
1079112687732762143,0.8567,3
1079112817642086237,0.12749999999999995,2
1079578522129155061,0.9153,1
1079594920184860284,0.9600333333333334,3
1079612996261938967,0.5917222222222223,9
1079670600179199482,0.2831,4
1079732243436122995,0.8213615384615385,13
1079747702618412007,0.9736,2
1079765360552313520,0.648825,4
1079788894097047208,0.8115,1
1079797605943082278,0.9557,1
1079807593405859996,0.0,1
1079811632758085073,0.8221,1
1079836172498680813,0.7325666666666666,6
1079837524424743171,0.2915625,8
1079843556848913492,0.5689000000000001,3
1079966713648107331,0.44642,5
1080051340788452689,0.5375,3
1080298166757953326,0.33063333333333333,3
1080512061943460565,0.8104,4
1080529952578249895,0.953,1
1080548239226187357,0.6736000000000001,7
1080614555181401550,0.94235,2
1080620420307126994,0.78735,10
1080620741539756793,0.74468,5
1080621242665915506,0.9356,1
1080627192178235449,-0.7096,1
1080908796801705872,0.374075,4
1080983106160272379,0.94795,4
1080987850586375166,0.9416399999999999,5
1080998139638234454,0.9081,1
1081014726052307077,0.70045,6
1081053006222775561,0.63815,6
1081085904215953728,0.0,1
1081143361861329596,0.8714666666666666,3
1081155864121752045,0.9612499999999999,2
1081157270445873470,0.37324,5
1081160340483860263,0.77335,2
1081203016555910852,-0.49060000000000004,2
1081383178901276750,0.36554,5
1081610610661524571,0.6879333333333334,3
1081693607870842709,0.6467,1
1081701012480896732,0.9148,1
1081702494431934601,0.2979,5
1081714920748689882,0.836,1
1081738080945405215,0.741125,4
1081769172236876323,0.36626000000000003,5
1081788174850092451,0.9159,1
1081788464871825061,0.6142,11
1081808724197497490,0.7252333333333333,3
1081817407721520662,0.28579999999999994,10
1081835433258345009,0.9908,1
1081898020851614391,0.0258,1
1082214467730004539,0.9604,2
1082342780924186421,0.893575,4
1082438156011063478,0.5015666666666667,3
1082443675981350790,0.7313333333333333,3
1082458810237795275,0.18180999999999997,10
1082498401725306664,-0.3293,3
1082501414587135778,0.9062,1
1082514995877624662,0.79961,10
1082530857399200971,0.7567,8
1082567385459500705,0.8442,1
1082620552989838116,0.4417,2
1082623607122232845,0.6580999999999999,5
1082683904928350964,-0.4724,1
1082689200814194973,0.81105,2
1083077063496617417,0.9382,1
1083108594034837004,0.8826,1
1083142848443291692,0.9289000000000001,2
1083170061535390722,0.33083333333333337,3
1083179229673573759,0.7103999999999999,2
1083225159785068933,0.9317500000000001,4
1083258767476456958,0.7906,1
1083304900137933892,0.9828,1
1083318081468910652,0.8816666666666667,3
1083356508250152621,0.80215,2
1083372012892971199,0.3604,6
1083443041797867304,0.5864666666666667,3
1083471379509890152,0.0,1
1083531012564606489,0.3231181818181818,11
1083546528120511269,0.9805,1
1083555428381483718,0.8591,1
1083560462515757625,0.9486,2
1083642381398954455,0.41913333333333336,3
1083773981023374979,-0.01375000000000004,2
1083827719331709355,0.9863,1
1083840252727641886,-0.48805,2
1083861923873940252,0.6825,2
1083936003491396261,0.9337,1
1083953461679472879,0.40171666666666667,6
1084017748270035769,-0.7003,1
1084075504414056377,0.9434,1
1084089327285905147,0.9802666666666666,3
1084153938172059826,0.8287,2
1084201563069661003,0.0,1
1084263625214285332,0.5695,4
1084412012316465402,0.8599,2
1084490684649549533,0.6367,2
1084531135719070620,0.9022,2
1084544789606110925,0.825,2
1084553886938380423,0.891,2
1084602219844499311,0.7989666666666667,3
1084626961758392666,-0.013649999999999995,2
1084659682534863320,0.976,1
1084662174206226355,0.6913125,8
1084664601933916076,-0.15132,5
1084734803399839012,-0.06176666666666667,3
1084776647136591716,0.5227666666666667,6
1084800131010543251,0.8099333333333334,3
1084854594278777906,0.7514,3
1084861060042918604,0.692,4
1084900794922203934,0.9015500000000001,2
1084907450811910561,0.3734583333333333,12
1084940404725478411,0.9027499999999999,4
1084969920948583137,0.9281,1
1085043651677477691,0.23757499999999998,4
1085261915624869279,0.8940999999999999,2
1085290843916560028,0.7716,1
1085330396329229630,0.71834,5
1085360230358778784,0.6632615384615386,13
1085410168233978104,0.9885,1
1085420755691912990,0.6422,3
1085428790490811128,0.3350666666666666,3
1085477133025814358,0.9425,2
1085586932482078194,0.4019,1
1085600435946756433,-0.2021,5
1086029222034546503,0.0,1
1086177334215788159,0.96225,2
1086216567122046499,0.9319,1
1086263862009822952,0.03915000000000002,2
1086293211056742871,0.6120666666666666,3
1086403304646780543,0.9217,1
1086467061681475624,0.9079,1
1086766231454168677,0.4028,8
1086773520099417776,0.6786588235294118,17
1086776886786804200,0.70415,2
1086800255470315245,0.8914,1
1086834467392682423,0.051900000000000016,5
1086834968979286011,0.43527499999999997,4
1086835483038949059,0.513825,4
1086837207124781282,0.0,1
1086838501042833662,0.6249,1
1086910292714000669,0.96255,2
1086943021663870528,0.946875,4
1087151346160183494,0.9438,2
1087382891907589090,0.3802,1
1087449221936269429,0.4852,3
1087508419981471678,0.6282,4
1087564732829479904,0.9045,4
1087587520884823285,0.36788333333333334,6
1087629888198354779,0.6486,1
1087634791878083969,0.7138,2
1087635405760754079,0.06495000000000001,2
1087659911914014848,-0.7609,1
1087661465257200677,0.0,1
1087701688930620476,0.1126,4
1087799903753316239,0.296,1
1087915283547972496,0.8979,1
1088158886750276407,0.8030666666666667,3
1088357300701144631,0.9443,1
1088395653203298333,0.4849,2
1088397801011284546,0.48985,2
1088418356313041081,0.0,1
1088428303518998751,0.178375,8
1088429179714219810,0.723053846153846,13
1088518004513889335,0.7521,1
1088519482987867660,0.18228333333333335,6
1088859379409852022,-0.3595,1
1088872680119061598,0.81038,10
1088899318889843295,0.6725666666666666,3
1089007137847542050,0.05625000000000002,2
1089103956846747722,0.351075,8
1089144034811816961,0.8786200000000001,5
1089226089294892505,0.9839,1
1089297954935898261,0.48845,2
1089344960599725525,0.7028555555555556,9
1089350960243892498,0.7577875000000001,8
1089614079353136134,0.6126,4
1089670038371031629,0.9286,1
1089728392321702514,0.3171,1
1089783030048810658,0.0,1
1089802846909140183,0.9922,1
1089823290624932708,0.76785,2
1089879896644711248,0.8256,1
1089881019329048866,0.8481,1
1089920750123148617,0.7841,1
1089937683235156136,0.8594,1
1089967505668740520,0.8748,2
1089977537035018753,-0.14356666666666665,3
1090347859263533881,0.9722999999999999,2
1090398617701044815,0.8313,1
1090399391392567203,0.54445,4
1090469022943434858,0.9401,1
1090488503302693729,0.423125,12
1090514170004962589,0.8989,2
1090523070498657149,0.9733499999999999,2
1090528454481682946,0.34586153846153844,13
1090565552249505798,0.0,1
1090573097558630014,0.7095333333333333,3
1090584145834779478,0.9827,1
1090678125200024088,0.7754666666666666,3
1090729682152920112,0.8067666666666667,3
1090740689028108027,0.9308000000000001,2
1090791355376801095,0.66178,5
1091018371180624844,0.9001,1
1091037123739508683,0.9817,1
1091048119582529493,0.6619999999999999,2
1091056559559432440,0.11994000000000002,5
1091117870633987355,0.97365,2
1091132806019961067,0.69965,6
1091145098432360229,0.8479434782608696,23
1091156395029811850,0.271275,4
1091167872372419430,0.6153333333333334,3
1091212865957677360,-0.7184,1
1091229567853952797,0.89465,2
1091270294441913036,0.6938,1
1091270726415218289,0.9571,1
1091270826174991632,-0.01924999999999999,2
1091272847213915973,0.48745,2
1091274702349392169,0.9379,1
1091274823505087437,0.7752222222222223,9
1091274853282409683,0.0,1
1091275022651762878,0.55855,4
1091275059043774890,0.9342833333333332,6
1091275277514256216,0.4818,2
1091275985355963493,0.78355,2
1091285533377522607,0.861675,4
1091290891544783566,0.15587499999999999,4
1091420685679176235,0.86826,5
1091837693756804118,0.30414,5
1091877711315823341,0.0,1
1091914065769260881,0.4972111111111111,9
1092007924915397727,0.76885,4
1092018662179441463,0.9768,2
1092027483621024065,0.4095153846153846,13
1092074090147603308,0.7101999999999999,2
1092084580287964045,0.5992,1
1092196860893476876,0.91835,2
1092204807575444388,0.91712,5
1092442567984988047,0.12644666666666668,15
1092488182473861592,0.8761,2
1092507267819443042,0.9279,1
1092507804420019235,0.7474,1
1092595031915602009,0.62525,2
1092617132239606519,0.23295000000000002,2
1092629462521078129,0.9459,1
1092637614012570536,0.9177090909090908,11
1092712014680283369,0.8251,4
1092743226133277346,0.8585,1
1092759955097615276,0.8995833333333333,6
1092841831654262251,0.8169,4
1092883219326269251,0.93195,4
1092896029172546418,0.6795,5
1092928744861513466,0.9535,1
1093290410392069284,0.3252125,8
1093292782539717049,0.89075,2
1093343136399687490,0.5160142857142856,7
1093422858148210741,0.41801666666666665,6
1093444207448362728,0.6381833333333333,6
1093457280447894580,0.8779,1
1093472264646058843,0.7579,1
1093505537976568676,0.8946,3
1093509671465726250,0.982,1
1093638636277301567,0.8005,2
1093683593557763239,0.3564333333333333,6
1093917691158294769,0.8402,1
1093918191276348868,0.83445,4
1093980594152674733,0.6249,1
1094095638670189745,0.9283,1
1094105995384632018,0.4163,15
1094278430415174206,0.693025,4
1094295218332728240,0.2997,2
1094371575240692269,0.17612999999999998,10
1094418030466265578,0.2837,4
1094478582133439081,0.7184,1
1094502313304181564,0.8142437499999999,16
1094725404744658122,0.07978333333333336,6
1094756966123628700,0.9379666666666666,3
1094758085925566308,0.802,1
1094798676493575355,0.7902,1
1094803105640008961,0.8222333333333333,3
1094824084654650870,0.31245,2
1094849581896858965,0.8856333333333334,3
1094863593367929952,0.9917,1
1094872865688134332,0.69555,4
1094876811102577215,0.7913,3
1094925699855274610,-0.7811,1
1094958345523914092,0.5399,1
1094986945412903703,0.40164285714285713,7
1094994386369550740,0.96555,2
1095029809776728153,0.4966333333333333,3
1095037697532667906,0.784,1
1095051282883707649,0.9489,1
1095054976336700015,0.9716,4
1095086645136733260,0.4954,2
1095160458495013972,0.5175,2
1095367127379489701,-0.48805,2
1095407939485257412,0.81578,5
1095452455584737386,0.7773,1
1095466802088690191,0.5670166666666666,6
1095480108694680404,0.6625666666666666,9
1095495230526694433,0.6876,8
1095577479826242355,-0.1139,3
1095578517892637864,0.645625,4
1095581045772669493,0.176575,4
1095582877832865502,0.9224,1
1095584293707495632,0.6716,4
1095589217901632295,0.7104,2
1095589322394710747,0.3063272727272727,11
1095589425226891676,0.7492000000000001,2
1095589534842106416,0.40230000000000005,3
1095636246717471892,0.9541,2
1095660291287743317,0.9745,1
1095663379309555551,0.6326857142857143,7
1095681274889694550,0.8790500000000001,2
1095687921294879420,0.7351,1
1095699735635631730,0.8436,1
1095725888012992706,0.9547,4
1095728125149167875,0.0,1
1095732257075872566,0.9418,1
1095732705948723790,0.6883285714285714,7
1095745603452424387,0.73185,2
1095762007018858226,0.48152222222222224,9
1095790929278901261,0.2123,2
1095794927735425191,0.5994,1
1095825054467996397,0.7133222222222222,9
1095825386185728457,0.9718,1
1095839647870475023,0.6499333333333334,3
1095876046622454318,0.46545000000000003,4
1095908625865529608,0.8834,1
1096065973158586190,0.4019,1
1096069383938751396,0.3308909090909091,11
1096081260129095657,0.5859,1
1096143410815248333,0.9267,2
1096295791997318507,0.7371333333333333,3
1096355500630501389,0.7034,2
1096356322304904311,0.0,1
1096384191039003060,-0.3348,1
1096387998634764307,0.8192666666666666,3
1096398046731573968,0.6744,2
1096408115315320296,0.4404,1
1096420749937808808,0.1865,2
1096428590447850820,0.0,1
1096436712603127950,0.5257428571428572,7
1096462211356658190,0.8069500000000001,2
1096479014031738317,0.9233499999999999,2
1096531781158372662,0.9562999999999999,2
1096532558785624630,0.35778,5
1096554249882615355,0.6854833333333333,6
1096555093055853708,0.8694,1
1096556872411959671,0.50615,2
1096574228668669225,0.9382,1
1096940624183926510,0.652,2
1097001952624343073,0.8628,2
1097015956985223333,0.9759333333333333,3
1097274800926143152,0.8422,1
1097289009549603464,0.36165,2
1097297933020887803,0.8426,2
1097306071092974006,0.2445,7
1097629244793100955,0.7716000000000001,4
1097633216785536752,-0.128,1
1097642476494209882,0.780475,4
1097642911122947726,0.5994,1
1097653816751247129,0.9496,1
1097722399793441790,0.7980499999999999,2
1097731665046252682,0.7797714285714286,7
1097743178109350200,0.9632,1
1097755232490657177,0.15896,5
1097782804622685619,0.7891583333333334,12
1097787716878538635,0.68208,5
1097804787858430125,0.0,1
1097833115780107035,0.5789,1
1097867113754175478,0.42385,8
1097872464449601822,0.9547,2
1097901058183583055,0.0,1
1097901150010227215,0.43838571428571427,7
1097901250368894320,0.7421333333333333,6
1097903726722992270,0.21090000000000003,2
1097977719785517343,0.7044428571428571,7
1098002127126943930,0.8617,1
1098023479581402548,0.63245,8
1098047938374064456,0.3533,10
1098331302379439327,0.76178,15
1098348314954445601,0.6079222222222221,9
1098385191368764389,-0.296,1
1098391001001133048,0.9841,1
1098439298803653955,0.5757166666666667,6
1098468800174213950,0.8308,6
1098554019818216597,0.9212,1
1098611535581185495,0.8901666666666667,3
1098701571881623026,0.836,1
1099019262826573675,0.3632,2
1099025885168738539,0.9327,1
1099123798245438403,0.6890666666666667,9
1099224309481189173,0.7054199999999999,5
1099235350969577464,0.6088833333333333,6
1099237663848008426,0.8176,1
1099279135996058691,0.7959,1
1099321344344688707,0.6480166666666667,6
1099345898195324439,0.440125,4
1099419404361759158,-0.8197,1
1099422214434112826,0.78125,4
1099434689300234255,0.46373333333333333,3
1099440059975253263,0.8818,2
1099446519715060662,0.2830923076923077,13
1099448678754149931,0.10369999999999999,4
1099713871748324760,0.0,1
1099787345406227064,0.6232666666666667,6
1099791858108213800,0.6865666666666667,9
1099804600226832641,0.7635333333333333,3
1099833236904697516,0.9446,1
1099834805765021158,0.29424285714285714,7
1099845446963881740,0.7134875,8
1099848904673722787,0.9335,3
1099875621526200871,0.8513,4
1099908097064689484,0.22237142857142858,7
1099930061616798581,-0.19465,2
1099941097020505491,0.9003,2
1099983699096967645,0.9716,1
1100030742726118058,0.27602272727272725,22
1100114612817449746,0.89596,5
1100120212700829457,0.88515,2
1100155252473176923,0.41812000000000005,5
1100160924673745756,0.3353,1
1100208448606737928,0.0,1
1100456143068485138,0.72195,2
1100474127572454819,0.0,1
1100497821838354053,0.9492499999999999,2
1100527241646018592,0.9214,2
1100534444136631775,0.91909,10
1100556993862876103,0.0,1
1100656962881340706,0.8577538461538462,13
1100660077859283147,0.9630000000000001,2
1100707788013354152,0.8519,1
1100708973250736392,0.7127235294117648,17
1100776669844943909,0.765,1
1100790497467056984,0.77178,10
1100795056480260906,0.1922,2
1100816431149739136,0.47891666666666666,6
1100831442154678354,0.7676000000000001,4
1100881883813320350,0.9252,1
1100887559672305515,0.8104142857142858,7
1100924130110562867,0.9403,1
1101252580266899713,0.419975,4
1101424210598893475,0.9354,1
1101449159191500710,0.4778,8
1101478340907816021,0.7717,1
1101481477009663281,0.3491666666666667,12
1101488653540630196,0.72899,10
1101492253293985800,0.09226000000000001,10
1101545273053137895,0.765,1
1101546526065594691,0.9611000000000001,3
1101600520605240444,0.0,1
1101642975075236698,0.57855,8
1101904153380037001,0.5859,1
1101960363331892996,-0.25,1
1101977570883070571,0.9396800000000001,5
1101995234468028668,0.4622,2
1102024191444095606,0.8203,2
1102112125546008117,0.9738,1
1102113013217622162,-0.5588,1
1102130919093738499,0.7171,2
1102132721593228761,0.7579,1
1102151523708899603,-0.19943333333333335,3
1102166793463978490,0.3456625,8
1102177091577686016,0.92085,2
1102222868614758618,0.8316,1
1102223608907461318,0.8034,3
1102244798295017989,0.2998,6
1102294127471726383,0.9748,1
1102362084205310750,0.42593333333333333,6
1102374521618657038,0.51086875,16
1102411191521748600,0.7501,1
1102640550829747555,0.13001000000000001,10
1102821847694274955,0.3062,2
1102859281635012470,-0.128,1
1102861550716553784,-0.026050000000000018,2
1102864360885461921,0.4588,1
1102897219431343693,0.0,1
1102918634271319142,0.4559,2
1102920310854593750,0.06345,2
1102975317804865493,0.6776599999999999,15
1102992050506845308,0.780725,4
1103029921673990783,0.0,1
1103193408051419744,0.5232333333333333,6
1103252033800323636,0.4019,1
1103334916339699589,0.4754,1
1103410013906223374,0.3582111111111111,9
1103470617150990153,0.4195666666666667,6
1103505975116090323,0.8526,5
1103635535824055272,0.9524,1
1103670084287984098,0.235625,12
1103697151795241222,0.6562,1
1103745506987006417,0.98795,2
1103804324002916629,-0.5983,1
1103838723289924628,0.7092,2
1104067696601487523,0.9431499999999999,2
1104131691846584677,0.9408,1
1104218525054661117,0.8976,1
1104225083600165634,0.9465,1
1104260047616848451,0.89345,8
1104396153200005421,0.8885,1
1104449922390792141,0.6320666666666667,3
1104611912599929158,0.34735,2
1104841631727221425,0.29301666666666665,6
1104846234779045019,0.43222499999999997,4
1104861441916495261,0.85615,2
1104880654111579141,0.9427,1
1104931979895557957,0.9912,1
1104939900228000479,0.8608666666666666,6
1104976513879818694,0.92235,2
1105002205073313724,0.21169999999999997,3
1105011145889031621,0.8329,2
1105032312800576095,0.2114,3
1105044842379574601,0.98855,2
1105056711056339651,0.7435,2
1105078336419788412,0.95535,2
1105081586893794097,-0.49365,2
1105089310507616929,0.5994,1
1105099802880348833,0.792025,4
1105109873245443610,0.8882,1
1105111144156949144,0.82545,2
1105133805953451581,0.356275,4
1105147880284829082,0.25775000000000003,2
1105164026196898497,0.9409,1
1105198607818059126,0.61605,2
1105253952090992978,0.051416666666666666,6
1105265349216074422,0.5270400000000001,5
1105279026554066728,0.94005,2
1105562280157996524,0.8988666666666667,3
1105564258995116059,0.9323,1
1105571588952364015,0.0,2
1105603266577417130,0.6867285714285715,7
1105674956197706622,0.85055,2
1105687787518374955,0.9261666666666667,3
1105722575338493154,0.6588,1
1105743233541646659,0.8657857142857143,7
1105780278969099141,0.0,1
1105789360948963411,0.9891,1
1105794947822197912,0.89035,2
1105815185326886053,0.5341,5
1105843987225700418,0.5501111111111111,9
1105924664136740803,0.8005333333333334,3
1105930194996764182,0.0,1
1105939485525405897,0.6747142857142857,7
1105942990990154024,0.35145,2
1105951928296466536,0.3384,1
1105974448554082523,0.94205,2
1105983122785989500,0.4192538461538462,13
1106007727678966974,0.623675,4
1106023063866561928,0.5400076923076923,13
1106235525157293106,0.9514499999999999,2
1106279312988841554,0.5031105263157896,19
1106283734580046345,0.0,3
1106286875225849166,0.7066875,8
1106297031721654882,0.263625,4
1106319558816400112,0.5017,1
1106366926767013296,0.35,2
1106368411648972424,0.86995,4
1106390369653609679,0.8005000000000001,5
1106407021931962067,0.6952,4
1106453326567585899,0.582342857142857,7
1106461388754367204,0.8046933333333333,15
1106467954818236172,0.23374285714285717,7
1106505384787629019,0.4615,2
1106507237158268677,0.18716666666666662,3
1106528074015588930,0.401,2
1106570022920400159,0.30693333333333334,3
1106570034268898208,0.8580333333333333,3
1106604049817900256,0.5114333333333333,6
1106652804279319156,0.9924,1
1106663959655953586,-0.9885,1
1106670732376012822,-0.08255000000000001,2
1106712763193072534,0.8777875,8
1106712949808512756,0.534975,4
1106911967531848051,0.5719,1
1107016439114173613,0.37685,2
1107037579651869477,0.8999,1
1107056301760227128,0.3253,2
1107071643322242281,0.28746923076923075,13
1107111368703966206,0.8045181818181818,11
1107158548554972957,0.45765,2
1107164413409711566,0.8816,1
1107187678660601848,0.9817,1
1107193369966853314,0.3365,1
1107208444435723512,0.31793333333333335,3
1107215218328055613,0.7579,1
1107221202957782528,0.826125,4
1107294458279880229,0.64402,5
1107307909090467647,0.79204,5
1107353255981477309,-0.3786,1
1107390781229643944,-0.4942,2
1107399791135617654,0.70445,2
1107433273633944790,0.24761111111111112,9
1107450347912982653,0.410325,4
1107721941106351792,0.6388428571428572,7
1107725167890558594,0.9788,1
1107729087726641923,0.3147,1
1107781028947673818,0.4505666666666667,6
1107799525272783621,0.5106666666666667,3
1107820898241680974,0.40825,2
1107823819415731665,0.9654666666666666,3
1107836818863346074,0.9571,1
1107856341989497322,0.9639333333333333,3
1107868107249910820,0.4525333333333333,3
1107882191125455686,0.7084,4
1107928443986004347,-0.1909,2
1107943061064864681,0.6737166666666666,12
1107969718278396470,0.6369,1
1107971666657436456,0.6987099999999999,10
1107984845742147367,0.6338333333333334,3
1108035252854885026,0.687675,4
1108079841591969724,0.7905,4
1108124854193174633,0.9798,1
1108564040275485743,0.8402,1
1108575723158555451,0.8316,1
1108585559778198173,0.6745,10
1108590996091044865,0.9289666666666667,3
1108602494372710556,0.5185333333333334,3
1108616620125056590,0.9136,1
1108640426262249475,0.5237666666666666,3
1108680480869863723,0.3673,2
1108797836221535146,0.5959,3
1108848205944592636,0.8479,1
1108948371892488945,0.29258333333333336,6
1109277945264585441,-0.4138,1
1109312223476817156,0.9097,1
1109353338207796525,0.05811999999999999,5
1109385961971643418,-0.8793,1
1109486409472164404,0.9401571428571429,7
1109512228148260986,0.70695,4
1109527501079938479,0.16792500000000002,8
1109545634291736534,0.62495,4
1109608342044233598,0.9211499999999999,2
1109950534033429021,0.548575,4
1110055308129837928,0.64075,10
1110063157203484922,0.923,1
1110079037612225551,0.9297,1
1110111152409613701,0.3789666666666667,9
1110111599772079888,0.5501833333333334,24
1110112091269860500,0.9703,1
1110117071503193098,0.36802,5
1110130406920569554,0.628625,8
1110132267543564803,0.8495250000000001,4
1110133653271999522,0.9451,2
1110155349550765328,0.61819,10
1110174324396229673,0.82335,2
1110214547451896997,0.7891,2
1110605767729607197,0.8417250000000001,4
1110635161710518445,0.4194333333333333,3
1110642707563986257,0.3612,1
1110647712554377413,0.951525,4
1110677899600292273,0.5904272727272727,11
1110753564819641563,0.1531,1
1110788659034212873,0.4673,2
1110789819177477151,0.0,2
1110809828933069712,0.6901,1
1110812861399338465,0.8718,1
1110814941385452209,0.8048,2
1110857264530328824,0.38058000000000003,5
1110860625757467660,0.0968,3
1110874292270175555,0.8008666666666667,3
1110875068527730396,0.34535454545454547,11
1110895381172412653,-0.1978,2
1110996397157418556,-0.2523666666666667,3
1111022888939978078,0.9610000000000001,2
1111024520311988639,0.11555000000000001,10
1111039823829266274,0.5104,5
1111113111060226244,0.8999,1
1111378704357764220,0.7858857142857143,7
1111395435887000423,0.753925,4
1111420405183708565,0.85585,2
1111444605754853946,0.72405,4
1111496236230354054,0.9201,1
1111513002454365937,0.8016,1
1111520995260095273,0.9793,1
1111559319202354106,0.5840933333333334,15
1111571190949258854,0.9628,1
1111583405462202250,0.22572857142857142,7
1111592077505861190,0.5123166666666666,6
1111598057197155328,0.543,3
1111646227147263637,0.831225,4
1111709407429848155,0.15687142857142858,7
1111744822229688315,0.30555,2
1111786358139322484,0.8228666666666667,3
1111796164804828895,0.0,1
1112120903136167969,0.9108,1
1112125711461759881,0.94755,2
1112187423211554491,0.639,5
1112218831027181221,0.9828,1
1112235131871686747,0.6632,2
1112236129628471308,0.6084999999999999,3
1112244827673919203,0.3934666666666667,24
1112246538134783682,0.47730000000000006,3
1112267032179503677,0.5734428571428571,7
1112313575810495019,0.7121,2
1112331662640195277,0.8024999999999999,3
1112337548270807036,0.9478,3
1112388494894085636,0.5719,1
1112418782061407304,0.0,1
1112429048560440863,0.8513,1
1112429854749627940,0.9688,1
1112433132588624816,0.6829666666666667,3
1112440103830123699,0.3496428571428571,7
1112463438511702027,0.4404,1
1112515015120204768,0.5018,3
1112524736745357245,0.7764,2
1112567100808810746,0.63975,2
1112567648554402040,0.6538,1
1112771141492968690,0.41152500000000003,4
1112868893978812355,0.2684166666666667,6
1112895056646351824,0.8287249999999999,12
1112896401828127006,0.7827125,8
1112910215417006848,0.8106249999999999,4
1112916737601916484,0.8481,1
1112917362792169240,0.796,1
1112917925352516636,0.7712,1
1112919740903631156,0.8803,1
1112923908820226425,0.8298666666666668,3
1112931160762105590,0.33016666666666666,3
1112934312626488687,0.47195,4
1112945148330812962,0.6997,1
1112951486253065039,0.9143,1
1113042462528003601,0.118825,4
1113098690927245569,0.43069999999999997,7
1113128681707880853,0.58226,5
1113144069590202382,0.8573,1
1113150010542514050,0.8957,1
1113250245196200472,0.5267,1
1113468363298464756,0.95455,4
1113547580987418580,-0.12930000000000003,2
1113569328947550850,0.68502,5
1113599263769356005,0.3933,2
1113606254755300637,0.7906,1
1113694800662944168,0.7558666666666666,6
1113755912229488838,0.8655,1
1113824059030138466,-0.636,1
1113824187158625376,0.5013142857142857,14
1113843049105727985,0.9042714285714286,7
1114021991255792336,0.6763666666666667,3
1114267127399788872,0.7251625,16
1114303176255032216,0.639975,4
1114327469308744241,0.6558200000000001,5
1114327744227164087,0.92955,2
1114344506472669708,0.2732,1
1114357123870245743,0.96065,2
1114367780768626609,0.65475,22
1114370357654781165,0.5463111111111112,9
1114371675426385477,0.0,1
1114376683259651669,0.7845,1
1114455233773643905,0.9564,1
1114478622306133628,0.2702375,8
1114485046703178528,0.36672499999999997,16
1114572962303311225,0.4851,4
1114579423339052366,0.8222666666666667,3
1114644497311220738,0.634875,4
1114656696525735961,0.447,4
1114675015131584147,0.8898999999999999,3
1114718326694510601,0.9538,1
1114736194140380502,0.5698,1
1114890455308046506,0.9874,1
1114967604277529235,0.63784,5
1115009364679900368,0.28326666666666667,15
1115029540998565947,0.549725,4
1115031910334934338,0.8659666666666667,9
1115059412126513419,0.0,1
1115081301916272203,0.9871,1
1115092707087404432,0.7515799999999999,5
1115093500868131179,0.45205,2
1115101882148017637,-0.12179999999999999,2
1115157116440241861,-0.7615,1
1115163161086481031,0.5337,4
1115185820203844898,0.8713500000000001,2
1115186895928703986,0.085,4
1115211686036051591,0.9441,1
1115225743367911216,0.90595,2
1115226965265851618,0.0,1
1115230725984517016,0.7778,1
1115245066393434163,0.021366666666666683,3
1115261689622875568,0.7771666666666667,12
1115285644506865913,0.34,1
1115304311757008290,0.7565916666666667,12
1115311131710134031,0.17471,10
1115359703958752161,0.9134,1
1115361359831188955,0.28639285714285717,14
1115375112360621520,-0.9859,1
1115410389647811839,0.752575,4
1115438717459883129,0.0,1
1115460517648381783,-0.9927,1
1115594762263179878,0.9792,1
1115637960131321657,0.8601333333333333,3
1115651662941220584,0.9299999999999999,2
1115666345794893894,0.88305,2
1115711316010208381,0.8070181818181819,11
1115712737713291613,0.96895,2
1115714111317671696,0.64115,12
1115735772855039787,0.7014,1
1115738728024352313,0.43555,2
1115741460671020551,0.6377333333333334,3
1115744301501889631,0.0,1
1115747638657972676,0.937,1
1115760122897989458,0.49564444444444444,9
1115768916982436773,0.8517,1
1115773165751432691,0.5743916666666667,12
1115776759577659299,0.916,1
1115776888326116862,0.34668,5
1115785774322099456,0.2497,3
1115792798985883484,0.7906,1
1115801550283538211,-0.0129,2
1115822374629587899,0.5282,4
1115840679904830320,0.2821,1
1115842462342185254,0.0,1
1115843107468269371,0.8243666666666667,3
1115844503612989772,0.424,3
1115873496213765934,0.0,1
1115876372790716499,0.95975,2
1115886741586070315,0.9623,1
1115889899854741622,0.8912,2
1115928241007078509,0.7557333333333333,3
1115965401778701161,0.09336666666666665,3
1116063354309388406,0.052,14
1116383700861119317,0.8934500000000001,2
1116391720040534239,0.34,1
1116412430667417906,0.9393666666666668,3
1116417244861055625,0.965,1
1116462874538196504,0.4232,2
1116472645990446519,0.64158,10
1116473067791867547,0.9434,1
1116491720201275719,0.77885,4
1116520285577176262,0.605275,4
1116521249094022723,0.6115692307692308,13
1116563868729727765,0.8864,1
1116568446662564144,0.56522,5
1116600824639909268,0.55655,2
1116654431531319270,0.6996,1
1116664226552036750,0.08863333333333334,3
1116665510900287387,0.84515,2
1116671858613151787,0.9745,1
1116681724778051299,0.8988,1
1116721420147129056,-0.4738,1
1116733197178729447,0.8908,1
1116734709059824558,0.73925,8
1116751193416347619,-0.014374999999999999,4
1116769673866076401,0.9697,1
1116784362807277990,0.9269,3
1116790393461138221,0.3062,3
1116914235661566397,0.8225,1
1117150389998327280,0.43445,2
1117230574301507191,0.49395,2
1117234691016059504,0.7661500000000001,2
1117250891213901829,0.556075,4
1117372374868021726,0.9686,1
1117372694582964504,0.4013333333333333,3
1117411519540131074,0.4537777777777777,9
1117428920373606082,0.8419,2
1117433351518667563,0.58129,10
1117512460002489692,0.8630666666666666,3
1117514696055643940,0.36205,4
1117514765197291820,0.5035333333333333,3
1117557622790494813,0.95095,2
1117564980170384319,0.05425000000000002,2
1117570824534066979,-0.9906,1
1117635512326792515,0.7422500000000001,4
1117699841239971121,0.945,3
1117854878979782456,-0.9596,1
1117881180755716945,0.4947,2
1117912089097363409,0.6728000000000001,2
1117916282229253860,0.7906,1
1117971490834924232,0.8380333333333333,3
1117981518746604093,0.9607800000000001,5
1118036286141677436,0.8071999999999999,5
1118043968711102569,0.44295,4
1118047369993992492,0.8555,1
1118063970545706155,-0.5574,1
1118117901660995795,-0.38155,2
1118263636959879382,0.91934,5
1118288490221354591,0.454675,8
1118329606275411546,0.7790250000000001,4
1118676564710280550,0.0,1
1118722272136033064,0.10065000000000002,6
1118724083793728364,0.7104571428571429,14
1118726094289808991,0.3071,1
1118730041157936479,0.6984285714285715,7
1118738515670054806,0.0,2
1118749731341931376,0.4741,4
1118750902106426196,0.5240692307692307,13
1118752588682174803,0.4333,7
1118755044615006606,0.27015833333333333,12
1118759715831029488,0.2023,1
1118762468163863085,0.45655,2
1118766942802477717,0.0,1
1118795413923919094,0.9425,9
1118806857047319744,0.69287,10
1118810062211277031,0.7823249999999999,4
1118827224393216371,0.6958166666666666,6
1118830377502364437,0.3103,3
1118832507546923380,0.26387499999999997,4
1118833752294474537,0.4455,2
1118835668707256959,0.621890909090909,11
1118836784048250831,0.4607666666666667,3
1118857369390731762,0.973,2
1118871470416765707,0.833825,4
1118884166222652175,0.8766499999999999,2
1118902781370039630,0.723475,4
1118914190339152017,0.0,1
1119091055624957989,0.90335,4
1119428654631558217,0.40364285714285714,7
1119476988897990247,0.6652375,8
1119547866092804322,0.7899333333333334,9
1119548932012839209,0.9339,1
1119599471663970211,0.9203,4
1119628722760616382,0.22946666666666668,3
1119649778643574644,0.9633,1
1119655999671092074,0.4271888888888889,9
1119680632363092899,0.7840400000000001,5
1119681899977291150,0.7636666666666666,3
1119692813158473645,0.8689,1
1119749251337494921,0.7285636363636364,11
1119795247943459964,0.5405,5
1120079885553743861,0.88645,6
1120081866742340447,0.7771,6
1120129069003688961,0.0,1
1120145321125327872,0.8979,1
1120148272657370246,0.9489666666666666,3
1120157331510189099,0.5988,2
1120193532307215282,0.23719999999999997,4
1120196545223599506,0.95675,2
1120222040678538425,0.9634499999999999,2
1120244268057967709,0.9053333333333334,3
1120298688192588129,0.736075,4
1120381082250341902,0.90405,4
1120427264401806254,0.32985,2
1120437895858965701,0.9161333333333334,3
1120705209425773081,0.4632285714285715,7
1120714518158429427,0.32056666666666667,3
1120729751070854801,-0.0222,1
1120799019203370746,0.0,1
1120913156789373408,-0.043299999999999984,5
1120961482249191375,0.7906,1
1121027203725973648,0.4946,2
1121029056926906676,0.6680666666666667,3
1121054994487745750,0.71245,2
1121066748607346015,0.8472,3
1121142070397273933,0.0,1
1121166547634031251,0.2942,1
1121182416128720987,0.93845,2
1121208837499828788,0.5268166666666666,6
1121452139394116966,0.3299666666666667,3
1121479128172505818,0.45424,10
1121517560380132123,0.5182,1
1121551605720674035,0.73878,5
1121557145813434916,0.8393,3
1121571285615614088,0.9065,2
1121585804740554188,0.7717,1
1121604586374166397,0.6249,1
1121610301786306741,0.0,1
1121661850880193092,0.5205818181818181,11
1121681190899970874,0.9264666666666667,6
1121682522280233680,0.992,1
1121705958544825998,0.0,1
1121751287669187790,0.376075,4
1121804691571066733,0.0,1
1121833577334753856,0.4228,2
1121834520920501010,0.5908599999999999,5
1121890432841038425,0.4745,3
1121959005347789732,0.296,1
1122097495419009973,0.0,1
1122336566524763786,0.653,11
1122432581811259588,0.2997,2
1122458359761465205,0.8874285714285713,7
1122493460790344730,0.27999999999999997,4
1122496072528735828,0.0,1
1122557716875422480,0.4729,2
1122978767006223530,0.2294,2
1123002291468424552,0.9118111111111111,9
1123004619677680363,0.926376923076923,13
1123016759996310749,0.5707,1
1123044516463216828,0.0,1
1123080140210924021,0.8266,5
1123087238188556119,0.7338,3
1123096044144793971,0.55698,5
1123119339813461219,0.9118,1
1123146677128151914,0.9612,1
1123180395810696529,0.6588,1
1123203569075085864,0.49495,2
1123422679351222940,0.0,1
1123512946665111761,0.93415,2
1123711730119315270,0.7067,1
1123799516545292723,0.891,1
1123865051111544803,-0.5267,1
1123904135549670683,0.8588,1
1123949855668055837,0.9602999999999999,2
1124081235526490883,0.5232615384615384,13
1124113803213796499,0.7797499999999999,12
1124214199688720296,0.9457,1
1124292685254838695,0.11272500000000002,4
1124373667781514984,0.75595,2
1124452579324694120,0.9382,1
1124462373795884992,0.8322,2
1124471822052238189,0.5962,1
1124634177444742571,0.0,1
1124787110810440351,0.7073866666666666,15
1124995554276968837,0.833675,4
1125099262492891934,0.7776647058823529,17
1125153054733798615,0.97265,2
1125160314805310897,0.9747,1
1125197096731630886,0.24706666666666668,3
1125228268235939822,0.9579,2
1125233537708650254,-0.0534,1
1125243481085064755,0.41105,2
1125287543009807638,-0.9694,1
1125289123335706542,0.7328,1
1125350113092829937,0.29825,10
1125366365468427903,0.6723363636363636,11
1125390895229754590,0.750664,25
1125393735806621522,0.9246,1
1125397645664545877,0.953,1
1125398694130022053,0.5391666666666667,3
1125423621920432770,0.2930304347826087,23
1125451100954720495,0.9324199999999999,5
1125467926812394600,0.23063529411764705,17
1125488214210836457,0.87672,10
1125532645989029914,0.6671625,8
1125602421790041320,0.4567444444444445,9
1125624032257602280,0.3700923076923077,13
1125732538393400379,0.9225,1
1125848074871326509,0.8902,2
1125853668710050096,0.8043,6
1125856158262141618,0.2971333333333333,6
1125872226581063722,0.87095,6
1125877547631581952,0.8977,1
1125925935442113851,0.7622166666666667,12
1125926530298255380,0.9516,1
1125990937593154696,0.9173,2
1126005003828280118,0.9800333333333334,3
1126052599070427146,0.9768,1
1126062516641900940,0.8438000000000001,5
1126089158395981273,0.8310777777777778,9
1126094157067427292,0.35125,18
1126095465961839134,0.5319,2
1126106131477154972,0.9127,1
1126151154068463081,0.6126666666666667,3
1126160837109707463,0.44885,2
1126179903170869986,0.3671185185185185,27
1126187571916412858,0.8805,1
1126291651201567447,0.8553,1
1126552510564283695,0.5301846153846154,13
1126585506544332367,0.6128428571428571,7
1126623682560637623,0.6696666666666666,6
1126691112657243989,0.4657,3
1126708075518560741,0.4971125,8
1126716261294789964,0.9484999999999999,2
1126723981426195283,0.43895,2
1126729905401294343,0.9339,2
1126776401556952529,0.763475,8
1126780881123751995,0.6357333333333334,3
1126859545858467809,0.3629,2
1126913762907662972,-0.2732,1
1126928113074522912,0.9448,1
1127028787677382927,0.0,1
1127039720524643041,0.9141,2
1127192005233280900,0.41985,2
1127207466004209050,0.0,1
1127212886409508705,0.9359333333333333,3
1127280279209639958,0.9001,2
1127283039613874692,0.4767333333333334,3
1127330032756389296,0.82936,5
1127339170886387822,0.6588,1
1127414166920217930,0.4907,2
1127459174422036401,0.48605,2
1127478147526720273,0.571264,25
1127478378920157373,0.5579055555555555,18
1127479111366606020,-0.10409999999999997,2
1127490615928550119,0.8797,2
1127528711444346795,0.92,1
1127537951421580092,0.5649,4
1127573659365976386,0.95295,2
1127630472471060203,0.8492,2
1127702378926772623,0.6234,16
1127773273625033542,0.75464,20
1127914722007524688,0.3716,1
1127966805390934216,0.6838545454545455,11
1128014008949825126,0.8966,1
1128038574015576536,0.1661125,8
1128077619529786677,0.06414999999999998,2
1128078922811608119,0.2404666666666667,6
1128080580364282567,0.8276571428571428,7
1128237122957271444,0.10351428571428571,7
1128239544845396426,0.47105,2
1128251758111426663,0.7456,2
1128297528664750780,0.7512555555555556,9
1128319593491141338,-0.7218,1
1128385446833476669,0.89146,5
1128444627442400667,0.978,1
1128493387579520149,0.7472444444444445,9
1128781477621021454,0.6206875000000001,8
1128862722166095617,0.3555916666666667,12
1128980432227568816,0.5434333333333333,6
1129020937604624995,0.2987166666666667,6
1129022679753937429,0.64176,5
1129066443784910935,0.74245,2
1129083365045332342,0.9678,1
1129142698704116951,0.7698,2
1129173264823121554,0.96385,2
1129406234365610004,0.0,1
1129503544939731377,0.19147777777777777,9
1129505888246550256,0.9257,1
1129506691768105081,0.893,2
1129532173724634210,0.4750142857142857,7
1129536165064898246,0.96825,2
1129547290615501455,0.27814,10
1129553234888302119,0.6656333333333333,3
1129558847789675475,0.687,4
1129562588085529490,0.8683,3
1129565242250013362,0.37311428571428573,7
1129612054996772297,0.8493333333333334,3
1129686383332617296,-0.4837,2
1129702079330705529,0.966,1
1129756667720033763,0.13854999999999995,2
1129764819774778291,0.7056,1
1129778293271605209,0.5826,1
1129786269751270731,0.49145,2
1129793403840240888,0.4791,2
1129836627665718882,0.9056,1
1129884481255919925,0.9934,1
1129913051835632164,0.836,1
1130144726289531847,0.9853,1
1130149125145962313,0.9515,1
1130253502351004769,0.3433,5
1130282155475436660,0.92415,2
1130296870044634598,0.9865,1
1130364235271940779,0.128,1
1130371100930314065,0.9094500000000001,2
1130377444094965515,0.908,1
1130391255958793915,0.34450000000000003,4
1130445093412916994,0.47895,2
1130456923935086773,0.6802875,16
1130503614937103824,0.11457142857142857,7
1130512928251294154,0.5594,2
1130565235752392348,0.9573,2
1130588547346291488,0.915,1
1130596968312337900,0.9538,1
1130610478722895834,0.8957,1
1130626462020216625,0.6249,1
1130679900403326025,0.9505666666666667,3
1130799139342497880,0.9941,1
1130905243907278656,0.48247999999999996,5
1130925508671449348,0.6,5
1130963756044759113,0.9182,1
1130972853832784705,0.9837,1
1130992021801373294,0.7732625,8
1131102746665583712,0.6808,1
1131120451314276865,0.86765,2
1131214736736318889,0.8976,1
1131239088748352108,0.04325000000000001,2
1131298720552769617,0.9553666666666666,3
1131322509804329683,0.70495,2
1131329706084308114,0.8561333333333333,3
1131522355150470952,0.7837666666666667,3
1131673043896748016,0.8154777777777777,9
1131681478410995049,0.0,1
1131700282976612486,0.9485,1
1131707911805490673,0.9409,2
1131728842066880420,0.3018882352941176,17
1131784241046777129,0.5825285714285714,7
1131795531233985926,0.7479,1
1131812066173028217,0.9385,1
1131835116920355753,0.9399,2
1131894382636239677,0.71595,4
1132038048690767564,-0.7243,1
1132300463376664025,0.7351,1
1132408389053520318,0.4588,1
1132425984330389066,0.6781555555555555,9
1132435810919691789,0.7604,5
1132464489447680839,0.9324,1
1132469248947442435,0.9321999999999999,3
1132472598156465905,0.9787,1
1132474412799140456,0.4787,2
1132476559118990870,0.06423333333333332,3
1132479114419039467,0.5809000000000001,3
1132489829573334014,0.6919375,8
1132514255109721874,-0.7906,1
1132526888427462551,0.57465,2
1132531531137545545,0.4604222222222222,9
1132534545365420803,0.9869,1
1132591879952986276,-0.7783,1
1132641790509570618,0.8570285714285715,7
1132714428497711924,0.7655000000000001,7
1132724431220702477,0.231075,12
1132751822981724468,0.6114,1
1132819088661527029,0.6249,1
1133007334118113321,0.0,1
1133014216395212188,0.5423,1
1133027448063307383,0.7317166666666667,6
1133066987615084604,0.3699,1
1133072744121472775,0.8393,1
1133099733204341941,0.9468,1
1133109148873491208,0.9211,3
1133130215558033795,0.62085,10
1133144740505498160,0.164925,4
1133190502431240243,0.9571,1
1133201974372975848,0.9704,1
1133214272828263711,-0.09809999999999999,2
1133216799539231787,0.9312,1
1133220225266005104,0.8526999999999999,7
1133306016627993556,0.7862,2
1133403259761524328,0.8957,1
1133449654223544103,0.7456625,8
1133458779507596087,0.446,2
1133473235929678944,0.9251,1
1133491448282476658,0.1763,9
1133497484306725477,0.0,1
1133542788378564308,0.18164,10
1133554855909106787,0.45370000000000005,11
1133871930625013730,0.2997,2
1133875523545743245,0.7067,1
1133875874384627596,0.85145,2
1134068907255727641,0.9330999999999999,3
1134146904182898505,0.94635,2
1134180530010691265,0.887725,4
1134189457422925217,0.25975,4
1134542752378986554,0.44046666666666673,3
1134545249564362972,0.1054666666666667,3
1134573695355740416,0.8430857142857143,7
1134600793081902328,0.62565,4
1134605611105231938,0.5359,7
1134619855456123522,0.418,2
1134700689408776287,-0.8316,1
1134730906943206873,0.6526,2
1134807753623577697,0.4607,2
1134808057086912583,0.91245,2
1134852333471640679,0.8973999999999999,3
1134911275973389408,0.9523,1
1134978874798861161,0.6808,1
1135225486963818715,0.8273333333333334,6
1135234236762787595,0.855,2
1135241177066608479,0.9707666666666667,3
1135246092794175239,0.48650000000000004,5
1135262616550724163,0.7182999999999999,5
1135263764005054135,0.8687,1
1135269189078206545,0.5819666666666666,3
1135296577945443521,0.967,1
1135298809580592449,0.5707,1
1135307163771822225,0.7015857142857144,7
1135324533236443830,0.4158,2
1135368156141846247,0.8666333333333333,3
1135373877175125279,0.9234,2
1135386580760596446,0.14275,2
1135402876883680425,0.7317199999999999,5
1135463132425114012,0.493725,4
1135464117651638844,0.9908,1
1135479518604947688,0.499,2
1135488917540896516,0.0,1
1135508703736464975,0.9834,1
1135519150091740656,0.6458333333333334,3
1135553120681267774,0.78366,5
1135620720647615871,0.94505,4
1135706171066404107,0.4753,1
1135941005022049681,0.9131,4
1135943515778426295,0.8279,7
1136015006311185760,0.9632,1
1136018738590623176,0.986,1
1136024803915208485,0.8371,1
1136026590925195384,0.6461142857142858,7
1136047148776912194,0.9375,2
1136062523592698845,0.8629666666666665,3
1136063304853337506,0.7965500000000001,2
1136136419537839090,0.78865,10
1136149347566675517,0.6306,1
1136161639004615777,0.9225,3
1136168725262279403,0.6997,1
1136172812202647120,0.8687,1
1136190845557967006,0.79635,2
1136206892752727033,0.73524,5
1136218872583876119,0.963,1
1136261169276275986,0.7926875,8
1136273599762996672,0.0,2
1136274314073346784,0.9884,1
1136291041288407822,0.9117,1
1136301296452358114,0.9435666666666668,3
1136380679014004046,0.7188,10
1136497630564608046,0.8938,3
1136638641001338835,0.8278428571428572,14
1136667821742907196,0.7883,2
1136715259668263930,0.836,1
1136718534611373226,0.3021076923076923,13
1136722744687377090,0.79265,4
1136752000306509250,0.5574,1
1136764783311344537,-0.5255,1
1136830965169283436,0.98515,2
1136835488161125740,-0.2695,1
1136869675283192751,0.9418,1
1136876260187230221,0.7841,1
1136926005326978264,0.9881,1
1136983273599721958,0.5835,3
1137006036106109328,0.593,4
1137040755116490308,0.0,1
1137069382732969094,0.83492,5
1137467702291763961,0.0,1
1137534617151076544,0.44320000000000004,3
1137565024898186840,0.8569249999999999,4
1137580531344640185,0.4636,2
1137584320956780086,0.8979,1
1137608286485798935,0.88066,5
1137608315246370940,0.0,1
1137608546172374284,0.87685,2
1137608626542223123,0.9020666666666667,3
1137625413529374773,0.4839,2
1137629838395842332,0.5265,9
1137642098733737618,0.1292,2
1137759853795551414,0.7962333333333333,6
1137798505143159644,0.48168125,16
1137800862805690585,0.4240769230769231,13
1137877491257272303,0.7425,1
1138136703307643149,0.9764,1
1138156357264858264,0.4813,7
1138170589221647839,0.6228454545454546,11
1138205619285062967,0.6482285714285715,7
1138243041909041348,0.9759,1
1138250318757709264,0.6221666666666666,3
1138255475892760607,0.9153,1
1138263523505075841,-0.296,1
1138271054530965604,0.5974,6
1138410446629913675,0.28935,12
1138442069758173463,0.7089,1
1138448815201160892,0.6942578947368421,19
1138457770572421813,0.06674999999999998,2
1138547143993976121,0.6918142857142857,14
1138779418951216358,0.70138,5
1138869275822902040,0.36985714285714283,14
1138914007459832607,0.4452,2
1139028980631444619,0.9607,6
1139103084749686753,0.68615,2
1139110950816700982,0.9223,3
1139177430564052127,0.9665,1
1139191496796701009,0.23963333333333334,3
1139245623228717646,0.66296,5
1139296165352711174,0.31245,2
1139320436091640781,0.13005,2
1139334965350885991,0.9741,1
1139481263367086232,0.8689,1
1139556225781686867,0.39885,2
1139629007196117741,0.39788333333333337,12
1139683323949770157,0.15395,4
1139685987182660620,0.3823857142857143,7
1139838913764923204,0.96175,4
1139879230272813091,0.4872,2
1139888902061183190,0.8099625,16
1139938680002927255,0.977,2
1139983074744494424,0.6821,14
1140017818653580757,0.21189999999999998,5
1140090953084756117,0.8778,2
1140333705213323474,0.9814,1
1140353210071360181,0.6744,4
1140424127592219410,0.9756,1
1140472112644185655,0.44895,2
1140530890055768062,0.9626,1
1140539302654654650,0.967,3
1140600656358330405,0.9572,2
1140621676260855122,0.8176,1
1140645565950948938,0.98,1
1140691421953779806,0.9599,1
1140727383993926786,0.7514500000000001,6
1140736144591330663,0.9269,1
1140774934665708373,0.5179333333333334,6
1141008451057680670,0.5106,1
1141122383275689101,0.650575,4
1141126771355123894,0.8100666666666667,3
1141130463019990770,0.93655,2
1141146313510237512,0.77816,5
1141156287371677947,0.0,1
1141161932709848628,0.8027333333333333,3
1141170380998946105,0.30960000000000004,2
1141172626749007405,0.90325,2
1141179772822560983,0.397775,4
1141183357834759196,0.7964,1
1141212100908044906,0.9712,3
1141213282759962482,0.30952,5
1141213357670485929,0.83175,2
1141273776198645428,0.505875,4
1141280978575421446,0.542475,4
1141281903679853551,0.0,1
1141305605228820534,0.0,1
1141309007226296734,0.765,1
1141314123336762176,0.9464600000000001,5
1141459218256447616,0.831,1
1141504630248549111,0.4227666666666667,6
1141516165692741726,0.0,2
1141765276493975344,0.7384272727272727,11
1141815307434175205,0.87482,5
1141910441434413603,0.8266,3
1141942312136718547,0.0,1
1141955604674334524,0.8732800000000001,5
1141992943602903270,0.25402500000000006,4
1141995740973852336,0.46043823529411765,34
1141997964162385135,0.1664,3
1142011695344898235,0.11315,2
1142039989657196996,0.8353,1
1142117417081231757,0.7579,1
1142127409576628021,0.0,1
1142164258754073256,0.04769999999999999,4
1142168552321094042,0.8492999999999999,2
1142262214444950791,0.5434666666666667,3
1142308828140530064,-0.1095,6
1142472996235766175,0.33525,2
1142490748433788028,0.961,2
1142532169501654019,0.787,1
1142562694794275444,0.071075,4
1142583370349768816,0.90206,5
1142583999322624745,0.5211571428571429,7
1142613864663775075,0.9000499999999999,6
1142679122949147628,0.9557,1
1142696722359674758,0.9810666666666666,3
1142704890476115105,0.9234666666666667,3
1142717010762636587,-0.05828000000000002,5
1142722903681455655,0.920675,4
1142729473639529861,0.659611111111111,9
1142759006648636162,0.4199,1
1142781928769235692,0.5931111111111111,9
1142809018630442886,0.9499,2
1142809362929547456,0.2474666666666667,3
1142884522480494923,0.25655,4
1142907280999864652,0.0,1
1143027473877032374,0.17893333333333336,3
1143153239819644823,0.56316,5
1143230147301069692,-0.0031999999999999806,2
1143268997731392187,0.8834500000000001,2
1143271171683399505,0.7354666666666666,3
1143287274655004144,0.964,1
1143333909275349319,0.8934,1
1143350848068326417,0.88715,2
1143363928895506165,-0.9776,1
1143420795191455850,0.7000500000000001,2
1143424242170364959,0.7354142857142857,7
1143434912373889764,0.9819,1
1143443576649686498,0.6699999999999999,3
1143474822970188019,0.9134,1
1143481958161078616,0.8903,1
1143529602334963055,0.3835,3
1143576987617896414,-0.128,1
1143602553026646185,0.7502,2
1143672219747085761,0.304292,25
1143698542231544905,0.8649444444444444,9
1143720389331404024,0.5719,1
1143975014988533517,0.0,1
1143980393314274562,-0.045100000000000015,5
1143986049296044297,0.38915,2
1144080074814759679,0.9727,1
1144144619547282014,0.915025,4
1144206397720149737,0.5041857142857143,7
1144206995247708895,0.47609999999999997,4
1144276701085092540,0.9568999999999999,5
1144318325752415060,0.90795,2
1144357397577113536,0.29935555555555554,9
1144692163821936146,0.04831428571428571,7
1144709132459454264,0.9559,1
1144763946490681178,0.7952,4
1144779072863312361,0.9741,1
1144835524779568603,0.94685,2
1144849929071469404,0.9654,2
1144853764323153888,0.9175,1
1144859239547757474,0.6747666666666667,3
1144924079930906635,0.8481,1
1144946218678938735,0.8225,1
1144993626047100835,0.77415,6
1145185777503002382,0.6486,1
1145405820827343934,0.05885000000000001,2
1145434157912890856,0.5983,1
1145441552537635146,0.950825,4
1145442702091224286,0.7599,5
1145457529279561857,0.7012499999999999,2
1145459588455372082,0.9098,1
1145469519592141696,0.8012,1
1145515334738993670,0.4725,5
1145562219497412548,0.47255,2
1145568806060221877,0.7074,4
1145607113348369185,0.33352499999999996,4
1145618206807541323,0.4065,2
1145627079299988246,0.41913333333333336,3
1145633485601189454,0.17168,5
1145645970183806397,0.97595,2
1145824052968551527,0.6973583333333333,12
1145858582071133870,0.6408333333333333,6
1145874602749902716,0.5155307692307692,13
1146178042225211778,0.42905,2
1146242924799848190,0.60095,2
1146243452690160824,0.8453,1
1146246149011041543,0.58335,2
1146291036085239672,0.9371,1
1146320479176954922,0.7249666666666666,3
1146325305351466591,0.3182,1
1146339167736453309,0.9375666666666667,3
1146383593386975084,0.4498,2
1146390526587817206,0.715225,4
1146404726809486336,0.7345571428571428,7
1146412423743825165,0.5313083333333333,36
1146466330727413141,0.5391199999999999,5
1146487392722986458,-0.8957,1
1146536182119845198,0.9665,1
1146552518646225669,0.9796,1
1146859483961957514,0.1901,1
1146893118879610853,0.9343999999999999,5
1146933932539781711,0.7644,1
1146943619603040477,0.8390777777777778,9
1146983343829082569,0.8126,1
1146983494601426511,0.90835,2
1147034732198387162,0.40008333333333335,12
1147046311055656693,0.6588,1
1147048751126944884,0.8619,1
1147062585193077378,0.9022,1
1147073317547773287,0.97675,2
1147073358914047273,0.8777,1
1147110409526283198,0.97045,2
1147110911224822312,0.28290000000000004,4
1147159069550654895,0.49235,2
1147165175468211054,0.886275,4
1147242309583744481,0.8834799999999999,5
1147257139747312684,0.44295,6
1147285513936102551,0.36195,4
1147323732633680366,0.7228,4
1147494551239320021,0.6000142857142857,7
1147561420069985649,0.970975,4
1147603913542039130,0.9807,1
1147614181905383845,0.1806,2
1147619689292361499,-0.2003,1
1147653914888630835,0.49728666666666665,15
1147707425911927729,0.65812,5
1147741360213283835,0.4215,2
1147851633548718678,0.8658,1
1147941513022290312,0.5118199999999999,5
1147951015984736819,0.4821,2
1147999233582257724,0.28654999999999997,4
1148063204921766890,0.7949999999999999,3
1148163422692567166,-0.15039999999999998,2
1148279774685855640,0.34,1
1148292046594385238,0.9133500000000001,2
1148340682229170022,0.46934,5
1148347145479208987,0.5533,8
1148405099729098538,0.0322,2
1148484410342994970,0.8797,1
1148496373242097476,0.027449999999999974,2
1148521544774300052,0.3509,4
1148557499848089148,0.964,2
1148562284561917768,0.33396,5
1148571431678601236,0.62648,5
1148670682804567960,0.35248,5
1148775581022281534,0.7959,1
1148784151611106843,0.9739,1
1149246046879052396,0.8024,2
1149257156518760253,0.09796666666666669,3
1149265592785824553,0.8256,2
1149315732704713802,0.8305,2
1149330927224139035,0.0,1
1149504728529591005,-0.4013,1
1149533113579468313,0.5587,5
1149659631161128274,0.9887,1
1149773557008275426,0.9726,1
1149876143219198995,0.69445,2
1149887451975175331,0.72664,5
1150027432035786721,0.6607,3
1150074273710134595,0.39596,5
1150075649243981399,0.9595,1
1150099294842495569,0.6560833333333334,12
1150465648203409519,0.036849999999999994,2
1150466023672969804,0.6114,1
1150503767511321958,0.948325,4
1150573458733269667,0.92025,2
1150578824564926554,0.6594333333333333,6
1150580397616191442,0.30256,5
1150610392162793920,0.007522222222222232,9
1150682084996910484,0.6865461538461539,13
1150695076840790282,0.5197411764705882,17
1150695306857309547,0.41468,15
1150697615656608558,0.92135,2
1150713719685348058,0.7783,1
1150773787397179397,0.6811,5
1150800260559824600,0.86135,12
1150821929578256757,0.8974,1
1150837097364429336,0.4806571428571429,7
1150898768429788173,0.68312,10
1150937263389013212,0.30119999999999997,3
1150996230909022602,0.938025,4
1150998078931160302,0.9506,1
1151138866222091095,0.71334,5
1151191851091181007,0.9772,1
1151224418179557076,0.8885,1
1151242017871571898,0.9761,1
1151256664115735732,0.821875,4
1151258634739526925,0.4373666666666667,3
1151270477572933302,0.73234,5
1151282583313194701,0.5719,1
1151301638537433205,0.6815928571428571,14
1151313002833869078,0.9577,1
1151314515589658109,0.9203,2
1151398049503546705,0.3396333333333333,3
1151398613636346387,0.892,1
1151431033697195050,0.6249,1
1151460194429574898,0.9458,1
1151478726641530171,0.3899333333333333,3
1151507087214606719,0.7841,1
1151508031938982465,0.64185,4
1151536603320494384,0.9149,1
1151600322098704601,0.3507727272727273,11
1151605155152054892,0.2918857142857143,7
1151658150838505624,0.6753,15
1151727983010194658,0.0,1
1151902621718071953,0.9269499999999999,2
1151947893918275932,0.8406333333333333,3
1151947995900834749,0.39063333333333333,3
1151956245653484539,0.7482000000000001,3
1151996861487851340,0.0,1
1151999653472894046,0.9558500000000001,4
1152027032537943268,0.9671,1
1152036022770928006,0.935675,4
1152036717134658299,0.9196,3
1152069646309724166,0.0,1
1152071333818353510,0.7504,3
1152134578928492386,0.5232,2
1152146224912598107,0.9077,1
1152147764586788288,0.77025,8
1152159303536082074,0.82405,2
1152166195246849927,0.78445,2
1152172378437021411,0.8655,1
1152214076217351767,0.8643666666666667,12
1152295712965897031,0.5606,2
1152617167060648321,0.9360999999999999,2
1152657993467165899,0.49623333333333336,3
1152680701578513922,0.685175,4
1152681905308811279,0.9615,1
1152693745608765125,0.8327,1
1152729727150091647,0.9567,2
1152740802768670776,0.9299,1
1152756790632533334,0.9011,1
1152792853469317698,0.9491999999999999,6
1152831867234854710,0.8041571428571429,7
1152837682966904097,0.76,10
1152845012976379499,0.939,1
1152853128078703035,0.7791571428571429,7
1152871001502412844,0.9053125,8
1152996795217799413,-0.318,2
1153011163137577321,0.975,1
1153019141829081495,0.88125,2
1153055500180317765,0.16443750000000001,16
1153202589977727879,0.8478,1
1153362303694746180,0.8851,9
1153371264414274902,0.8648,1
1153433102540657099,0.45286,5
1153458998027662841,0.8983,2
1153528513972885817,0.9272,1
1153531595669021356,0.7847,1
1153540370747058542,0.4827142857142857,7
1153540486370189169,0.7107,5
1153541262287529082,0.8048,4
1153542463728285895,0.0,1
1153561186053517948,0.74623,10
1153576359402021685,0.28945,2
1153599433706152984,0.2023,1
1153600137748425021,0.47795,2
1153649967600272030,0.6925285714285714,7
1153723549200330820,0.9146000000000001,5
1153834964394112745,0.7909,3
1154066336318707256,0.5477333333333333,3
1154078571600501132,0.10124999999999999,4
1154079736140659902,0.9226,1
1154081752026918781,0.45408,5
1154112364015943478,0.11633333333333334,6
1154151798267818549,0.8686333333333334,3
1154152577563934165,0.9944,1
1154153173943223711,-0.9803,1
1154169912497738061,-0.5994,1
1154196820259987478,0.7407,3
1154250694426579310,0.868,4
1154377298597171376,0.9441857142857143,7
1154419770328622084,0.9721,1
1154509025835388096,0.45960625,16
1154678273369376011,0.36660000000000004,3
1154988824926653521,0.8913,2
1154999214387702527,0.8814500000000001,4
1155019099428219471,0.7108000000000001,10
1155048333667388815,0.1748,1
1155051434403200846,0.18295,2
1155101289315651486,0.8417666666666667,3
1155107414070735627,0.0,2
1155129282375766287,0.78055,2
1155219487478806742,0.6329909090909092,11
1155223724094983252,0.7471000000000001,2
1155231367582557424,0.370925,4
1155514788207825008,0.8858,4
1155552941716792552,0.9558,1
1155557802483397321,0.9915,1
1155579796438271627,0.8727,2
1155602896592489702,0.6982714285714285,7
1155611531810556055,0.784,1
1155621284680730198,0.7403625,8
1155634777906799551,0.9765999999999999,2
1155679705653523299,0.8564,2
1155684151259775947,0.7716000000000001,2
1155687637016939479,0.7141166666666666,6
1155724708159581023,0.7277571428571428,7
1155729649166189651,0.977,1
1155745153445380065,0.9756,1
1155747536156550453,0.8626142857142858,7
1155756312192089751,0.47279,10
1155770105901210899,0.0,1
1155793494966081174,0.9489000000000001,2
1155793893770089798,0.9508,1
1155975706648986299,0.9312,1
1156005797804289256,0.9707,1
1156088491129978284,0.9243,2
1156102972114560782,0.8889,3
1156275485558212733,0.47335,2
1156277321319489445,0.8943,4
1156288676113208075,0.9933,1
1156297711788998044,0.5994,1
1156322089411660851,0.508,1
1156325603277609016,0.6239,3
1156347912972455141,0.9252,2
1156374746271611277,0.7738400000000001,5
1156427959932309380,0.4288,1
1156438852602285133,0.7885,2
1156444925393118311,0.862,1
1156537314482407091,0.80845,2
1156625872345227406,0.6588,1
1156636501619668892,0.9359,1
1156705666855547975,0.77795,2
1156799724072650921,0.9217666666666666,15
1156995667163673325,0.5495833333333334,6
1157004177508333250,0.8655999999999999,2
1157010434234671530,0.0,2
1157035918574473062,0.7727777777777778,9
1157036046955556024,0.9667,1
1157070772177223621,0.8834,1
1157080617953054489,-0.174,2
1157097026629742884,0.45703333333333335,3
1157122025882018239,0.9798,1
1157160842957577190,0.5384875,8
1157170014838776222,0.39724,5
1157177202453064079,0.9586,1
1157212838011045244,0.4404,1
1157214745391414360,0.9339500000000001,2
1157237625989523977,-0.9764,1
1157333984945909699,0.7285666666666666,3
1157342766214917375,0.9162,1
1157417235178843913,0.43649999999999994,6
1157463908949108447,0.43506666666666666,6
1157739916703839425,0.9566,2
1157761897703345795,0.94835,4
1157810764033943997,0.0,1
1157868786311666531,0.8834,1
1157870378373804921,0.9272666666666667,3
1157881405040828415,0.15815,2
1157897600238854257,0.6249,1
1157924711059078762,0.5719,1
1157936744290865263,0.04772500000000002,4
1157948080169887351,0.0,1
1158056630734564953,0.87734,5
1158067860781713948,0.7605,3
1158142457257108040,0.689025,4
1158160855067076195,0.7701,2
1158165053921546105,-0.4767,1
1158312437000455712,0.78854,5
1158414901990530807,0.0,1
1158500911748103677,0.5035499999999999,2
1158514301371753415,0.66967,10
1158542128739407775,0.836,1
1158550499507417627,0.48135,2
1158577142531993452,0.633,2
1158583655679435116,0.0,1
1158665733691644294,0.41105,2
1158687549844256835,0.2642,11
1158699275126667158,0.67382,5
1158701551357399483,0.4386,7
1158747258616916034,-0.09953333333333335,3
1158754083345880975,0.34,1
1158757828549507284,0.9501,1
1158834361026860368,0.0,1
1158840555942382685,0.9816,1
1158848801245744132,0.9577,1
1158919759497519901,0.228875,4
1159075081835465287,0.6545,2
1159146899153068328,0.9153,2
1159159186377976459,0.98,1
1159171442122285923,0.21139999999999998,2
1159181665681620006,0.78205,2
1159236436575710133,0.938,1
1159262202001596386,0.6004833333333334,6
1159263266619437030,0.7731714285714286,7
1159292107184126805,0.9646,1
1159315593478250475,0.60145,4
1159373614636261715,0.9922500000000001,2
1159396264735365395,0.9689,2
1159419404034571174,0.82935,2
1159429216000271252,0.969,1
1159449578232650193,0.956125,4
1159483912225478796,0.9689,1
1159915905276842600,0.8800000000000001,5
1159950643205031758,0.8834,1
1159986496931887446,0.9892,1
1160029125633871991,0.93255,2
1160107249324053679,0.5814333333333334,3
1160178267840184250,0.9676,1
1160193756675264261,0.3390857142857143,7
1160197241564269838,0.9753,1
1160198073432561200,0.9358,2
1160207956346230998,0.96,1
1160309515350379042,0.975,1
1160314892533261296,0.7783,1
1160379544008674142,0.86635,2
1160574246383827430,0.0,1
1160605804912399552,0.9241333333333334,3
1160675337960527052,0.5592058823529411,17
1160716524466148234,0.389475,4
1160757400420668620,0.8421125,8
1160806054634133217,0.8011,1
1160811160467529809,0.77995,2
1160814847995831119,0.5132285714285715,7
1160815149889169384,0.8756999999999999,5
1160817106700377601,0.7057428571428571,7
1160834898934222145,0.8147,4
1160837585274311476,0.7109076923076922,13
1160839100930760541,0.9225,1
1160920731874237416,0.8885,1
1160963717160267628,0.4588,1
1161025245131630389,0.96375,2
1161053787832349048,0.6963454545454545,11
1161327911353387716,0.318,2
1161345712223328774,0.6558666666666667,12
1161354550319968155,0.9358500000000001,2
1161358669159912804,0.9898,1
1161362497955822620,0.4454,2
1161369116110607157,0.31020000000000003,5
1161375000906872058,0.5909428571428571,7
1161403441357077233,0.8937999999999999,2
1161442286023813483,0.9417500000000001,2
1161443785510096626,0.58002,5
1161495576758571862,0.765,1
1161511139686818550,0.98055,2
1161514481148933933,0.9022,1
1161514829484136509,0.56204,5
1161521716697777955,0.7200875,8
1161596034420553030,0.34536666666666666,3
1161602415831595661,0.6089399999999999,5
1161609352106143932,0.9083583333333333,12
1161620398502968388,-0.5267,1
1161628576867310037,0.8433,1
1161649264569194175,-0.026079999999999996,15
1161704121609518260,0.0,1
1161812663719599714,0.873,1
1161817210426480457,0.8854,1
1162040292034077252,0.2890333333333333,3
1162078295163901797,0.0,1
1162079138285367332,0.723275,4
1162108599351379100,0.70468,20
1162142003965963825,0.28288,5
1162157646844839471,0.212,3
1162206308136231647,0.5918125,8
1162209213022619425,0.9022,1
1162213182305673738,0.6428521739130435,23
1162214982831669658,0.49093749999999997,8
1162217707136160924,0.8266,1
1162223329709898750,0.9712999999999999,3
1162240172873107149,-0.8854,1
1162346869881326179,0.28595,2
1162349703390700130,0.7817227272727273,22
1162352106652703513,0.7630666666666667,3
1162357362109061855,0.8218,4
1162372588361448955,0.57775,8
1162379781617170211,0.9742999999999999,2
1162410273074096565,0.77432,10
1162443479701396203,0.4008,2
1162445639629504962,-0.12225000000000003,2
1162523600283253271,0.8789,2
1162524330710961440,0.5219,9
1162710298320242526,0.9866,1
1162779452853388119,0.9871,1
1162803599626519968,0.231225,4
1162807598061335151,0.7781142857142856,7
1162821994607001187,0.7571,1
1162822145560107231,0.589925,4
1162824751800511584,0.22830000000000003,5
1162827426319618819,0.7811571428571428,7
1162828575558179012,0.24447999999999998,5
1162833311988934252,0.4178,2
1162838694587941547,0.4279,2
1162838795328681127,0.24695,2
1162875786449367409,0.3106,4
1162935476314571768,0.6829111111111111,9
1162941619685438122,0.7424,1
1162941960791405227,0.8573,1
1162942071647570803,0.9410499999999999,2
1162942416852926566,0.6562,2
1162975441157910343,0.728375,4
1163004874250188321,0.8442,1
1163013470261477387,0.691392,25
1163014061696745157,0.9678,1
1163166205632443532,0.86205,2
1163253582407038218,0.948,2
1163513830583655180,0.7479875,8
1163551329217980693,0.7794,2
1163598446035056540,0.957525,4
1163614957039207094,0.4245333333333334,9
1163624776484233530,-0.5574,1
1163694799405600861,0.11937500000000001,4
1163715624992349168,0.4201,2
1163717430820131216,-0.16485,2
1163821680884922082,0.9091,2
1163913618550396031,0.8832,1
1163924332606476193,0.9656,2
1164207480095130854,0.43167999999999995,5
1164253610548418309,0.4215,3
1164254997989750708,0.382375,4
1164267105506346833,0.9134,1
1164354118756915575,0.785,6
1164362371552741658,0.9720333333333334,3
1164402018305510476,0.8519,1
1164414421984500076,0.0,1
1164536115105517645,0.48055,2
1164536619408839191,0.35287,10
1164543381092233453,0.9136,1
1164543619764489386,0.8355125,8
1164613568265597812,0.9684999999999999,2
1164663722294407313,0.7237333333333332,3
1164675022260053066,0.5618571428571428,7
1164707317294854602,0.6249,1
1165010346598912414,0.8669888888888889,9
1165024687331432266,0.53224,5
1165060225044339045,-0.12615,2
1165078978600723067,0.45055,2
1165196818518079704,0.6964857142857143,7
1165217511289016951,0.19115714285714283,7
1165223378400833054,0.7394,4
1165251980041340871,0.927,1
1165255745955074751,0.27503333333333335,3
1165278912403987569,0.771,1
1165281518524996024,0.9057,1
1165303679288557898,0.5988272727272727,11
1165338926425351719,0.0,1
1165390715839982243,0.8638,2
1165719843393058533,0.1543,2
1165776874486903620,0.5905,2
1165777923379614944,0.59255,2
1165812516463748280,0.9773499999999999,2
1165824000859326048,-0.2155,2
1165836216278283357,0.93275,2
1165883424811742813,0.0,1
1165932646331637174,0.7579,1
1165935358723169079,0.9422,1
1166024481981054070,0.58175,2
1166336635799359745,0.83405,2
1166422732926214677,0.9453,1
1166454109115547695,0.7964,1
1166455030126925485,0.9117000000000001,3
1166525087968996777,-0.5267,2
1166530445950318829,0.567275,4
1166542697854124866,0.55145,4
1166607890768479808,0.6849666666666666,3
1166622503296193358,-0.1117,5
1166634009963888984,0.4959857142857143,7
1166634232021325838,0.34,1
1166651710159076744,0.29295,2
1166696945939125438,0.35558333333333336,6
1166746810922832073,0.8462666666666667,3
1166782565483011285,0.9124333333333333,3
1166821073030080296,-0.75,1
1166821720457787926,0.9515,1
1166829160032745188,0.0258,1
1166904634045904166,0.92085,2
1167128818114303342,0.9371,1
1167136185806218850,0.5276333333333333,3
1167175647437804362,0.46745,2
1167221610189476148,0.44175000000000003,6
1167227557151991701,0.9531,1
1167242230345250127,0.7792333333333333,9
1167243451387401458,0.349375,4
1167243453081313467,0.24115,2
1167243624758342435,0.15368749999999998,8
1167284255112965727,0.8503,1
1167285397744082401,0.7349142857142857,14
1167325405181868501,0.5523428571428571,21
1167356323234458563,0.6147333333333332,6
1167414321858279610,0.7033666666666667,3
1167418435697523839,0.807,1
1167485342918742757,0.6956249999999999,4
1167496903230323787,0.78095,2
1167543995021332342,0.8093,2
1167549930038679584,0.9062,1
1167766817635263621,0.8807,1
1167841372383229185,0.93285,2
1167881684762079868,0.9851,1
1167962049198810599,0.8832,2
1167963085784098947,0.6196285714285714,7
1167966997439302011,0.8176,1
1167986137287116232,0.4033333333333333,3
1167990577850449750,0.7727,6
1168007846101502342,0.0,2
1168101915649726559,0.91984,5
1168126878807718261,0.7813,4
1168131964028228493,0.40525,2
1168152265702072667,0.8908,1
1168231337691746180,0.9421,1
1168233603363104279,0.4945,2
1168610532752794976,0.74395,8
1168622962094515992,-0.1143,1
1168627194229149754,0.60522,5
1168689276486825133,-0.5994,1
1168693432971157206,0.4476,4
1168738458860554438,0.9879,1
1168773825267479713,0.53865,8
1168780766515933299,0.8269,2
1168822150840631895,0.4221,2
1168822716230870894,-0.296,1
1168855034724466570,-0.2294,2
1168858826405177752,0.42278000000000004,5
1168859659312029434,0.6299333333333333,3
1168869249150677682,0.5719,1
1168985439625867974,0.7222333333333334,3
1168997235200823160,0.5972625,8
1169072075656845493,0.8543000000000001,2
1169337567153278522,0.9210375,8
1169353703753529264,0.5080166666666667,6
1169355882563555937,0.0,1
1169370228256342824,0.765,1
1169437469322291521,0.6262333333333333,3
1169504301056350532,0.7845,1
1169548984442372834,0.663725,4
1169610437079272733,0.9110499999999999,2
1169707180044866296,0.6695733333333334,15
1169779123144094007,0.8950999999999999,3
1169926564227223486,0.8845999999999999,3
1169946515307637432,0.9866,1
1170163144550740101,0.27240000000000003,3
1170210910930470300,0.60775,2
1170233044991643003,0.6332,10
1170234975129016542,0.9379,1
1170270683401855506,0.9754,1
1170284684912341669,0.4738,1
1170287136019574722,-0.9739,1
1170321924800644686,0.69785,4
1170331316654676696,0.9557,1
1170439428045624998,0.461775,4
1170456650516706619,0.9784,3
1170502208638759928,0.772775,4
1170768699622027356,0.9628,1
1170769218980002901,0.9493,1
1170781003524818807,0.8588,1
1170842523311212594,0.848625,4
1170910089638926137,0.8934,2
1170926338223614161,0.8476,1
1170930715311663272,0.9041,1
1170932624940711974,0.0,1
1170981864992719946,0.51291,10
1170983676918383103,0.6249,1
1170993061281465229,0.0,1
1171005180105313887,0.48078333333333334,12
1171013631637892976,0.7935,1
1171037862684642296,0.9911,1
1171066893663647132,0.9422,1
1171089087301686162,0.8832,1
1171099336034417236,0.8501857142857142,7
1171126042805048961,0.8033222222222222,9
1171141077081104969,0.8538,5
1171468510356424780,0.2760888888888889,9
1171511597617203599,0.0,1
1171520728189082581,0.9376,4
1171564888444392250,0.83745,2
1171581868597119857,0.8825,3
1171601956866205460,0.7476857142857142,7
1171604890999957270,0.9493,1
1171625592435673597,0.9538,1
1171693609901426587,-0.984,1
1171770515039559428,0.0,1
1171781874006957671,0.86622,10
1171820482013323677,0.8237153846153846,13
1171853705583771514,0.75976,5
1171858781003700529,0.8854,1
1171867059943375465,0.9042,1
1171883158104384644,0.6058166666666667,6
1171904393860446078,0.5094642857142857,14
1171913851770253620,0.2768285714285714,7
1172237798788620003,0.4767666666666667,3
1172240272793231053,0.0,1
1172263240249463150,0.87835,2
1172294861787558797,0.7802777777777777,18
1172337913129540598,0.9155500000000001,2
1172343997989625678,-0.064,2
1172377366268118826,0.693288888888889,9
1172381971343826540,0.9815,1
1172393082722942731,0.79115,2
1172404558750121840,0.9472,1
1172411610620123756,0.9843500000000001,2
1172427861083103108,0.58814,10
1172487392262113835,0.83415,2
1172506451963551780,0.79215,2
1172535937617017762,0.7527,2
1172537145507133780,0.42164999999999997,4
1172568364983795586,0.9153,1
1172591568437195935,0.49212000000000006,5
1172609504509370574,0.8481,1
1172610164142256817,0.8205600000000001,5
1172684938088231547,0.92625,4
1172928126228446963,0.7791,11
1172949513575380406,0.9826,1
1172980761940804087,0.941525,12
1173014944945574607,0.46638888888888885,9
1173017699828896368,0.9183,3
1173030972762282078,0.7708185185185186,27
1173037189153984194,0.9124749999999999,4
1173041265531402396,0.6064428571428572,7
1173058094554808393,0.461925,8
1173071010838833365,0.0,1
1173073396237354533,0.5328769230769231,13
1173103342384553696,0.4404,1
1173121432312370538,0.0,2
1173125755521658759,0.9701,1
1173147307627040032,0.7339,1
1173184173207564075,0.176325,16
1173187354463848968,0.0,1
1173205520805186556,0.6610833333333334,6
1173212826852322116,0.6127,6
1173240460962290602,0.489,2
1173262543439228469,0.6115,1
1173294352792410860,0.5842285714285714,7
1173304524011100635,0.7313000000000001,4
1173353039499062856,0.46795,2
1173397685705518982,0.699175,4
1173572303684450276,0.07719999999999999,2
1173639750791693796,0.43102,5
1173645012971540889,0.7579,1
1173682204039131463,0.72435,2
1173696037422818094,0.77485,10
1173746455554024844,0.77585,4
1173760092533606665,0.968,1
1173760191899622806,0.7500333333333332,3
1173761532114068627,0.3828666666666667,6
1173778160790004422,0.63594,5
1173807887251550989,0.4744,4
1173812692465408966,0.5390055555555555,18
1173816343267184262,0.6249,1
1173816620207232512,0.25565,2
1173817458872246465,0.802,1
1173842914849974842,0.9235,7
1173853679646460433,0.15341666666666667,6
1173854221243031317,0.6486,1
1173924387778793965,0.83465,2
1173932491194631785,0.8050625,8
1173949293161621839,0.8231999999999999,5
1173980573517685658,0.4404,1
1173995811693739907,0.49285,2
1174004672063616783,0.8693,1
1174025747883534181,0.7211272727272727,11
1174037137394951100,0.0,1
1174062715401815303,0.17313333333333333,3
1174416403509531139,0.74545,2
1174433346460859497,0.9168,1
1174438933133667523,0.2592333333333333,3
1174461753853370517,0.5579,3
1174505744899635392,0.5863222222222223,18
1174525097056168216,0.6910000000000001,2
1174562027678586720,0.7906,1
1174564290821027031,0.7210333333333333,3
1174573826088174571,-0.43003333333333327,3
1174579939631116170,0.9515,1
1174584123615213767,0.7950666666666667,3
1174592081637348451,0.8267,2
1174684921441861749,0.8263,4
1174718091555961993,0.5459588235294117,17
1174733210684031420,0.4463222222222222,9
1174735885272730826,0.6696,1
1174736678468455429,0.6597,1
1174737363475529937,0.29011666666666663,12
1174763179817876005,0.30274285714285715,7
1174767200706526101,0.0,1
1174823599136788765,0.619475,4
1174837336705467066,0.5438833333333334,6
1174892543333574445,0.15519999999999998,3
1174922517961382132,0.398575,4
1175088232509728581,0.4977375,8
1175095157966650450,0.9782,1
1175145773759580341,0.85695,8
1175168978059098918,0.63945,12
1175182248164032586,0.89946,5
1175366252767324623,0.7573384615384615,13
1175386681168154520,0.91125,6
1175437199307121273,0.9026000000000001,2
1175488909619407135,0.861575,4
1175529262517088730,0.6930000000000001,3
1175554314448641106,0.7184,1
1175818355940332520,0.936,1
1175856363933300817,0.5456833333333333,6
1175867862714345407,0.9372444444444444,9
1175873758021922319,0.9627,1
1175878224796130441,0.9019999999999999,5
1175890628972897837,0.025050000000000017,2
1175974640528858272,0.9111,2
1176021261286658806,0.94705,2
1176052110196947425,0.6707875,8
1176077467560815525,0.8695857142857143,7
1176096735946071608,0.84405,2
1176102087523154128,0.5719,1
1176123255696321445,0.0,1
1176123394125492313,0.989,1
1176149005848752996,0.9453,3
1176182127176237491,0.9915,1
1176194152319967936,0.38865,2
1176212565346757040,0.9184,1
1176218560186236177,0.93935,2
1176220049327778009,0.81045,2
1176272846985098344,0.5955421052631579,19
1176310261097496166,0.919425,4
1176310427789228552,0.76878,5
1176315871682646823,0.42679999999999996,4
1176328034445958254,0.9419333333333334,3
1176332258706399500,0.9709,1
1176539381697850223,0.91385,2
1176574072870312254,0.709975,4
1176575093194647096,0.7584,5
1176577683278878012,0.6234999999999999,4
1176593050289152765,0.871475,4
1176599395719964770,0.3182,1
1176651227006822470,-0.5994,1
1176651345515526757,0.0,1
1176691285623804857,0.6808,1
1176693277229596277,0.4879,2
1176694305227331583,0.9758,1
1176695130674746368,0.2997,2
1176699369149869626,0.8924,2
1176732211385423915,0.9829,1
1176759517670619931,0.6873857142857143,7
1176761963922471966,0.6404333333333333,9
1176765359943635000,0.1903,3
1176766715104584669,0.19279999999999997,2
1176766717497403698,0.48855,2
1176768950310672201,0.5413,1
1176774740564280169,0.7906,1
1176780172126683542,0.58355,4
1176787160696666662,0.9669,1
1176789543917395243,0.77918,5
1176798960129097604,0.23870000000000002,2
1176844402233337593,0.4226666666666667,3
1176845995858205356,0.0031,3
1176852615002966493,0.4192666666666667,3
1176853256533971230,0.9678,1
1176857818798635349,0.6335333333333334,3
1176869980397519137,0.8226666666666667,3
1176947935751294499,0.4588,1
1177041254889881591,0.467925,4
1177211830013180660,0.453725,8
1177249994658879700,0.509,2
1177259307538513899,0.8832,1
1177309418047270867,0.361825,12
1177346405986317376,0.9852,1
1177359255839163955,0.4799,2
1177391430640450001,0.9265333333333332,9
1177395052939018036,0.84712,5
1177427399355571185,0.28595,2
1177460568832315369,0.15867142857142857,7
1177462845665298505,0.6249,1
1177482630767389675,0.5987333333333333,3
1177516775425768251,0.5174375,8
1177523574240083252,0.66875,8
1177527553040139014,0.33525,2
1177548305209865323,-0.07175000000000001,4
1177556081833471086,0.9747,1
1177563523418401315,0.9473,1
1177575073610780872,0.9911,1
1177602423632864701,0.71955,4
1177622614957147152,0.47691999999999996,5
1177625326134151438,0.45845,2
1177642204084901191,0.4523,11
1177643403146553132,0.7611461538461538,13
1177646022465355275,0.9019,1
1177657130992905501,0.40773333333333334,3
1177700960069137097,0.7756,3
1177706441457573916,0.3294,2
1177795982728430402,0.7545666666666667,3
1178010764842688599,0.9432,1
1178038791780226229,0.312,2
1178038929506881978,0.7055818181818182,11
1178060501395350188,0.91845,8
1178065270255035926,0.33535000000000004,4
1178083350687969697,0.9647,1
1178085347381205134,0.8878818181818182,11
1178086020272411844,0.7989,11
1178103561579803888,0.37470000000000003,6
1178168806981707101,0.41325,2
1178168895266671748,0.336225,4
1178175293802810666,0.32343333333333335,3
1178197712956174015,0.0,1
1178206954915730906,0.5896666666666667,3
1178231441165269426,0.8624333333333333,3
1178329997390485084,0.9776,2
1178356228779137233,0.991,1
1178392746616331098,0.839,2
1178430687448183927,0.0,1
1178463711003581312,0.40926666666666667,3
1178514736397104624,0.741,3
1178708543053097646,0.88132,5
1178713054337883882,0.83985,4
1178729313521829991,0.16820000000000002,2
1178760423561431348,0.8922,1
1178764107931465422,0.9836,1
1178776507862836180,-0.636,1
1178818309380649949,0.6141083333333334,12
1178828473939274964,0.4088,2
1178880580511693650,0.7428,1
1178893328851395718,0.9179,1
1178916149442026430,0.5764,3
1178916934232953371,0.5874833333333334,6
1178917164225675930,0.9735,1
1178919818108362607,0.2661,4
1178928864078351025,0.898325,4
1178948500115628682,0.9509,1
1178954372872988779,-0.0926,1
1178968908083989376,0.39005,6
1178982915380729691,0.9796,1
1179059335782635739,0.5563750000000001,4
1179062572356566301,0.475,2
1179123992173957129,0.48542857142857143,7
1179176657026411009,0.535,6
1179437607849241247,0.7089,1
1179464867733829618,0.9538,1
1179467280292267958,0.9892,1
1179517161843059334,0.45755,2
1179524983769705880,0.34682,10
1179557353907014007,0.6441714285714285,7
1179588401975275925,0.9725666666666667,3
1179602276568628194,0.5498999999999999,3
1179678666088823733,0.626890909090909,11
1179715276057318289,0.5055375,16
1179729714340773325,0.9246,1
1179755298617406436,0.5038333333333334,12
1179757153410004276,0.9698,1
1179823663566440976,0.609925,8
1179885924046855494,0.16412,5
1179889871302755481,0.14884999999999998,2
1179979294782334443,0.521325,4
1180278258075562987,0.937,1
1180336364526905153,0.8647999999999999,6
1180351745717637714,0.9824,1
1180372561703949340,0.8557,3
1180396036817406640,0.871,1
1180397894407580990,0.5848,1
1180431339763397511,0.61965,4
1180460272660991977,0.64385,4
1180472489287786252,0.518375,8
1180485599283350235,0.894,2
1180530260755064827,0.6409142857142857,7
1180538042048565892,0.5799857142857142,7
1180633031924652524,-0.11485000000000001,2
1180853195754513380,0.9273,1
1180858424784463223,0.8339666666666666,3
1180904178727762559,0.9793,1
1180921819081807998,0.27768571428571426,7
1180939743415223062,0.9209499999999999,2
1180945483986554701,0.8919,2
1180955400515261159,0.7587142857142857,14
1180982768071896501,0.7423,9
1181003473685198483,0.173625,4
1181055681436728072,0.5934333333333334,9
1181067854710390728,0.9803,1
1181082559066849843,0.9719,1
1181085155120966995,0.9624333333333333,3
1181145890262069942,0.7698142857142857,7
1181152109733577678,0.6447,2
1181168971822196345,0.8834,1
1181171947223901170,0.7031000000000001,3
1181232744395992555,0.94165,2
1181235192704344133,0.9869,1
1181239774143278970,0.47495,4
1181342130036038432,0.5988,4
1181411892397752009,0.26253333333333334,3
1181417676062844752,0.695225,4
1181467620434146664,0.9329,1
1181546244583153376,0.9895499999999999,2
1181604540969097638,0.9061,1
1181620961808483412,0.5341666666666667,3
1181633664279701748,0.9321,1
1181633779593644847,0.847,1
1181635705671096418,0.9688,1
1181691555163863753,0.788875,4
1181724140274617976,0.013349999999999973,2
1181725710555664415,0.8949071428571429,14
1181730620472640825,0.6249,1
1181733886901939230,0.7553300000000001,10
1181734117051420306,0.745675,4
1181755739848041661,0.16755000000000003,2
1181775745797691519,0.639725,4
1181782315493391087,0.49605,2
1181871963908923276,0.651611111111111,9
1181897727184112833,0.87485,4
1181923593582051106,0.8964000000000001,2
1181960401286117894,0.7174142857142858,7
1181986811777323925,0.931,1
1182001085578851128,0.3612,1
1182037640497459240,0.9274,2
1182040679288532073,0.7911999999999999,3
1182064606809370898,0.8084000000000001,3
1182125900361614277,0.93555,2
1182290379562009526,0.9611000000000001,2
1182312186719452083,0.8591,1
1182336209470117924,0.9611,1
1182360051907955880,0.8952,1
1182367263380961496,0.642964705882353,17
1182368685589790243,0.9592,1
1182369331195783741,0.9663,3
1182380003948776903,0.7004666666666667,3
1182380169483802671,0.6062333333333333,3
1182380192001941545,0.24806,5
1182398694109415154,0.5127428571428572,7
1182399948663734524,0.22892,5
1182401721654612993,0.61338,5
1182402206742202504,0.66845,2
1182403635876776089,0.49685,2
1182406221027547578,0.87235,2
1182407361327815587,0.5859,1
1182408085728790972,0.34536,5
1182408648739630587,0.5544,3
1182409203284623791,0.44415,4
1182409680570312084,0.7371222222222222,9
1182462990499311540,0.337325,8
1182467450819093696,0.5194846153846153,13
1182491018875802285,0.9753000000000001,2
1182493860859172938,0.6292,3
1182496324802336841,0.5791,2
1182509743677647259,0.8508699999999999,10
1182529878291278407,0.7343999999999999,2
1182532112757695303,0.7345,1
1182535676240581264,0.4368,3
1182537284613109639,0.688125,4
1182553220908845785,0.8999,1
1182559902558806751,-0.17407499999999998,4
1182567397078249527,0.89075,2
1182576251701320569,0.43958571428571425,7
1182576383251983282,0.8746,2
1182576594668766230,0.49984,5
1182580258615973059,0.7788999999999999,2
1182583125191884829,0.7951333333333332,3
1182621713272878166,0.9199999999999999,4
1182627246198731544,0.5737222222222222,9
1182634361093317364,0.95045,2
1182640041893757401,0.0,1
1182651323333410862,0.5994,1
1182658504633859266,0.24635,2
1182658722000498106,0.7906,1
1182676106927254134,0.8622,1
1182758565597567706,0.4404,1
1182789304705654446,0.9589,1
1182796765236186681,0.8427,2
1183114141206804825,0.7461625,8
1183154758324004380,0.0,1
1183173858658056994,0.8442,1
1183201988399328968,0.34,1
1183213647088915335,0.3998,5
1183237455295033259,0.8955500000000001,4
1183239524531095931,0.9912,1
1183240077412101523,0.28812499999999996,4
1183282954536799281,0.5153,3
1183283004722038207,0.6157600000000001,5
1183283588452034954,-0.17909999999999998,2
1183311767330476953,0.555,1
1183339293475654033,0.7719333333333332,6
1183411327573772716,0.4706,2
1183422604613803330,0.76115,2
1183424562859773091,0.4329,2
1183439546413019041,0.8945,1
1183555836427206815,0.9835,1
1183557490770217068,-0.7096,1
1183557582345200436,0.9335,1
1183557683154765323,0.4458,2
1183562340255883156,0.8743,1
1183776005655910539,0.8302,1
1183784506382606856,0.7020500000000001,4
1183860479813010785,0.78715,12
1183862879714809737,0.6926,1
1183869419132421183,0.9279,1
1183870873445262591,0.8199692307692307,13
1183903629320997037,0.87904,5
1183912922580503353,0.0,1
1183926402531197621,0.24175714285714284,7
1183981296210570597,0.0,1
1184027775277131995,0.39205,2
1184070593623062954,0.0,1
1184079584264176836,0.82335,4
1184088197173579450,0.5793166666666667,6
1184112065170046755,0.8805,1
1184127695527085280,0.18683333333333332,3
1184157613762829128,0.858,1
1184243574329526282,0.3709411764705882,17
1184251404246863807,0.0,1
1184280901285964418,0.7413000000000001,5
1184281870008326648,0.4674,2
1184312085515382920,0.6957222222222222,9
1184538663459787089,0.9494,2
1184577654561193533,0.8588,1
1184653949434240045,0.8957,3
1184680154285546397,0.7721,4
1184693227136644166,0.14201000000000003,10
1184696872137647621,0.47945,2
1184764795046252283,0.9075666666666667,3
1184777426956718782,0.9697,1
1184801798491926741,0.4592,2
1184828695305975585,0.4819,2
1184843395653221532,0.7851666666666667,3
1184843465211662877,0.6784,1
1185027270056785104,0.64732,15
1185338113775295757,0.3975571428571429,7
1185369010352782663,0.0,1
1185396098865791008,0.4354,3
1185406160444926587,0.4679,2
1185409812545766623,0.16725,4
1185414969158832281,0.765,1
1185423357858486172,0.6291166666666667,6
1185451068943918162,0.9914,1
1185520291022128738,0.9787,1
1185522715779377259,0.87245,2
1185540324670045305,0.0,1
1185546684697155612,0.9471499999999999,2
1185547227367544518,0.9152,3
1185594995972350984,0.836,1
1185617602045719843,0.9709,1
1185709811885225697,0.7304333333333334,6
1185728221594903351,0.39758333333333334,6
1185960222247306760,-0.0938,2
1186042935330097171,0.43205,2
1186060856140059406,0.3804666666666667,3
1186063540226256035,0.7644,1
1186104473744993628,0.754175,8
1186107452717762307,0.5896,2
1186135849113278779,0.7523,2
1186136077241489461,0.45905,2
1186137720844163434,0.73231,10
1186138528503346915,0.3959333333333333,3
1186170319374163243,0.89696,5
1186175415926025575,0.4351,4
1186271048057386269,0.8365833333333333,6
1186336358584656382,0.21533333333333335,3
1186341907113085637,0.1806,2
1186384449492292383,0.8374,3
1186684473730570383,0.0,1
1186734552373098413,0.9313499999999999,2
1186755009071377670,0.9472,1
1186790478195538640,0.9294,1
1186811402160308420,0.7559750000000001,4
1186846341601820873,0.9819,1
1186849370527064660,0.8508,1
1186863139867342410,0.9062,1
1186897595490659781,0.7341500000000001,2
1186898269831558109,0.9909,1
1186936674212364201,0.93955,2
1186939734237914891,0.93945,2
1187006475193705807,-0.46145,2
1187009454544951510,0.0,1
1187011959331371748,0.7489,2
1187050531796973304,0.9285,1
1187053422958069116,0.9589,1
1187151100367901810,0.80245,4
1187161615368984881,0.886,1
1187194336201779843,0.8717,6
1187370642029118201,0.8751,2
1187411429914803092,0.74405,2
1187473510604218118,0.9497,1
1187474112869576766,0.42685,2
1187496925736714657,0.31957142857142856,7
1187497095671162157,0.3884222222222222,9
1187525066494418812,0.9011999999999999,3
1187533080113427894,0.5039,3
1187552954453833149,0.5998625,8
1187575312787280066,0.927,2
1187582405978910464,0.91275,2
1187585253084114855,0.7964,1
1187591260531056232,0.33569999999999994,3
1187608847381628510,0.88635,2
1187624788030339820,0.20276666666666665,6
1187627788370162676,0.4740333333333333,3
1187629574323426265,0.6711999999999999,7
1187631302704996861,0.44826,5
1187639408193167764,0.7401249999999999,4
1187639793807042824,0.9738,1
1187660692231681569,0.7940333333333333,3
1187668609628231887,0.85205,2
1187674466766987834,0.89245,2
1187678520704546624,0.059344444444444436,9
1187690181923391341,0.6598714285714286,7
1187706931049525896,-0.00024999999999997247,2
1187911546124850945,0.72152,5
1187918045210083212,0.9558199999999999,5
1187947331023633002,0.7856,3
1188108531728322768,0.5879833333333333,6
1188131639931082629,0.8368,2
1188183045768424486,0.6136222222222222,9
1188237735425444175,0.81315,4
1188244091740555745,0.4286,2
1188287211351175283,0.668,3
1188312375505551719,0.8999,2
1188326662023730802,0.5444615384615384,13
1188402043665871889,0.584,3
1188402252485986102,0.25231764705882354,17
1188404420947913671,0.27253333333333335,3
1188436477824244454,0.2331,4
1188571364143699327,0.8386777777777777,9
1188722809796693482,0.1781,4
1188898297314726493,0.34,1
1188899322538221234,0.0,2
1188901815322728191,0.9621,3
1188901939917078992,0.91725,2
1188920606526259494,0.636,1
1188931782581447978,0.9902,1
1188969524021754154,-0.08840000000000003,2
1188970336228381782,0.5307833333333334,6
1188992938941685523,0.2716,1
1189006614914301380,0.8955,1
1189025537785533109,0.65895625,16
1189057722258238530,0.9954,1
1189117689785179243,0.7282272727272727,11
1189187072125604959,0.9238200000000001,5
1189199690682737554,0.7299833333333333,6
1189235260415933992,0.8778,2
1189316403681423443,0.9906,1
1189334466365222670,0.7467,3
1189417667249651480,0.6249,1
1189572957601056611,0.8658,1
1189616826031041466,0.9551,1
1189669038932582713,0.8623142857142857,7
1189702995933999355,0.0,1
1189705458427915661,0.9542,3
1189708572082835731,0.92645,2
1189765581535381646,0.5434666666666667,3
1189789278357920576,0.966,2
1189792698275995709,0.5132285714285715,7
1189811145738609577,0.6124,1
1189837729697844455,0.16657500000000003,4
1189900530175491366,0.34472,5
1190013771081554101,0.63158,5
1190281511553003051,0.9728,1
1190286547955544027,0.5603777777777778,9
1190379584449368928,0.9027666666666666,3
1190389449933479943,0.64584,10
1190425741831252452,0.68516,5
1190482129180834664,0.183725,4
1190499800007605799,0.63605,4
1190503379389081361,0.97705,2
1190512769852538410,0.5952,1
1190526497853125633,0.2294,2
1190567420153313826,0.28250000000000003,5
1190621398457704467,0.86195,4
1190641412533653440,0.0,1
1190650560372747527,0.9056833333333333,6
1190684984506866808,0.42596666666666666,3
1190702310637389293,0.9385,1
1190704736840037399,0.9543,4
1190708011661456246,0.92825,2
1190710242849440147,0.8785000000000001,2
1190734532619076184,0.75306,5
1190776537909451404,0.4927125,8
1190788644112468015,0.6597,1
1190791764087921511,0.7263,1
1191039773650186034,0.86395,2
1191074786209959942,0.9437,1
1191075141627135792,0.9413,3
1191085742562460545,0.9551000000000001,2
1191100299716973042,0.5295,6
1191112832800817319,0.5850000000000001,6
1191113604816770274,0.42705,2
1191133709325261312,0.9581,3
1191149643205806161,0.9251,4
1191165179014687080,0.8271,1
1191170968934778965,0.5913333333333334,9
1191192873334585332,0.659825,4
1191193580383221062,0.9428,1
1191193865952232546,0.4415,2
1191232778631361030,0.77125,2
1191290304790242797,0.92195,8
1191323759029895664,0.86015,8
1191326973024518347,0.8389,1
1191327180276162702,0.7436499999999999,2
1191355405510084200,0.38256666666666667,9
1191359931593719709,0.322525,4
1191405092197536067,0.8439,1
1191452614433247977,0.0,1
1191470870356891745,0.5796692307692308,13
1191480184814177282,0.8278800000000001,5
1191486978048512652,0.6258666666666667,3
1191488718149604554,0.4404,1
1191522187590949810,0.9225,1
1191565505461623222,0.4927,1
1191584483158887481,0.6114,1
1191683512872083669,0.4342,2
1191801106319073084,0.7333999999999999,3
1191821445570651868,0.8386999999999999,3
1191832960759925511,0.17273333333333332,6
1191839180439885407,0.72095,4
1191849577036625323,0.8579142857142857,7
1191850054110381722,0.6551,8
1191850939340104971,0.561275,4
1191852462202207409,0.897,4
1191863510666875700,0.5621222222222222,9
1191869212316588098,0.44949999999999996,13
1191879509840082025,-0.64495,2
1191912456383974098,0.07565,2
1191918842265757466,0.48858461538461534,13
1191934063957854731,0.43703749999999997,8
1191960505974294754,0.9648,1
1191986735230568986,0.64922,5
1192038037553064412,0.9168,3
1192104323266450263,0.8944666666666666,3
1192169091050877467,0.2566909090909091,11
1192173298416904010,0.08121,10
1192173712392845353,0.75985,6
1192173787482325231,0.09129166666666666,12
1192180589328954860,0.6830888888888889,9
1192193981640750658,0.3008,1
1192194687710991567,0.8177,3
1192241574162849796,0.36776923076923074,13
1192246898671340607,0.4919230769230769,13
1192430010723947875,0.9153,1
1192434890407347548,0.9245,1
1192482108066040447,0.5994,1
1192486482224286452,0.430875,4
1192491904996777376,0.5424666666666667,9
1192505664800201378,0.39505,2
1192513960232428489,0.9160428571428572,7
1192521648584539649,0.791125,8
1192525352834104521,0.36738,5
1192535581527302767,0.80225,2
1192546077673998982,-0.7783,1
1192560335229409300,0.4386777777777778,9
1192583990794297329,0.42798749999999997,8
1192600427880888532,0.8512625,8
1192607877603885515,0.98935,2
1192619373295113131,0.9939,1
1192668711572767405,0.9272,1
1192743671021783141,0.8481,1
1192743751481420408,0.67415,4
1192743818309572634,0.7096714285714285,7
1192757733941572226,0.8554600000000001,5
1192762020253470348,0.01423333333333334,3
1192775029378092217,0.85565,2
1192806275656676261,0.3612,1
1192824518778453839,0.9077,1
1192861247002737861,-0.296,1
1192869220281698134,0.9276666666666666,3
1192911426795615905,0.37007142857142855,14
1192913957298638783,0.0,2
1193087690344044898,0.8824333333333333,3
1193192055602236537,-0.1414,1
1193251467391109906,0.5768,3
1193264151745409770,0.5223249999999999,4
1193280994178216545,0.9557,1
1193301191529713054,0.6793333333333332,6
1193369639340127752,0.6588,1
1193397219595536898,0.7534000000000001,2
1193414671159174070,0.023850000000000038,2
1193424877953532643,0.9713,1
1193468654974501128,0.43864000000000003,10
1193548692797407461,-0.9485,1
1193566808242373814,0.8608,1
1193610432709753263,0.8426636363636363,11
1193656361674949851,0.74916,10
1193962631249063237,0.6478400000000001,5
1193993049711383714,-0.9884,1
1193993539206717102,0.7164,1
1194047118430369240,0.9017999999999999,7
1194053656740667358,0.8316,1
1194116985587676941,0.8481,1
1194141772618033001,0.8271,1
1194209564086414671,0.87365,4
1194230438234094589,0.5650000000000001,12
1194251787301454410,0.5557333333333334,3
1194354742961052370,0.8878555555555556,9
1194462842324416253,0.8944,1
1194463183601402893,0.9292833333333334,6
1194463465265516236,0.0,1
1194464290764852784,0.31245,2
1194466760480095644,0.7785714285714286,7
1194619790526716664,0.976,1
1194761407490086687,0.5719,1
1194828714350974952,0.953425,4
1194840050810630434,0.5802642857142857,14
1194944861865251578,0.45480000000000004,3
1194994003043560338,0.7156750000000001,4
1194994556898563017,0.9513,2
1195023177682873208,0.8225,1
1195112615826240681,0.22283333333333333,12
1195118809234773005,0.7527,5
1195364733023675034,0.419725,4
1195386491363557527,0.5989666666666666,3
1195449182998798263,0.658,1
1195484713502503638,0.0,1
1195498583936861778,0.783,1
1195505384686408043,0.926,1
1195563646851902380,0.9166125,8
1195665199404739378,0.27002499999999996,4
1195732149683739346,0.8818,1
1195761240676916955,0.81655,2
1195761882584791230,0.4467,2
1195771195294295398,0.9243,1
1195801622703497940,0.49475,2
1195806371391324287,0.6784,1
1196075091407264908,0.85305,4
1196091911070047584,0.9468,1
1196106683679336525,0.51222,5
1196197969950481701,0.4414466666666667,15
1196199062303893239,0.5719,2
1196241758070134682,0.4931,2
1196291579942816811,0.9841,1
1196302665590971760,0.62634,5
1196335688442924825,0.6192333333333333,3
1196384745688494415,0.8225,1
1196384903827226928,0.22693333333333332,3
1196396456379385549,0.983,1
1196431404672347558,0.7777499999999999,4
1196449413879724902,0.54895,2
1196467097578705262,0.4593,2
1196522296697669346,0.7488142857142857,7
1196804123497007536,0.8442,1
1196853449242221038,0.9721,1
1196865826463429825,0.9545,4
1196866309913735042,0.9837,1
1196869555766853622,0.6646444444444444,9
1196903223781829482,0.7038599999999999,5
1196933481423112259,0.8966333333333334,3
1196972358159138626,0.0,1
1196979924235327227,0.68,1
1197042949978705666,0.7033,1
1197049061417903866,0.6352599999999999,5
1197065628398693478,0.97895,2
1197085525255335486,0.8381000000000001,2
1197168072822477412,0.78154,5
1197182255074688818,0.7996,1
1197208610839531032,0.5640000000000001,3
1197219631448658414,0.71,6
1197265037390466361,0.9564,1
1197271127072112275,0.8985,4
1197511233533940165,0.7376,4
1197518557377107290,0.9418,1
1197600516432183096,0.9061,1
1197617175874409840,0.95775,2
1197620558927101744,0.82805,2
1197653085506971065,0.5718799999999999,5
1197655720430750740,0.8402,1
1197656038856032067,0.41300000000000003,4
1197670157351707348,0.9758,1
1197679179036079890,0.8559599999999999,5
1197734716583471600,0.9287,1
1197773352657416463,0.84805,2
1197798289136456625,0.8625714285714287,7
1197848121965196475,0.6817,1
1197869987609128211,0.9678,1
1197875789561050939,0.5673333333333334,3
1197885517843283982,0.7191777777777778,9
1197936770478705292,0.98645,2
1197938675924384635,0.9217,1
1197983963387875507,0.6688,1
1197985333843876366,0.6588,1
1197988312787529910,0.7344166666666667,6
1198066660843585023,0.46736666666666665,3
1198249491083980935,-0.22625,2
1198263379759459409,0.5720999999999999,6
1198347947735524156,0.42973333333333336,3
1198363920700656846,0.6715333333333334,3
1198402687205575368,0.667675,8
1198468927398753771,0.7154,2
1198470392797592895,0.932,1
1198510476920529989,0.9524,1
1198518635736395209,0.9009,2
1198576064355101848,0.98865,2
1198589584495968912,0.05660000000000002,3
1198644404934533145,0.7857000000000001,7
1198654352956320086,0.6122,2
1198664018991032929,0.9847,1
1198745449366930615,0.8457699999999999,10
1199070224273897998,0.9299,1
1199083397506997065,0.937,1
1199083649890951581,0.9919,1
1199142319988789625,0.9299,1
1199191990566887705,0.6624666666666666,6
1199219640660982572,0.0,1
1199233960789045392,0.6945,2
1199253282226555093,0.512676923076923,13
1199287036517525980,0.91335,2
1199344372181026115,0.6114,1
1199353863120345679,-0.32865,2
1199560187610675077,0.9394666666666667,3
1199696933303829937,0.45565,4
1199890938173902918,0.8625,1
1199921252947016105,0.9660500000000001,2
1199926103622440378,0.65625,4
1199937104387433546,-0.20899999999999996,3
1200007387532210710,0.8839333333333333,3
1200018741086765447,0.7359428571428571,7
1200041632955358081,0.9873,1
1200061156152243741,0.27788,5
1200079646683774918,0.8713,1
1200096605395770153,0.9109,1
1200165814838002756,0.7741571428571429,7
1200458889258114244,0.7674000000000001,2
1200533449077566536,0.9335,1
1200533566486144439,0.802,1
1200618218608960230,0.93,1
1200637991410283172,0.921225,4
1200643058502964847,0.84,1
1200643729806185753,0.4587,2
1200648527698902433,0.8115,4
1200651769679393540,0.9803,1
1200653733651982623,0.8157333333333333,3
1200663708068724528,0.81652,10
1200689358584215097,0.6705,1
1200690664956862578,0.95455,2
1200693042609682214,0.5486818181818182,11
1200697549101019821,0.8979,1
1200706503237681618,0.96885,2
1200706526135918460,-0.00687500000000002,4
1200713349491891435,0.2916,3
1200746194314375555,0.8605,2
1200761770557415189,0.39613750000000003,8
1200813160213549276,0.964,1
1200862772570007954,0.67395,2
1200868239488090880,0.3473272727272727,11
1200889509552148203,0.9393,1
1200893602794065853,0.44924,5
1201207907416475111,0.0,1
1201231864134032700,0.3062,2
1201237916280571214,0.9593,1
1201279794241750357,0.4006,2
1201295837375555692,0.47765,2
1201301815974394198,0.9611,1
1201305968063222210,0.8799800000000001,5
1201313731117875942,0.8170999999999999,6
1201346994837293408,0.4163,4
1201347638786190587,0.9654666666666666,3
1201413813654803523,0.48310000000000003,3
1201421403005738815,0.783,2
1201466126514969969,0.8625,1
1201499295519885940,0.89465,2
1201508171085317258,0.5471166666666667,6
1201532903952512193,0.9263,2
1201539290247676065,0.7915000000000001,2
1201550651285585356,0.5160750000000001,4
1201558210384353641,0.8427666666666666,3
1201559958858686302,0.6682,1
1201564063862458539,0.8485,6
1201591812936814560,0.9030750000000001,8
1201600728730428886,0.6981,1
1201621542342543902,0.92435,2
1201625170413804851,0.345475,4
1201999245138554835,0.57165,2
1202005210459657955,0.6249,1
1202032972805988527,0.972,1
1202045692108585542,0.9819,1
1202052602204257283,0.0,1
1202077463643729429,0.6249,1
1202084828127168902,0.9090499999999999,2
1202089171694645642,-0.296,1
1202099908728907267,0.8543,3
1202102012646912793,0.8964000000000001,2
1202143798603250170,0.5555727272727272,11
1202177690557202337,0.9378500000000001,2
1202209754246868685,0.70873,10
1202228469836233041,0.15449999999999997,2
1202261046462075322,0.82255,4
1202328122782508046,0.9013666666666666,3
1202408509387284676,-0.14133333333333334,3
1202646065039540627,0.597188888888889,9
1202660986676209211,0.9137,4
1202692077210336540,0.8562333333333334,3
1202701642086562742,0.7631428571428571,7
1202719807689187751,0.96255,2
1202734874476894859,0.8110142857142858,7
1202739003880276025,0.5805,5
1202752863594319898,-0.9439,1
1202776878509690912,0.7469,1
1202785177689872577,0.4655,4
1202786050680130340,0.83745,2
1202817118515301623,0.0,1
1202830256355095829,0.8769333333333332,3
1202865841328617516,0.8622,1
1202875717749175673,0.8910999999999999,3
1202888001863420075,0.96025,2
1202912256424298151,0.9484400000000001,5
1202923390291178552,0.8885,1
1202926898012403454,0.43462500000000004,4
1202929635849243454,0.0,1
1202942187105175756,0.3374333333333333,3
1202969204672167549,0.6632571428571429,14
1202973725108044099,0.4843,2
1203009566418980396,0.4404,1
1203028545441594454,0.0,1
1203041287118705621,-0.5994,1
1203074393985076387,0.9319,1
1203082514766336833,0.924,1
1203151431364833794,0.876525,4
1203381782056029285,0.9852,1
1203438635988893354,0.5574,1
1203439976429907830,0.33348,5
1203467355012082368,0.949,3
1203497168931734787,0.9118,1
1203546656322029157,0.9731,1
1203568495055403875,-0.5423,1
1203597667638959486,0.8773,1
1203604387334095757,0.4638,4
1203628329904804986,0.9511,1
1203656596370229884,0.9562,4
1203657206991200149,0.93675,2
1203661539779152883,0.9509,1
1203678007586646700,0.884,2
1203713925199379176,0.4795625,8
1203767031182207293,0.7054615384615384,13
1203791759409218011,0.4308363636363637,11
1203971253119997081,0.5,3
1203993229236330512,0.43590000000000007,2
1204098653003430807,0.9286,1
1204147652536061499,0.39998,5
1204149740841612551,0.8678,1
1204167920091739924,0.7612,4
1204194517805419084,0.7194499999999999,10
1204225057276934136,0.9666,1
1204290523861263075,0.4483,2
1204294543699017842,-0.20127499999999998,4
1204302488335811189,0.33581,10
1204347320076790044,0.8555,1
1204358402670010450,0.7688222222222222,9
1204365352385981471,0.88705,6
1204429349480908201,0.18983999999999998,5
1204476639948753195,0.4698,3
1204482397755108089,0.9906,1
1204484603295211293,0.0,1
1204521963355004782,0.8823333333333334,3
1204525311471875110,0.31245,2
1204539465267832441,0.9612,1
1204719498640028887,0.8777,1
1204839500183768110,0.2143,2
1204956974676338969,0.8816499999999999,6
1204980933416586852,-0.2695,1
1205021350850815465,0.7737,8
1205025239042348354,0.9531,1
1205031624216083840,0.6995,2
1205033830513530410,0.76175,4
1205055241872482893,0.728225,4
1205066318532164565,0.9558,1
1205099692064582136,0.31836666666666663,12
1205123982769750354,0.701,2
1205198465126198384,0.674475,4
1205241472054931937,0.9485,1
1205524471161310403,0.81214,5
1205671893813624175,0.54254,5
1205685077672371826,0.4792666666666667,3
1205706524196485370,0.6239,2
1205725807438990034,0.495775,4
1205732539718529966,0.61302,5
1205804244492262245,0.9413,1
1205884979126233062,0.0,1
1205905785902875576,0.5483875,8
1205922327327322345,0.9091999999999999,3
1205922375551080495,0.9492,1
1205930058139940965,0.4493,2
1205955301779024014,0.6751,2
1205976193074193989,0.9225,1
1205997471644629106,0.855,1
1206263718944099707,0.352225,4
1206280566722445103,-0.0464,3
1206313753275305358,0.8555,1
1206323273122904603,0.7302,2
1206357626968406725,0.050850000000000006,2
1206380303885468082,0.9348,1
1206404670506494558,0.8082545454545454,11
1206409451074488234,0.8264,1
1206432936285434623,0.7277375,8
1206441548197247311,0.32536666666666664,3
1206455297637540264,0.8708,2
1206460743067145572,0.23450000000000001,2
1206466283358833245,0.7400800000000001,5
1206469170301789263,0.44383999999999996,5
1206475318790186640,0.9841,1
1206488049949174003,0.93555,2
1206515375286671597,0.61205,4
1206527089226323480,0.6563000000000001,5
1206528357692313544,0.9278500000000001,2
1206535762341039563,0.083475,4
1206546758933898023,0.8398,1
1206549353509788084,0.55178,5
1206563642892714936,0.0,1
1206578131762362249,0.945,1
1206579403540865424,0.4544125,8
1206588929238466911,0.6588,1
1206645625768262231,0.8742800000000001,5
1206649549152192961,0.8692,2
1206665978153089530,-0.8439,1
1206666156522930483,-0.5267,1
1206681588175160702,0.47326250000000003,8
1206958729283824676,0.9165,2
1207000634017489757,0.41054,5
1207026785907550826,0.6588,1
1207035618051559410,0.3544666666666667,3
1207060808795343637,0.7683,2
1207096459310123283,0.563425,4
1207126409771708525,0.4679,4
1207147743648857012,0.9071,2
1207149489293095474,0.4643,4
1207174469584635221,0.8146,4
1207177653629684683,0.9414,2
1207203947508962992,0.9949,1
1207223267680279630,0.8063,1
1207229467706294447,0.386575,4
1207231822077663048,0.9012,2
1207234939592320419,0.75345,2
1207239352563975338,0.45319000000000004,10
1207250200283683394,0.98095,2
1207272467336828607,0.3612,1
1207326000902001681,0.60276,5
1207328101753883626,0.647525,4
1207423842195768607,0.69095,2
1207436454672387676,0.3612,1
1207695387873230966,-0.9184,1
1207702037408167126,0.9929,1
1207722500227091503,0.4598875,8
1207764977236815815,0.6992625,8
1207765473009681355,0.3455333333333333,3
1207771362347372163,0.5992200000000001,5
1207802521490859841,0.0,1
1207827855811175262,0.46713333333333334,12
1207831323814567733,0.25539999999999996,3
1207834468217167671,0.4404,1
1207895693068763190,0.9856,1
1207918921703190348,0.21062499999999998,4
1207921433446244969,0.9934,1
1207922017049403544,0.5423,1
1207933971979164084,0.4833,1
1207939607045427633,0.69912,5
1208041367202998321,0.7003,1
1208062074904347498,0.0,1
1208074248050912130,0.26718823529411767,17
1208082812230398955,-0.9686,1
1208084815029883246,0.8606,2
1208102357396582708,0.3108,5
1208172345335071088,0.96865,2
1208435710759773548,0.8213333333333334,3
1208437424686402824,0.9641500000000001,2
1208476208445118121,0.9786,1
1208488419618903295,0.9782000000000001,3
1208491675768781587,0.5084000000000001,19
1208495021368390648,0.5843222222222222,9
1208511276722297188,0.2881,4
1208521963010838568,0.9041,1
1208522636416331488,0.8834,1
1208522729228116437,0.0,1
1208585996412436744,0.344025,4
1208629169543975934,-0.128,1
1208636970540839483,0.3953166666666667,6
1208654827456596348,0.1502,2
1208665347883314206,0.7845,1
1208693693071484376,0.45187999999999995,10
1208715218851534619,0.8793166666666666,6
1208724828929778144,-0.03680000000000002,3
1208745271106140993,0.96255,2
1208748989205162770,0.9643,1
1208757741215895237,0.9607333333333333,3
1208766159888140321,0.91,1
1208771684758301808,0.95575,2
1208777103721011919,0.9229777777777777,9
1208804539958111196,0.0,1
1208840639817376387,0.90505,2
1208844592929002531,0.2846166666666667,6
1209113189592761010,0.8141400000000001,5
1209179150522583827,0.32652499999999995,4
1209184182143533154,0.39105,4
1209396142437682970,0.46228571428571424,7
1209436964862445016,0.9908,1
1209510787576584282,0.6478,1
1209512044300380516,0.923,1
1209514671656813703,0.9753,1
1209517273205727502,0.8092181818181818,11
1209561653724050085,0.0,1
1209571504722942891,0.5257833333333334,6
1209604655214822675,0.6605800000000001,5
1209654552333937438,0.988,1
1210051902540599709,0.0263,12
1210183355946884251,0.7638,5
1210192079450300815,0.0,1
1210204514765819725,0.8117000000000001,10
1210338157362543330,0.4687,2
1210347399831561719,0.8548,2
1210349653677211995,0.9144,1
1210350612262425742,0.1088,7
1210403000053576928,0.4846083333333333,12
1210746937493788772,0.0,1
1210782508147374852,0.0,1
1210921599728853784,0.5598545454545455,11
1210926971399316273,0.4763875,8
1210929202912223425,0.9155,2
1210997494352067745,0.5365583333333334,12
1210999117851589037,0.9186,1
1211308705806153968,0.9869,2
1211360458365964963,0.82515,2
1211380448286875107,0.9732,1
1211410095532236246,0.804,7
1211422910797142699,0.8569,3
1211433962473404974,-0.9716,1
1211435519205976201,0.0,1
1211444557017907293,0.9798,1
1211487612596920445,0.80995,2
1211527494059168163,0.7058,2
1211560398767189258,0.5778428571428572,7
1211569381757641885,0.7879642857142857,14
1211589627803807575,0.32693333333333335,3
1211608704963350331,0.48369999999999996,2
1211685096382930466,0.979,1
1211686372603710524,0.8040666666666667,9
1211716639879644027,0.8968499999999999,2
1211723465357801848,0.704225,4
1211747533181780548,0.0,1
1211830077476082981,0.8666999999999999,6
1212060269816294295,0.949,1
1212130768716217847,0.0,1
1212141726161329268,0.7881,2
1212143159466967931,0.2596727272727273,11
1212153992148747396,0.6449166666666667,6
1212189333683088828,0.9092,1
1212226323331984141,0.7838571428571429,14
1212235313805758982,0.9751,2
1212251232135201683,0.8203857142857144,21
1212260380777112121,0.4221,2
1212260600517692795,0.8696318181818182,22
1212269038929833190,0.0,1
1212269932604652926,0.62374,10
1212296712238678009,0.6565,2
1212304269934243073,0.7845,1
1212321241126550948,-0.955,1
1212324773294431129,0.7351,1
1212330357686021652,0.9177285714285714,7
1212362242990788816,0.9893,2
1212432819883409235,0.6717,5
1212526498777381764,0.4838909090909091,11
1212674747588902622,0.9672,1
1212782301994274588,-0.7906,1
1212788132701082932,0.5509999999999999,10
1212829561122930281,0.75776,5
1212855883166709034,0.58877,10
1212878815445801787,0.9444666666666667,3
1212883275347994421,-0.2303,2
1212910172570889068,0.0,1
1212922433877059232,0.2626,8
1212944688965185582,0.42635833333333334,12
1212947285431887040,0.8262333333333333,3
1212951273697434672,0.8382000000000001,2
1212972369309739022,0.6340600000000001,10
1212979611581494496,0.61912,10
1212986956711805968,0.4201,1
1213005717800513409,0.9482,1
1213007964407272554,0.7840499999999999,2
1213051253518785114,0.8689,1
1213053901000494215,0.5876666666666667,3
1213113191742882760,0.4899888888888889,9
1213116993491272979,0.9489,1
1213157889423960035,0.6631,15
1213207817904625247,0.941,1
1213209139502857911,0.8679,3
1213576445356805887,0.669925,4
1213593487110480516,0.2897166666666667,6
1213598958017321232,0.85758,15
1213603093646099802,0.6361,1
1213624692770869484,0.7726500000000001,2
1213634893376261007,0.9594,2
1213636100241548499,0.9818,1
1213639687352134969,0.795,11
1213639687722094943,0.57316,20
1213639866551354053,0.9062,1
1213640057983697894,0.5616875,8
1213640058140994185,0.819657142857143,14
1213640332916604260,0.5249,1
1213640333398656935,0.5158333333333333,3
1213640967512448757,0.7783,1
1213654240597529299,0.2202,2
1213670324436187144,0.7186555555555556,9
1213675403351699745,0.8439,4
1213706127649785743,0.6372,3
1213717627140581167,0.682457142857143,7
1213719627316075764,0.661875,4
1213845822227389617,0.9764,1
1213852064583689470,0.8673,2
1213854808037335841,0.9542333333333333,3
1213874681790933862,0.8271,1
1213920468599227832,0.51104,5
1214181118580084066,0.46855,6
1214192748979473119,0.902,1
1214345883388849558,0.95055,4
1214350511005635072,0.6486,1
1214425416376565344,0.82655,4
1214514899200682720,0.71095,2
1214527140310252765,0.9851,1
1214978502526000288,0.8052,2
1215001439596210579,0.9601,1
1215012864656600995,0.91885,2
1215027524852367034,0.8331,1
1215111937709833545,0.9001,1
1215158106021861985,0.68645,4
1215208756895352009,0.64115,4
1215257405964122193,0.5579833333333334,6
1215276032255847258,0.8223,1
1215298564026957963,0.7778,1
1215423749737207443,0.2526733333333333,15
1215705155763769236,0.5958333333333333,3
1215741204225485883,0.46,2
1215796035060585013,0.7392142857142857,7
1215826019426762147,0.7146,1
1215830355632423254,-0.9487,1
1215864922012014899,0.5828666666666668,3
1215958995216074724,0.9311,1
1215959929188442816,0.7982666666666667,12
1215967208114548411,0.8103,2
1216038512599744306,0.9271,2
1216042982691799062,0.324425,4
1216058573315834054,0.9271800000000001,5
1216104167678969329,-0.9794,1
1216164467955011564,0.5938625,8
1216447963401609686,0.7906,1
1216467423393533353,0.6486,1
1216475651190530020,0.0,1
1216480206112519156,0.19715,2
1216488832019560118,0.7844,2
1216504412520014986,0.7964,2
1216524379777601494,0.8934,1
1216538080860035770,0.32536666666666664,3
1216550503639020687,0.9856,1
1216578757367432661,0.891,1
1216607473267631507,-0.5994,1
1216617651498253327,0.7512583333333334,12
1216618897156748653,0.5908333333333333,3
1216619138148040830,0.9143,1
1216671394663560012,0.9727,1
1216677832342127028,0.98305,2
1216692136810264167,0.0,1
1216700914650151938,0.49173999999999995,5
1216722570954995482,0.756,2
1216748752088428604,0.9692,1
1216759902032856141,0.35094000000000003,5
1216761701839992615,0.898525,4
1216783095159485402,0.73612,5
1216820484994516385,0.8957,1
1217109096623280198,0.8688800000000001,5
1217158885640865978,0.9468,1
1217186912084507675,0.8427666666666666,3
1217192757438987590,0.7365,3
1217227884465342086,0.5801428571428572,7
1217247513981077049,0.20015,2
1217249943006858111,0.0,1
1217262221797720318,0.7028461538461539,13
1217276520604850468,0.85175,2
1217288113586824582,0.9449,1
1217294971551234445,0.67955,6
1217301929188953072,0.0,1
1217310461447460633,0.7482,5
1217325941512818673,0.6588,1
1217328200972079355,-0.2755,1
1217329021695018747,0.8955,2
1217329260716446370,0.0,1
1217329410924493966,0.38526666666666665,3
1217434911966844722,0.6246166666666667,6
1217479875412220765,0.0,1
1217500222348179177,0.5859,1
1217530214790173909,0.7063200000000001,5
1217533651428349393,0.7779333333333334,6
1217540386010326469,0.9813,1
1217543884084916610,0.6114,1
1217583172280893506,0.6910142857142857,7
1217939767603722551,0.154175,4
1217994114206281148,0.9528,1
1217996385965147091,0.31245,2
1217996478736799300,0.5981333333333333,3
1217999497273633772,0.8834,1
1218006650835617619,0.4531,2
1218014555271291340,0.8160666666666666,6
1218021386334066007,0.9471499999999999,2
1218040319857802079,0.8168666666666667,3
1218056103971043544,0.9642,1
1218059568963609201,0.11333333333333334,3
1218064532340814322,0.07655,2
1218067420396945178,-0.16385,2
1218091087544096737,0.6557499999999999,6
1218134076003726350,0.971,1
1218155497147899413,0.7391666666666667,3
1218196435623165796,0.3243,2
1218237791136743430,0.25243333333333334,3
1218239979063047758,0.9439,1
1218281852948010377,0.7717,1
1218289605681571315,0.73455,2
1218518800350363492,0.9358333333333334,3
1218553125476975810,0.9816,1
1218601014938060305,0.5738333333333333,3
1218664806839039690,0.8126,1
1218706793013262036,-0.0436,2
1218733965416197477,0.38506666666666667,3
1218734054641352442,0.25565,4
1218756631428497809,0.969,1
1218758317290969609,0.1513,1
1218770381664443416,0.6249,1
1218795246176634830,0.9783,1
1218848199906504709,0.68885,2
1218890171555031344,0.0,1
1218913832607462895,0.6114,1
1218955211850996401,0.9203,6
1219014794255906912,-0.0645,4
1219015761680789027,0.8263999999999999,5
1219032862462437794,0.9421,1
1219059718164152270,0.34703333333333336,6
1219147521947652387,0.6723333333333333,6
1219237328878952742,0.7506,1
1219256672059885630,0.48707500000000004,4
1219304563833580304,0.9357333333333333,3
1219345993270511528,0.8957,1
1219357287239357546,0.48505,2
1219363408400887117,0.7982999999999999,3
1219371733294012714,0.5313333333333333,6
1219386011595132544,0.7645,1
1219403029652974866,0.37743333333333334,9
1219403536573122986,0.5864571428571429,14
1219415230950507174,0.8204,2
1219427808660891860,0.94245,2
1219466251256561381,0.6383727272727273,11
1219504742671897454,0.968,2
1219507056388223199,0.915975,4
1219521272084632077,0.9009,3
1219567701828054321,0.75965,4
1219579203623970883,0.9587,1
1219599227517520920,0.3806,5
1219617973694721903,0.9305000000000001,2
1219688796699969178,0.73455,2
1219725319906975302,0.9945,1
1219732233961573512,0.5670333333333334,3
1219733146032162111,0.931,1
1219747325041131910,0.74184,5
1219994518963266109,0.6621,3
1220061951506614214,0.59,3
1220109936517978451,0.8018166666666667,6
1220130834374668126,0.8895,2
1220199403568948940,0.6971,4
1220200917420345015,0.1101,4
1220261781446301159,0.8176272727272728,11
1220308683262278593,0.7726500000000001,2
1220321703292644061,0.977975,4
1220388864917140269,0.4833,2
1220424408639675668,0.9449,2
1220490225816084550,0.9832,1
1220779592488512377,0.472,2
1220856462262429504,0.9792,1
1220863376636549498,0.9721166666666666,6
1220911220076341706,0.8834,1
1220918497219317942,0.7183916666666667,12
1220928505362357950,0.5667,12
1220950832806872538,0.9427,2
1220952811520089915,0.8885,1
1221028117474910725,0.48355,2
1221041543451541474,0.5742416666666667,12
1221079046220929355,0.758425,4
1221101287422257994,0.9861,2
1221129718321029208,0.886,1
1221154122402903869,0.85185,2
1221157403699455105,0.9741,1
1221160372863351742,0.0,1
1221444409796845495,0.941,1
1221465639006302880,0.4215,1
1221484194663555832,0.7699,4
1221499085616913405,0.3822,2
1221514925026080614,0.7947666666666667,6
1221566004710337176,0.9076,2
1221570876064336655,0.8689,1
1221593559032201879,0.69768,5
1221693826507117650,0.8849,1
1221709387192055703,0.0776,4
1221712315488420805,0.499,4
1221760019144671054,0.9919,1
1221827167894744587,0.7612222222222222,9
1221977085943494610,0.9267,1
1222168490434906619,0.90236,5
1222225212892093665,0.5859,1
1222225398767041510,0.0,1
1222273970111079803,0.7785,2
1222285692439914730,0.9459333333333334,3
1222286028195663424,0.61805,8
1222290491214379351,0.8888400000000001,5
1222295092421459282,0.5859,1
1222312129057164753,0.3343111111111111,9
1222413677210356036,0.784,1
1222421534745942563,0.7691,2
1222481931074823367,0.40325,2
1222489356317372674,0.4475,2
1222498770566185834,0.5970428571428571,7
1222683598200438444,0.128,1
1222828006768466126,0.83045,2
1222950080663022229,0.984,1
1222979966688507834,0.7476285714285714,7
1222980841645488059,0.41206,10
1222997838576045263,0.0,1
1223040834549732408,0.9538,1
1223045152025016219,0.9504,3
1223050184818463271,0.3663318181818182,22
1223050397688840596,0.8733500000000001,2
1223059369157089856,0.8048142857142857,7
1223060375234634534,0.7772,2
1223060375276721031,0.4643,2
1223088647507604070,0.33685,2
1223097452675479537,0.4615,2
1223156742594891004,0.6533,2
1223177857599391935,0.8217,1
1223178955282054640,0.0009454545454545473,11
1223230024154563272,0.46477500000000005,4
1223268120203150306,-0.9136,1
1223287152558671287,0.7845,1
1223327473322982548,0.8083571428571429,7
1223350510239114349,-0.8316,1
1223716599982745171,0.9259,1
1223764528333630617,0.6822625,8
1223794566375874794,0.77785,2
1223815115863937451,0.8439,1
1223860634897914127,0.3674,8
1223869112710630962,0.89005,2
1223870966434417994,0.8687,1
1223877558376759433,0.9445,2
1223905339603907834,0.33114,5
1223941345768464809,0.802111111111111,9
1224015767024220241,0.6407555555555555,9
1224017884688566099,0.9325,2
1224037634961597651,0.508,1
1224249935696855699,-0.9136,1
1224389413113396889,0.977,1
1224446274811116736,0.9565,1
1224451964264187391,0.6249,1
1224503122085132643,0.9929,1
1224509918977519118,0.624,1
1224511225634753528,0.749325,4
1224511521266060746,0.0,1
1224521241489795087,0.7308545454545455,11
1224533220547730801,0.6989333333333333,3
1224540824559033942,0.49341666666666667,6
1224571484402926267,0.67006,5
1224590061905602376,0.5670999999999999,3
1224643359672257833,0.9355333333333333,3
1224683804753191357,0.944,3
1224684204224870490,0.6178285714285714,14
1224749742572528075,0.7783,1
1224829894981417713,-0.1179,1
1224832263344007246,0.7457,8
1224894614465877249,0.5081555555555555,9
1225169322686875158,0.2884,3
1225171517977024098,0.4003,1
1225244308333416776,-0.5994,1
1225250966622550465,0.9568,1
1225262339673026898,0.88178,5
1225267940396920030,0.389,2
1225331773011892741,0.8071857142857143,7
1225367807349078482,0.47223,10
1225405444367817229,0.38126666666666664,3
1225473936300949631,0.48015,2
1225635047179347544,0.8514666666666666,9
1225810070085938496,0.9528,1
1225868638463092445,0.6371333333333333,6
1225956884510272715,0.0,1
1226046154227736838,0.89845,2
1226118063242244589,0.9377,2
1226158802549268945,0.9682,1
1226191048859051264,0.644675,4
1226590780555676295,0.5703333333333334,6
1226618591697493189,-0.2772,3
1226653244848076406,0.836,1
1226687619315814117,0.0,1
1226687985014636128,0.002766666666666658,3
1226754760237292242,0.5411,1
1226767752413779449,0.44035,2
1226777377604736989,0.8532,4
1226784272725719238,0.0,1
1226795828438521318,0.9832,1
1226815226559639005,0.74785,2
1226851838133538933,0.12949000000000002,10
1226855257615874596,0.4350666666666667,3
1226961735629058320,0.032339999999999994,5
1226963239857022151,0.9915,1
1227021384858947071,0.2524666666666667,3
1227030558943666194,0.458725,4
1227064150356463782,-0.8591,1
1227218745675544719,0.9387666666666666,3
1227251704567039770,0.9335666666666667,3
1227267994825658000,0.8141,2
1227282016922256588,0.0,1
1227289983288339795,0.603725,4
1227296475571101106,0.0,1
1227302170031401185,0.8482000000000001,2
1227307110465473975,0.7931714285714285,7
1227365709873783113,0.9431,2
1227380171747179634,0.6447499999999999,4
1227400132233059665,0.0,1
1227441035117590269,0.77075,2
1227494530853557635,0.8779,1
1227611000555278997,0.9339999999999999,2
1227636977503610251,0.0,2
1227647727269653274,0.9047000000000001,6
1227709060927897487,0.0,1
1227711857337661607,0.9891,1
1227712084674176975,-0.22616666666666663,3
1227850158948897813,0.746,2
1228001937013428153,0.7226125,8
1228013777530969507,0.78715,2
1228018187435104493,0.9561999999999999,2
1228021159912638820,0.762,2
1228029718549970881,0.4335,4
1228098654022582345,0.64235,2
1228114759228633737,0.8442,1
1228132034805082648,0.7881,6
1228132188164628140,0.9123,6
1228134179679555716,0.9432,4
1228152720061175261,0.0,1
1228183993880143104,0.9761,1
1228185927897305870,0.63685,6
1228200081979581453,0.71705,2
1228216800083484318,0.8402,1
1228221933707620220,0.7209,1
1228253163323737806,0.4765,2
1228272866919264441,0.5334076923076924,13
1228288136955881048,0.64742,5
1228319747026131951,0.9430499999999999,2
1228321434838673975,0.4489,6
1228391356307634188,0.8883533333333333,15
1228402934525689092,0.54035,4
1228407659228370029,0.77125,2
1228422650184262459,0.642,3
1228462591846869642,0.67725,2
1228490097352621983,0.43972500000000003,4
1228517504215867295,0.4239,2
1228727743461731708,0.7886111111111112,9
1228780898348238330,0.9938,1
1228821890060427034,0.5786909090909091,11
1228827707364487471,0.8473428571428572,7
1228835271290751437,0.7025333333333333,3
1228838051283153409,0.7454000000000001,2
1228894834784074263,0.5832,1
1228913246017954367,0.6688,1
1228943792054597745,0.7139800000000001,5
1228979881552483404,0.5155666666666666,3
1229019161420631146,0.8245333333333335,3
1229055590098429103,0.71888,5
1229057898866067345,-0.019100000000000044,3
1229069214189492243,0.0,1
1229134719289546451,0.9888,1
1229139791900043950,0.39164,5
1229177923078140049,0.8183,2
1229192908624650844,0.967825,4
1229205586112698951,0.2787,2
1229235976685419471,0.0613,10
1229377864118215495,0.8805,1
1229453561637084614,0.5345285714285714,7
1229455144602712723,0.6369,1
1229481195727054754,0.0,1
1229481415016209423,0.0,1
1229549093263823322,0.9094,1
1229594649925015348,0.9059,1
1229645209011394271,0.9948,1
1229674019975044885,0.5697333333333333,9
1229731714180078816,0.139175,4
1229739128944028262,0.9728666666666667,3
1229791272036699897,0.56698,5
1229794541918534178,0.4754,1
1229861294222602334,0.6709,11
1229929926024849388,0.9136,1
1230245411514010468,0.846175,4
1230263835906195727,0.7933,2
1230284956744078785,0.9481,1
1230322337765964390,0.44995,2
1230337442438960360,0.979,1
1230390967320335126,0.6705,1
1230420977623541960,0.9573,3
1230428863015112155,0.27109,10
1230456323218990282,0.9727,2
1230572875133064469,0.0,1
1231020965051725379,0.7103,2
1231093882625220576,0.7434499999999999,2
1231156428612861984,0.49425,6
1231181108036935238,0.5473818181818182,11
1231203258465159907,0.43583571428571427,14
1231208166932339139,0.96995,2
1231259569968481412,-0.9498,1
1231566366897347252,0.6388499999999999,4
1231607843886189542,0.0,1
1231662952320403101,0.968,1
1231722383885988621,0.31245,2
1231760195577962018,-0.8221,1
1231781967973663951,0.595375,4
1231793301772412238,0.86152,5
1231805383792661335,0.701425,4
1231833708408803165,0.638875,8
1231888024888442269,0.5555,7
1231906795678092700,0.5625333333333334,3
1231937284165464968,0.6298666666666667,3
1231946258759452556,0.0,1
1231968734653372133,0.984,1
1232084833135904704,0.9738,1
1232332435819358127,0.879,2
1232356742197899296,0.9934,1
1232400328858125901,0.77505,2
1232402621654924534,0.4142,8
1232415944928494724,0.5564666666666667,3
1232428794088790207,0.8714,2
1232432643674439033,0.3627,2
1232451060278396920,0.8385666666666666,3
1232458586163723542,0.6152000000000001,3
1232480832837646778,0.34825,6
1232487294751580777,0.93,1
1232493721257576032,0.34,1
1232512200389701550,0.72005,2
1232513263200374828,0.4885333333333333,3
1232536586086007063,0.76345,2
1232555292351026807,0.64378,5
1232557741906558606,0.5536428571428572,14
1232581373083249751,0.9154,1
1232602042786571236,0.42255,4
1232619684727524996,0.5923666666666666,3
1232648602433015109,0.8987499999999999,2
1232730610458911451,0.9813,1
1232764003769397209,0.3229444444444445,9
1232782028187213495,0.9029,1
1232806668128794853,0.9134,1
1232892024043129813,0.5975333333333334,3
1233113392989345916,0.463175,4
1233122065155865891,0.10039999999999999,4
1233125589939294087,-0.05080000000000003,3
1233131854618022555,0.85545,2
1233160308006185553,0.7639499999999999,2
1233210583180015187,-0.128,1
1233274352772184276,0.9168,1
1233280660530560019,0.9420999999999999,4
1233290547192446514,0.79325,2
1233347877100015101,0.9761,1
1233372294432906594,0.48878571428571427,7
1233374561447419501,0.9665,1
1233479332740389160,0.951,5
1233490771783237397,0.6225999999999999,3
1233567195573025866,0.8356,1
1233594652912236501,0.3579333333333334,3
1233729290263664018,0.20684999999999998,4
1233887814287316573,0.76595,2
1233896176849324535,0.6858,2
1233977915287254982,0.4195,8
1234016191200754822,0.83686,5
1234017893296121292,0.9702,2
1234022345130745167,0.5606,4
1234041032524822415,0.0,1
1234051547009101708,0.9535,1
1234080401524167100,0.8106166666666667,6
1234146752174329943,0.9535,1
1234177169193887130,0.949,2
1234207709135681068,0.5462818181818182,11
1234580215763844706,0.0,1
1234583992855908914,0.3297333333333333,6
1234622830117023978,-0.1531,1
1234650526711435647,0.9323,2
1234661984473336715,0.7506,1
1234664377569449913,0.8932,1
1234676688639198594,0.9861,1
1234699339128659047,0.9493,1
1234709120366801979,0.9136333333333333,3
1234718427990758946,0.86435,2
1234725001762846939,0.5710583333333333,12
1234750074386524817,0.8751500000000001,2
1234755626860086523,0.96925,2
1234788239266638504,0.2633,4
1234845617061936221,0.0,1
1234886989093635554,0.9259,1
1235055777800366559,0.7509666666666667,3
1235277379209293472,0.8309,1
1235330010816403008,0.0,1
1235351891508079317,0.8702666666666667,3
1235361486597812288,0.5620333333333334,3
1235370268232734277,0.9503,1
1235393775820319836,0.57012,5
1235426648901380879,0.8626,9
1235446157263036702,0.33874,5
1235506154622124300,0.26335,2
1235594838154072260,0.8032,2
1235600181866202079,0.57185,8
1235685320257052453,0.32075,4
1235777473145171815,0.5267,1
1235859329304645792,0.9922,1
1236124570621492531,0.6538999999999999,2
1236141569172930499,0.9691,1
1236175949988946777,0.96095,2
1236189121053403136,0.80125,2
1236218934197825640,0.4299,8
1236271082011585259,0.31245,2
1236290027846199804,0.50188,5
1236304269646851310,0.6673571428571429,7
1236759402333169839,0.5206545454545455,11
1236812694263548127,0.8986000000000001,2
1236829794085833877,0.0,1
1236844557912463175,0.5615333333333333,3
1236849448894821361,0.15896666666666667,6
1236886357979676416,0.4373526315789473,19
1236887186680465809,-0.0131,8
1236888303603379741,0.3940222222222222,9
1236900108256330931,0.3601470588235294,17
1236902514349955493,0.34640000000000004,4
1236903626882338584,0.64345,4
1237013274374223493,0.8422499999999999,2
1237021948427740683,0.4455,2
1237055552378204439,-0.9136,1
1237059316238104161,0.9767,1
1237062903148949622,0.81435,4
1237075805314429615,0.963,1
1237078406704492826,0.8089333333333334,3
1237078869882681374,0.32430000000000003,5
1237095651500722876,0.9873,1
1237128831482933598,0.87675,2
1237162671551988920,0.9652,1
1237171188483553387,0.2023,1
1237224936657044860,0.45648571428571433,7
1237432608821930217,0.67996,5
1237457251237766740,0.9399,1
1237510139479687890,0.9851,1
1237515508856510068,0.0,1
1237544489935743069,0.46226666666666666,6
1237552602929387148,0.6588,1
1237553487671380616,-0.9373,1
1237623136208810635,0.53015,8
1237631250825890311,0.5393,2
1237649668026357618,0.10645714285714285,14
1237661027891480945,0.6277999999999999,5
1237685638851832455,0.3058666666666667,3
1237730358644473532,0.9621999999999999,2
1237818149994509036,0.0,1
1237925003775504576,0.84755,2
1238046484008327781,0.22837142857142853,7
1238138799454675964,0.9238,2
1238204893035170955,0.0,1
1238251776675352154,0.7178,1
1238303058541330334,0.81955,6
1238336949105951730,0.47363333333333335,3
1238356862296152250,0.5776071428571429,14
1238364010413289380,0.8805,1
1238382084837546952,0.8627,2
1238383710045772002,0.9779,1
1238385041003789914,0.417325,4
1238390090069384137,0.9298,1
1238429942849324490,0.93885,2
1238491891246961550,0.0,2
1238499437402206857,0.0,1
1238512215306780631,0.25935,6
1238553333750390123,0.9268,1
1238555318468707528,0.45475,4
1238607390915495930,0.8085666666666667,3
1238615820220805574,0.7330666666666666,6
1238646078614306141,0.796,1
1238685048863265786,0.44025,2
1238726023797175908,0.7331333333333333,6
1238830036059992539,0.9884,1
1238868155381804316,0.9054,2
1238911248540473921,0.9578,1
1238918909596951136,0.73095,2
1238935421750265208,0.36658,10
1238951857262648302,0.7427666666666667,3
1238972361252410310,0.94115,2
1238997324655500084,0.6292333333333334,3
1239007212544036513,0.8016,7
1239045965796292119,0.6127,4
1239078651641393739,0.70775,6
1239087592369786950,0.4997142857142857,7
1239097602731392038,0.9647,1
1239105584771577561,0.6440875,8
1239122087089355916,0.0,1
1239126039044784215,0.37334,5
1239144108250774375,0.54552,5
1239189513366716441,0.94875,2
1239252097481545564,0.9184599999999999,5
1239271770931006762,0.9277,5
1239304884223843128,0.74975,2
1239433586843775218,0.535875,4
1239523779635804457,0.85385,2
1239524394215624448,0.8978666666666667,3
1239583614692434460,-0.13449999999999998,3
1239624008276867645,0.9795,1
1239636517686719331,0.89365,2
1239660603328428674,0.8932,1
1239709686462822732,0.97,1
1239740039439687818,0.9298,1
1239754015960175062,0.4927,1
1239764240549589521,0.0,1
1239765080375895992,0.7579,1
1239766588237424093,0.9183,1
1239768612735951617,0.8514666666666667,3
1239777227542212900,0.564875,4
1239874192184313050,0.92195,2
1240002310728813663,0.6249,1
1240039317776425054,0.05227999999999999,5
1240363159192350638,0.4913,2
1240368386114423332,0.9696,7
1240412254925506438,0.49565,2
1240449712238873373,0.6868052631578948,19
1240497130984117138,-0.128,1
1240541489065498141,0.8271,1
1240542513059075490,0.8555666666666667,3
1240547896325803914,0.48633333333333334,3
1240562828995385971,0.8420000000000001,2
1240669067540739549,0.6940333333333333,9
1240673107409541137,-0.0012399999999999967,5
1240678022002884810,0.8016,1
1240730545676078291,0.9804,1
1240775510643195704,0.8709,2
1240790415121761557,0.9183,2
1241029541774701573,0.9139,1
1241087365091619792,0.68096,5
1241098140663051582,0.5498666666666666,3
1241141945700462995,0.8442,1
1241160399750486364,0.9937,1
1241218698024588482,0.9862,1
1241240562852177587,0.63655,2
1241273128734460174,0.90205,4
1241300928251632795,0.9932,1
1241349371850314437,0.7972333333333333,3
1241482967863721651,0.70015,2
1241486310460084085,0.88606,5
1241518020642039402,0.0,1
1241739909919060339,0.8394222222222223,9
1241805581732514547,0.1759,4
1241819728715844431,0.7692749999999999,4
1241822874754257106,0.9612,1
1241889368821327108,0.5789,2
1241901244726603030,0.9833,1
1241918471064121073,0.6073333333333334,3
1241929162632411396,0.986,1
1241950903824413686,0.9194800000000001,5
1241951982215306607,0.5656888888888889,9
1241962963151356265,0.7088875,8
1241963784485286716,0.52378,10
1241986997152510975,0.2553,2
1241993302094424708,0.37784,5
1242000869201075198,0.74724,5
1242011577737199314,0.8999,1
1242019403045542896,0.43262500000000004,4
1242066019488834495,0.8316,1
1242102611042873929,0.6249,1
1242109215229632025,0.9946,1
1242128424957069084,0.657115,20
1242134001386346551,0.7637571428571429,7
1242137138171067106,0.15423333333333333,9
1242142806593770800,0.33113333333333334,3
1242143889019594324,0.26532500000000003,8
1242158750841100847,-0.02875000000000001,8
1242164243109337946,0.3839428571428571,7
1242167016502195389,0.86415,2
1242169206399154754,0.2722,8
1242202824153533591,0.8937200000000001,5
1242477974486475644,0.0,2
1242511161066317231,0.8333,3
1242520029055744095,0.7059111111111112,9
1242522584251461973,0.8481,1
1242532214602954435,0.7018636363636364,11
1242546766873189651,0.9382,1
1242553635944558216,0.59385,2
1242566929375492018,0.33513333333333334,3
1242571810043089742,0.08896666666666664,3
1242583850313048816,0.0,1
1242596539625945039,0.9508,1
1242599514426929895,0.3612,1
1242599690527390043,0.474875,4
1242606993181285294,0.47228000000000003,5
1242625865007224652,0.8268,1
1242631946867207878,0.5811333333333334,3
1242647453821104092,0.7391833333333334,6
1242653182388875480,0.0,1
1242670907126849514,0.44403333333333334,3
1242676882548927536,0.8204333333333333,3
1242704928672915177,0.6417555555555556,18
1242741778313794068,0.59938,5
1242775686117912563,0.56654,5
1242789078212363275,0.9176,2
1242816356841371614,0.908,1
1242872098184291260,0.7124777777777778,9
1242898058425207190,0.7938666666666667,6
1242948349193190961,0.5110285714285714,14
1242960742556369622,0.2925714285714286,7
1242973207175066049,0.6202571428571428,7
1243034715231725516,0.9435666666666668,3
1243228872618251264,0.4437,2
1243274267799532551,0.0,1
1243274651416963017,0.465575,4
1243307599992605567,0.42512999999999995,10
1243324524718269141,0.27925,2
1243332084661962693,0.45401250000000004,8
1243336682342143490,-0.8175,1
1243339722534144312,0.65902,10
1243345774984434872,0.606,3
1243392923937192570,0.9524,1
1243396489967836348,0.56545,2
1243408780027626441,0.5563,1
1243429805040734853,0.2716,1
1243450631029248125,0.8641,2
1243478691141842261,0.6597,1
1243503051988894434,0.6812571428571428,14
1243553593463916330,0.5721,9
1243591579091854711,0.8689,1
1243601411116290100,0.8658,1
1243660857313558334,0.9265000000000001,5
1243747463811396231,0.7101470588235294,17
1243937323206299214,0.6381,3
1243994590803935677,0.79385,2
1243995018811699748,0.7536142857142857,7
1244032986626138589,0.96462,5
1244035755146408075,0.9951,1
1244039129968339917,0.9941,1
1244069209492166772,0.889788888888889,9
1244109685393130367,0.8541666666666666,3
1244127959735755795,0.4404,1
1244132131728443028,0.5386000000000001,3
1244140297760735677,0.9281,1
1244142748738064130,0.4822,2
1244153703550832780,0.29083749999999997,8
1244189025811553989,0.9022,1
1244189919916597751,0.47973333333333334,6
1244321630985128460,0.9794,1
1244342941842899950,0.0,1
1244363682891199066,0.6684777777777778,9
1244418139500514959,0.92015,2
1244611758835868885,0.9588,1
1244669570453077174,0.5393399999999999,5
1244706668247483294,0.6824333333333333,3
1244729553163007858,0.9588666666666666,3
1244778919907464882,0.94565,2
1244857401543087389,0.019100000000000006,2
1244863141101272766,0.6249,1
1244874753903347958,0.77995,8
1244903176340192890,0.39138333333333336,6
1244915536745050397,0.56677,10
1244918194480611145,0.8467666666666668,3
1244953627849281946,0.63954,5
1244959132635937382,0.9707,2
1244968946302284586,0.37085,2
1245011965630668453,-0.9337,1
1245089430967846348,0.343325,8
1245107111113572905,0.3857,2
1245117983197486906,0.0,1
1245122300157466496,0.8086,2
1245139328189014499,0.14684999999999998,2
1245177353044212615,0.28473333333333334,3
1245431057758094046,0.3802,1
1245503771892382322,0.9095,1
1245585223332039549,0.58526,5
1245597011461506016,0.6955625,8
1245612141527800297,0.68842,5
1245634494660468861,0.56904,5
1245651952176732651,0.7917333333333333,3
1245683600597323714,0.92015,2
1245707091047623746,0.5452333333333333,3
1245767913496798281,0.7906,1
1245781801156019138,0.43664000000000003,5
1245809477796225438,0.49115,2
1245862160497918104,0.9,1
1245862602205627137,0.7003,1
1246026079676839504,0.9515,1
1246103829431023135,0.5574,3
1246126927678784733,0.38995,4
1246134089540338409,0.9943,1
1246175823787175912,0.3941666666666667,3
1246255190456215922,0.8767,2
1246257034619515075,0.7787999999999999,9
1246372909884228578,0.51435,2
1246442011148181075,0.891,1
1246484692020202763,0.9841,1
1246490661312520305,0.26627999999999996,5
1246695173474461614,0.25450000000000006,2
1246786288532382460,0.8886,1
1246912589774823105,0.9407666666666666,3
1246922227154391240,0.91,1
1246942936443973683,0.792125,4
1246943818733999952,-0.03526666666666667,3
1246952165862774268,0.79725,12
1247008395536335105,0.6289,2
1247017864966033245,0.4550055555555555,18
1247019568483222804,0.0,1
1247036522980269610,0.32685,4
1247046866748804421,0.5636769230769231,13
1247054969060124812,0.3320470588235294,17
1247056545399668997,0.9087,1
1247072236418545126,0.7968500000000001,2
1247078894280386730,0.0,1
1247089806196057185,0.38206923076923077,13
1247133127075945784,0.4726666666666666,6
1247160489250898956,0.42896666666666666,3
1247190334427610757,0.9778,1
1247200889885937005,0.9022,3
1247244832306651135,0.8832,1
1247335854827335073,0.9272,1
1247336174389010548,0.0,1
1247344070220901174,0.9616,1
1247621898824561029,0.3848,8
1247628531896646082,0.8986000000000001,2
1247633168822413721,0.0,1
1247682505336404301,0.54105,4
1247699591272107417,0.7579,1
1247708022146578047,0.9543,1
1247713596385673847,0.353975,8
1247716870384008797,0.9693,1
1247725694617352696,0.35015,2
1247743798590055796,0.63628,5
1247761479574239115,0.8909499999999999,2
1247779541465690050,0.7062799999999999,5
1247788730059049892,0.9351666666666666,3
1247867270525838726,0.8097,8
1247879861134245335,0.9134833333333333,6
1247906312471735855,0.49261428571428567,7
1247926759635810676,0.61175,4
1247927460271225817,0.5878333333333333,3
1247953152572828578,0.957,1
1248011132719849578,0.8689,1
1248060986707512449,-0.22010000000000005,3
1248294787888323430,0.9475,1
1248338929979371874,0.5719,1
1248362968733551224,0.5700666666666666,6
1248464990260526689,0.49241250000000003,8
1248478323566316801,0.32175,2
1248499039857613537,0.8666,2
1248499268771832452,-0.09856666666666665,3
1248501816372520422,0.659,1
1248502138875648822,0.831,1
1248502176843562711,0.7089,1
1248528903343044555,0.8534142857142858,7
1248532446034722722,0.9645,1
1248547045025686339,0.7377333333333334,3
1248576877940858394,0.429775,4
1248582936494408592,0.61366,15
1248590110894164081,0.709,7
1248597643199486380,0.2003,1
1248646885002730507,0.8392454545454545,11
1248681828154004817,0.1239,8
1248717939684231322,0.50842,5
1248721441675071956,0.9046666666666666,3
1248795491708594195,0.9432,1
1249043025104378742,0.9193,2
1249044735052304092,0.9942,1
1249047927966736686,0.78415,2
1249048781759311438,0.6112,3
1249057964161867376,-0.296,1
1249071603766419071,0.2997,2
1249088010350719513,0.89932,5
1249089216477291972,0.6718500000000001,12
1249089561923707706,0.0,1
1249089875850233289,0.8966,1
1249098647835275194,-0.6862,1
1249101418964359428,0.0,1
1249103087514040358,0.9412,1
1249103867809320662,0.9429571428571428,7
1249106267118534139,0.7633666666666666,3
1249108156859052786,0.47755,2
1249108681443872540,-0.9354,1
1249111545649987452,0.47945000000000004,4
1249144288675931243,0.035699999999999954,2
1249184455330037446,0.7841,1
1249184544681914709,0.044249999999999984,4
1249194239297426353,0.6822,11
1249222208415951999,0.37305,2
1249256300876042983,0.8574999999999999,6
1249264995072357540,0.0,1
1249288986913628357,0.1357,2
1249311146665942268,0.95995,2
1249355446256286200,0.7278,2
1249359973921484754,-0.10980000000000001,2
1249361793618603327,0.14234999999999998,2
1249371793330074760,0.7097727272727273,11
1249527341211448554,0.9557,4
1249556106169921629,-0.9545,1
1249773517049999054,0.932975,4
1249788402960526135,0.53808,5
1249802682256730596,0.3552666666666667,6
1249806858878675058,0.0,1
1249848590189539196,0.9152999999999999,3
1249857894260562526,0.9247666666666667,3
1249861183485893177,0.91386,5
1249910927988256029,-0.915,1
1249932135217056725,0.7186,5
1249945366068569210,-0.7003,1
1249970513712144600,0.4404,1
1249984372251460376,0.63106,5
1249999260798104571,0.8899666666666667,3
1250022409141398354,0.6454166666666666,6
1250057325403539634,0.50354,5
1250068811778773817,0.5171,1
1250131282280289359,0.9861,1
1250481001135483959,0.39272,5
1250490001880578020,0.7980444444444444,9
1250512672064107419,0.91265,4
1250529237238071662,0.872,1
1250575810618711166,0.8481,1
1250580921423327125,0.4209333333333333,3
1250581247431356284,0.9761,1
1250582592406042268,0.7612,5
1250635083345889745,0.7529714285714285,7
1250636602475513747,0.9592,1
1250715428231381480,0.7209,4
1250747307790650347,0.47835,2
1250782090826611207,0.6808,1
1250810923304272213,0.2846888888888889,9
1250830214393110373,-0.13590000000000002,2
1250925054067003237,0.7482,1
1250955969636640540,0.5051181818181818,11
1251240971403114713,0.608375,4
1251254328356160736,0.8496333333333334,3
1251254640007467065,0.6585333333333333,3
1251321787698523923,0.7579,1
1251341711884625948,0.987,1
1251394543101318050,0.6510222222222222,9
1251447151532044932,0.9864,1
1251574207131987439,0.57118,15
1251595934520565292,0.5820857142857143,7
1251597372306576021,0.4019,1
1251662977567696256,0.4942,2
1251670008580379219,0.9734,1
1251957624748530697,0.49322,5
1251959368168799988,0.435075,8
1251984173273418611,0.8988666666666667,3
1251992378426234023,0.7735666666666666,3
1252024702362527793,0.4753,1
1252044173560839045,0.25956666666666667,3
1252064722027356050,0.526,2
1252078634780454093,0.9479666666666667,3
1252079164302193805,0.3121222222222222,9
1252117166855159560,0.5216666666666666,6
1252124657465061855,0.0,1
1252152566280953836,0.4037,2
1252152769072469408,0.2992,2
1252203904259918930,0.9803,2
1252218243272877469,0.9157500000000001,2
1252246410149394434,0.0,1
1252322517635609658,0.85025,4
1252327375874311053,-0.03335,2
1252327683318641636,0.5492916666666666,12
1252400580503604773,0.7845,1
1252415785165804577,0.9151,1
1252427823259672531,0.2832333333333334,3
1252678731108212831,0.8889,3
1252692722383411450,0.322175,8
1252703828808032586,0.9789,1
1252716389896840074,0.1779,1
1252726976740405615,0.0,1
1252728389468929590,0.75348,5
1252729858970643862,0.6457,3
1252734752263197049,0.20634999999999998,4
1252763950787102472,0.5948,4
1252770839023022308,0.19540000000000002,3
1252792702414090488,0.975,1
1252800541166979516,0.899,2
1252804099863445558,0.46,2
1252806347494673726,0.88165,2
1252814368496242388,0.6588,1
1252827866748345743,0.8782,7
1252831768132439098,0.8880375,8
1252856693815472625,0.0,1
1252868102570956757,0.669275,12
1252876339289501761,0.41125,2
1252898040752161419,0.5955,2
1252906074361453289,0.7316,1
1252908782181900661,0.0,1
1252912960577336651,0.6011333333333334,3
1252915230145266649,0.7501714285714286,14
1252916116226225703,0.836,1
1252929924477440412,0.5719,1
1252943656291499772,0.6249,1
1252997074956713982,0.6049666666666668,3
1253004310322038261,0.727475,4
1253007412852832899,0.7935666666666666,6
1253078536408436079,0.509,1
1253132454679641402,0.8004,1
1253153775024169277,0.880225,4
1253351333941435418,0.39543999999999996,5
1253430495941511696,0.72335,4
1253444983760941986,0.9611,1
1253453559232282584,0.6293,4
1253465662718091624,0.556,4
1253470802894395497,0.08300000000000002,4
1253486494214857096,0.36819999999999997,2
1253514657892295670,0.8313333333333333,3
1253516270262277537,0.6645,4
1253530743584009576,-0.3612,1
1253538266785247595,0.46080000000000004,3
1253545419422796622,0.1509111111111111,9
1253563925076450237,0.9763,1
1253567551606728932,0.9623,1
1253603171343481246,0.9345,1
1253604175538955537,0.9606166666666667,6
1253659000414658087,0.9471,1
1253668523669886776,0.8078,2
1253670622427126908,0.76695,2
1253670977170779776,0.8878,2
1253680081259839871,0.6408666666666667,6
1253708606403080511,-0.7029000000000001,2
1253727865262337586,0.851,1
1253813733731994076,0.945375,4
1253830419753520673,0.7174636363636364,11
1254002591756987374,0.5267,1
1254019167011029138,0.26335384615384616,13
1254027358271083287,0.4313692307692308,13
1254033639944589804,0.33170000000000005,11
1254168263901887863,0.71655,2
1254196659772154175,0.5859,1
1254257130712181869,0.518090909090909,11
1254268235721519110,0.763,1
1254270742246986045,0.93985,4
1254325133405978602,0.7897,1
1254357637437108240,0.9316666666666666,3
1254831626392434135,0.9617,1
1254836197233892826,0.7264,1
1254839942940638791,0.8953,1
1254840079115635028,0.76635,2
1254879223889784101,0.5267,1
1254881248761644321,0.18774999999999997,2
1254896277046083516,0.61402,5
1254916272477533743,0.56205,6
1254943103962681008,0.6808,1
1254944974101978727,0.9675,2
1255045708808969946,0.89542,5
1255193442838227188,0.48860000000000003,5
1255196595204990833,0.9789333333333333,3
1255563143822111286,0.9789,1
1255591283629429822,0.3454,2
1255598875565781654,0.9340875,8
1255637477943260624,0.3237666666666667,6
1255641100227274949,0.8413416666666667,12
1255652504631058020,-0.3818,1
1255666477354994096,0.73862,5
1255678891716141741,0.8228,3
1255690199178417045,-0.08357499999999998,4
1255733138460498221,0.8867499999999999,4
1255746779014542431,0.7569,1
1255802027238580391,0.618425,4
1255828884871685471,0.88046,5
1255935645368607592,0.05469999999999999,11
1255979565800929055,0.17787999999999998,10
1255981825525862413,0.13034,5
1255999424633059029,0.195,5
1256010827868280973,0.6249,1
1256427319297490929,0.9477500000000001,2
1256475905558788183,0.8065,1
1256500647696886628,0.9041,1
1256508048594983509,0.9061,1
1256532439567626863,0.9574666666666666,3
1256569626457634700,0.21841999999999998,5
1256597536748055658,0.65493,10
1256659735163890299,0.9749,1
1256676191315801052,0.2997,2
1256691638476601604,0.9698,1
1256704267398222795,0.0,1
1256736563088417779,0.961,1
1256937514600660740,0.9086000000000001,2
1256983158247660495,0.18553333333333333,3
1257054583881903050,0.8225,1
1257102153801378365,0.7769199999999999,5
1257133665428144918,0.9591,3
1257143597400477496,0.994,1
1257160840369355080,0.3953,2
1257161564821577178,0.2707333333333333,3
1257169884146990344,0.9286,1
1257174632848048725,0.7684000000000001,3
1257206481303557142,0.932,1
1257220196658642595,0.682325,4
1257257275078918604,0.8399,1
1257267667581356711,0.8754500000000001,2
1257283505659972907,-0.2787,2
1257302177955785492,0.077075,4
1257312877716986454,0.3599,2
1257341565482848437,-0.2034,2
1257351160858091518,0.9588,1
1257365088170117107,0.9237500000000001,2
1257444917043140623,0.5394166666666667,6
1257485903154978334,0.3488,4
1257502937196579887,0.01742500000000001,8
1257715474627927796,0.9731,1
1257737697540473084,0.893625,4
1257743773205234806,0.7221,4
1257794674400974089,0.6231,2
1257805164508380568,0.7887833333333334,6
1257829169762432438,0.495475,4
1257858478576469218,-0.24695,2
1257910769059840808,0.71,2
1257918721996120449,0.8639,2
1257925487113843796,0.9598,1
1257933263893456479,0.752775,4
1257946701320060667,0.988,1
1257947553417619066,0.92085,2
1258122504999245276,0.45309,10
1258122594613921542,0.8077400000000001,5
1258122647937368841,0.51472,5
1258130064344466488,0.07673333333333332,9
1258529671398674558,0.86745,4
1258533320832891895,0.5483230769230769,13
1258626326157384424,0.786,2
1258670708552796891,0.27890000000000004,3
1258720758662188943,0.8062,2
1258748384968005391,0.3010125,8
1258802865140403242,0.6189,11
1258820973698498177,0.4989333333333333,3
1258848338696005184,0.908,1
1258869469809401758,0.9842,1
1258879762828666552,0.44235,2
1258947296653536542,0.3627666666666667,3
1259224947764204832,0.5946666666666667,3
1259228421439286565,0.15798333333333334,6
1259232375562040229,0.0,1
1259244586740601014,0.9768,2
1259253543096835696,0.8081400000000001,5
1259314851332134869,0.7094199999999999,5
1259335276080801794,0.5404833333333333,6
1259338959580235924,0.6808,1
1259350201430056495,0.0,1
1259361264824057527,0.0,1
1259370108402690591,0.9823,1
1259395054428646375,0.0,1
1259427089699280508,0.6169399999999999,5
1259438686489979060,0.6888076923076922,13
1259493753315046164,0.42576,5
1259505934534553263,0.6342,1
1259538014963676364,0.9553666666666666,3
1259555544953763065,0.9714,1
1259558280392777991,0.9144,1
1259589337993522815,0.9689,1
1259915411436622491,0.6143333333333333,3
1259931171648196664,0.9571,1
1259955484302005926,0.7830823529411765,17
1259962581553556189,0.7690857142857144,7
1259972952233394966,0.6273142857142856,7
1260017898362645977,0.6997,4
1260026223027255239,0.8497333333333333,3
1260032306300645949,0.893025,4
1260040349902900881,0.0,1
1260046070482941587,0.93345,2
1260109361458288381,0.6429,4
1260162502771338151,-0.148,2
1260177612448711042,0.23098333333333332,6
1260290404372854405,0.71115,2
1260297295593408308,0.0,3
1260343703915565403,0.6619333333333334,6
1260360717140506414,0.9963,1
1260363380038274336,0.22362,5
1260454031052813716,0.6581333333333333,3
1260722350990286290,0.8504090909090909,11
1260735384644756565,0.8172,5
1260760870197266046,0.9652,1
1260803396063800150,0.2775,2
1260806958974563282,0.9952,1
1260836318020574538,0.6030666666666668,3
1260855707342240003,0.9873,1
1260917392615284107,0.9263,1
1260926720086716947,0.5570333333333334,6
1260965845764003128,0.48165,2
1261091786163331413,0.11272499999999999,4
1261328194850141896,0.8032375,8
1261352573734447236,0.7777499999999999,2
1261374414253546138,0.2263,1
1261406854132109760,0.246125,4
1261429053763572349,0.9001,1
1261431920936479826,0.6114,1
1261473082657617387,0.2732,1
1261487916698931652,0.93025,2
1261514175701585559,0.962,1
1261525327640792542,0.318075,4
1261528696106092733,0.47835,2
1261538289860599545,0.946,1
1261539346475510720,0.2202,2
1261554559573272851,0.2948,3
1261564970914669486,0.45780000000000004,7
1261580411178869188,0.806825,4
1261582292073085058,0.8834,1
1261606264538715028,0.6724214285714286,14
1261612050684415452,0.67035,4
1261645886905055697,0.9081,3
1261669504483448411,0.56614,5
1261671000231758446,0.6452,3
1261684316524770930,0.92745,2
1261688298894184414,0.6832875,8
1261705869909185946,0.8536833333333332,6
1261717004224516386,0.5207571428571428,7
1261724435321475756,0.8071333333333334,3
1261749004496679232,0.43723999999999996,5
1261751335108827224,0.5742333333333333,6
1261767272093520647,0.6626,2
1261784170765871360,0.012199999999999989,2
1261838728379432782,0.7904833333333333,6
1261843128878595447,0.47528571428571426,7
1261858720476643117,0.83834,5
1261865543951028219,0.9795333333333334,3
1262043726997348600,0.34782857142857143,14
1262147337689871347,0.78242,5
1262156552525053233,0.0,1
1262168703642321495,0.833125,4
1262204538810486779,0.921,1
1262222138538224322,0.4069,5
1262227443789071138,0.8496874999999999,8
1262239280167831461,0.35955882352941176,17
1262239608000882139,0.7803,9
1262242368967867419,0.8934,1
1262264223328586756,0.38126666666666664,3
1262264446132007627,0.9662000000000001,3
1262272532856170034,0.92,1
1262274010813271803,-0.005449999999999955,2
1262277569226098665,0.20413333333333336,3
1262278127731384152,0.35685,2
1262287245010251143,0.27765384615384614,13
1262297768357975977,0.11256666666666666,3
1262299943635956696,0.956075,4
1262305725773166030,0.9286,1
1262318958906657660,0.6510428571428571,7
1262320537305254331,0.40867777777777775,9
1262329647332510612,0.6927000000000001,2
1262337192564382946,0.9514,1
1262339231279867894,0.6962,4
1262350382161649513,0.2732,1
1262374829927999281,0.7871,6
1262382299047294500,0.9237,4
1262397438435497336,0.4605,2
1262423494063046995,0.9824,1
1262427920132932164,0.9753,1
1262434005438919620,0.6239,1
1262452310273704279,0.0,1
1262463779760355357,0.7761,3
1262494155471901362,0.7574,1
1262534472063252404,0.430925,4
1262689270270777124,0.6659,1
1262693047878218008,0.0,1
1262809041687574782,0.936,1
1262817544916479239,0.47983333333333333,9
1262819402582580846,0.5265500000000001,2
1262824584341579424,0.59,3
1262826522981644187,0.7122666666666667,3
1262863907959124668,0.63988,5
1262894017818404043,0.3834666666666666,6
1262908307726029610,0.0,1
1262928082371567900,0.8956619047619048,21
1262961792212770171,0.8635999999999999,5
1262965079966888101,0.8511500000000001,2
1263012904698367952,0.70834,5
1263014343087386675,0.31601111111111113,9
1263016485507435402,0.32706,5
1263017490735584055,0.0,1
1263051503975937707,0.6981,1
1263079687301927078,0.4391333333333334,3
1263107346742628317,0.9517,1
1263116292955431676,0.40481428571428574,7
1263131626824456356,0.9742,2
1263137081014390752,0.630109090909091,11
1263155270902071420,0.4482,2
1263224915036303533,0.22022222222222224,9
1263232763049033159,0.8656666666666667,3
1263539303394899552,0.3711333333333333,6
1263578495283968407,0.7768333333333333,3
1263579816809148318,0.6904666666666667,3
1263622727087166746,0.9543333333333334,3
1263624098880294973,0.9138,1
1263664681422632891,0.25066,5
1263664681468097701,0.4501833333333334,6
1263706133046293937,0.7996555555555556,9
1263725061041307078,0.20136363636363636,11
1263731692612082345,0.9601,1
1263731953385623125,0.6109333333333334,3
1263738617940285752,0.796725,4
1263746218725850028,0.7907,2
1263747507026453089,0.7226333333333333,3
1263755254576877625,0.6819000000000001,6
1263760973214314886,0.9215,1
1263778177399602320,0.893825,4
1263782983478977898,0.7901,1
1263783281650345478,0.6897,1
1263811832730871587,0.8995,2
1263831951922783097,0.9001,1
1263833141844042510,0.0,1
1263869998123029109,-0.1779,1
1263892038127461522,0.8885,1
1263910043861689865,0.0,1
1263938947497955963,0.20919999999999997,6
1263995955539658904,0.9092,1
1264097975311996738,0.9091,4
1264298047486515594,0.6876375,8
1264308934879357845,0.5994,1
1264369273183915839,0.678175,8
1264384178508842824,0.9576,1
1264384421608848042,0.45120000000000005,11
1264392118745070060,0.63,3
1264395985715077606,0.26354,5
1264401280105007754,0.35466000000000003,5
1264406738423520959,0.2124,1
1264406785640935353,0.9095,1
1264434549882508642,0.891,1
1264455216386419607,0.0,3
1264467394831105855,0.4404,1
1264472012703958808,0.7845,1
1264487397259349509,0.6904,16
1264502230955136902,0.45986666666666665,3
1264535348306849171,0.4852,3
1264541577475884271,0.4809,2
1264547162529699373,-0.7852,1
1264565022623117659,0.46634444444444445,9
1264574008878243755,0.1444666666666667,3
1264700879835697064,0.9382833333333332,6
1264719536743269379,-0.9643,1
1264959441215005457,0.0,1
1264992176424767352,0.9543,1
1265007749447430122,0.8632333333333334,3
1265012831118211541,0.2714,1
1265044632714495293,0.8244,4
1265091245323517965,0.31195,2
1265093790664021572,0.49495,2
1265104878633771318,0.5588,3
1265148779409746897,0.8439,1
1265153797535916049,0.8452999999999999,2
1265154625457091914,0.6249,1
1265154802664438396,0.5851166666666666,6
1265249255005879633,0.8718,1
1265285990623887006,0.592875,4
1265336268675916748,0.49495,2
1265337050090234524,0.17995555555555554,9
1265339221312511742,0.37539999999999996,3
1265385527599265904,0.47750000000000004,5
1265472801739949398,0.679425,4
1265690477878318937,0.4485166666666667,6
1265708341719928982,0.9287,2
1265718686325871366,0.9372333333333334,3
1265761897927689046,0.9344666666666667,3
1265802013406900724,0.8705499999999999,2
1265814281789148626,0.9658,1
1265815609549310589,0.6397999999999999,2
1265838717997985188,0.6486,1
1265859711522419712,0.7902,2
1265865667748965189,0.4622,2
1265897541267468396,0.8195,7
1265901664019619468,0.7989666666666667,12
1265916321717726834,0.8481,1
1265936184740099804,0.7582000000000001,5
1265949536717848205,0.8129,1
1265950442957005042,0.6962571428571429,7
1265977061200826440,0.6571,7
1266043638981846792,0.6301333333333333,9
1266091599275193653,0.9739,1
1266207224098676440,0.580975,4
1266218137900193150,0.5036333333333333,3
1266466048265835292,-0.06970000000000001,4
1266499830036338222,-0.5215,1
1266513556746648603,0.3858,2
1266543082971872568,0.06985000000000001,2
1266615349909844554,0.41165,2
1266640285846514016,0.773325,4
1266702432449223599,-0.9421,1
1266710369496452055,0.9269000000000001,8
1266718960841197770,0.9753000000000001,2
1266768812805253989,0.8580333333333333,3
1267046334248415324,0.6314500000000001,4
1267099339480206873,0.61584,5
1267139274662608636,0.9785,1
1267164698094179886,0.7992600000000001,10
1267181787063042683,0.07876666666666665,3
1267220581866773460,0.2846,1
1267233148601595137,0.0,1
1267270900100431980,0.7738499999999999,2
1267292223042077398,0.77845,4
1267331032588377066,0.902,1
1267343577090727989,0.0,2
1267375163034968366,0.5900333333333333,6
1267381388753712965,0.9915,1
1267404424408316557,0.9295,1
1267404779108222841,0.59105,2
1267444310817451288,0.0,1
1267447002667820389,0.4503,3
1267447035400552725,0.9632,1
1267479373222692447,0.8355,2
1267500212926364090,0.3171375,8
1267506254942719702,0.26102222222222227,9
1267527323446097761,0.86636,5
1267541816044654233,0.31694999999999995,2
1267542807659060059,0.34951999999999994,10
1267567146935906256,0.0,2
1267570313660927334,0.19155,2
1267578242276933121,0.6437142857142858,7
1267799434490633687,0.7586666666666666,6
1267811164478428527,0.025642857142857158,7
1267831534803862288,0.027933333333333327,3
1267877494855822500,0.8329692307692308,13
1267904028740792385,0.9087000000000001,2
1267921465020823288,0.7233,1
1268001134011106549,0.8934,2
1268020923235420397,0.8677444444444444,9
1268021719617985915,0.45840000000000003,4
1268038989833373040,0.9785,1
1268071717077902073,0.8069714285714287,7
1268084978259930308,0.0,1
1268090604770889474,0.5859,1
1268102751642237251,0.8158,3
1268108344336751633,0.6355500000000001,2
1268118761769771429,0.3757,3
1268133527762440376,0.6249,1
1268157796906394816,0.4754,1
1268184669736539349,0.9442,1
1268199962145106511,0.765,1
1268208516842607822,0.4022571428571428,7
1268232657212173488,0.0,1
1268262388973843942,0.5700500000000001,4
1268265513349656898,0.42455999999999994,5
1268269602336845417,0.63448,5
1268282193407293295,0.8516,1
1268285900986011340,0.35492,10
1268300192244695374,0.4003,1
1268370831558792419,0.011149999999999993,2
1268503301599196886,0.975,1
1268575737280081071,0.16264285714285714,7
1268702815422544087,0.3685333333333333,3
1268718615461407254,0.8165,1
1268745225248417404,0.8223,4
1268762415712940444,0.15925,6
1268767015620372522,0.5690666666666667,3
1268767326767120746,0.87156,5
1268770430540058813,0.9836,1
1268776130226225886,0.8748,1
1268776733579025480,0.79305,2
1268797135219812389,0.10996000000000002,5
1268798499098203015,0.8516,1
1268820598406826590,0.9189285714285714,7
1268844400847145571,0.8753428571428571,7
1268865570820940011,0.121,6
1268918844441283054,0.63195,2
1268931307621248851,-0.006433333333333328,3
1268966050053039319,0.6949083333333334,12
1269073228347736406,-0.2247,1
1269114240573235081,0.9894,1
1269329605679093458,0.8126,1
1269331623963119577,0.57602,5
1269373403568391106,0.9136,1
1269415228146810939,0.5719,1
1269417978309506343,0.9545,1
1269538045616747927,0.1796,5
1269544547244432855,0.77452,5
1269550581665507088,0.70935,4
1269570590629741166,0.64378,5
1269644795826835936,0.5994,1
1269651382479856198,0.8250333333333334,3
1269672292292873403,0.4701666666666667,3
1269695649303000544,0.0,1
1269707563383350644,0.0,1
1269708277054937097,0.5961333333333333,6
1269752873961460322,0.8682,2
1269757270596753149,0.85585,4
1269762756384260581,0.62405,4
1269817976980717535,0.23975,2
1269855630707583333,0.9334,1
1269885269710587679,0.92525,2
1270022820099125454,0.6249,1
1270035231789996285,0.9474,2
1270036725753953820,0.9651,1
1270171955931669294,0.669,1
1270201172444102670,0.9314666666666667,3
1270251674290436262,0.97015,2
1270252605603925093,0.88775,2
1270291118091217239,0.30665,2
1270294728350321032,0.9421,1
1270312726625766457,0.93085,2
1270352558066104066,0.9238333333333334,3
1270362808046327765,0.18345,2
1270406131821589772,0.57718,5
1270417795805071625,0.3996,2
1270435871377455621,0.9735,1
1270564816473332074,0.7358750000000001,8
1270732688166134478,0.9669,1
1270778960372335863,0.9058999999999999,2
1270791488736084650,0.585225,4
1270821910804856598,0.9024,3
1270887418224042215,0.69224,5
1270901589405969084,0.9311,1
1270910581248271829,0.0,1
1270914608199542230,0.4450857142857143,7
1270916424100685307,0.8675666666666667,3
1270919550500915121,0.20995,2
1270923629606947259,0.948,2
1270956159093987226,-0.296,1
1270973729658887037,0.977,1
1271019648302181191,0.0,2
1271054755517528552,0.75995,2
1271067382994680700,0.82835,2
1271100777686922508,0.8315999999999999,3
1271100991845616945,0.9584333333333334,3
1271512574191610251,0.94545,2
1271565019772682248,0.9409000000000001,2
1271580628150815948,0.7600000000000001,3
1271605344698423695,0.7783,1
1271610559140476284,0.8037000000000001,2
1271648314385879553,0.8443400000000001,5
1271662096564411124,0.9348,1
1271679263040453386,0.9089,1
1271688379923750016,0.953,1
1271695413398019280,0.82355,2
1271718346572417414,0.3971,1
1271731336840333260,0.2068,7
1271784537238469216,0.47530666666666666,15
1271792291868309320,0.92795,4
1271795327061673313,0.9943,2
1271837582551949657,0.4733,4
1271865717584673615,0.41355,2
1272129945395265065,0.683125,4
1272230827924658856,0.9892,1
1272232003181077104,0.9559,1
1272245159535041327,0.9678,1
1272245471198835468,0.5807,3
1272250822134892986,0.9497,1
1272251439056424994,0.44875,2
1272254682421409548,0.8442000000000001,2
1272282569790290584,-0.8735,1
1272285795177665836,0.556,4
1272299354014094495,0.39945,8
1272336017234803142,0.95575,2
1272338007305190133,0.886,1
1272346389044888457,0.9128,1
1272442868565522162,0.4939,1
1272484338883042822,0.561725,4
1272495732632445345,0.5563,1
1272505966410094064,0.5106,1
1272574899649137565,0.6249,1
1272597681825613292,0.8150333333333334,3
1272652562496603143,0.9595,1
1272655799114141618,0.9637,1
1272666400931542054,0.0,1
1272930373208610564,0.7269,1
1272940690762946730,-0.42895,2
1272980806590301464,0.80984,5
1272985685644940689,0.7558000000000001,3
1272996067823981712,0.9776,2
1273011304345532268,0.4769,2
1273049776057762070,0.8748,1
1273086681210157007,0.2771,3
1273089275048192838,0.8828,2
1273102259121533408,0.979425,4
1273103172402846378,0.9372666666666666,3
1273132257470635921,0.0,1
1273150038570916847,0.019774999999999987,4
1273155162896575999,0.82235,8
1273164100085276558,0.6574181818181818,11
1273231295156430270,0.8297666666666667,3
1273264977734278066,0.6467,1
1273267203822622473,0.9378,1
1273274670588328746,0.9623,1
1273283224625932013,0.9275800000000001,10
1273325331674407637,0.7234,10
1273429954419762109,0.38565,2
1273565998400764647,0.9642,1
1273566072222201799,0.5093,1
1273679391094989386,0.6249,1
1273683448152651369,0.8885,1
1273700511797743842,0.8541,2
1273746488538524253,0.9141857142857143,7
1273755284829952250,0.8637666666666667,3
1273781636585601427,0.47414285714285714,7
1273785117671092599,0.9165,1
1273820549194382883,0.9521,1
1273838513402576105,0.4493833333333333,6
1273856061403181191,0.5697333333333333,3
1273880490120935855,0.7783,1
1273880627015087124,0.6114333333333334,3
1273886423243370078,0.06606666666666668,3
1273935968290479412,0.9432,1
1273958615987415370,0.6180166666666667,6
1274024624669988025,0.7797499999999999,2
1274027500626476124,0.5574,1
1274038884932892142,0.6761,1
1274062377515591749,0.8068666666666666,3
1274109647192902030,0.6523666666666667,3
1274335421506626022,0.836,1
1274422549141339993,0.9513,1
1274455783752723503,0.0,2
1274474686341610925,0.7330333333333333,6
1274515700215967545,0.9741,1
1274518544195009228,0.86405,2
1274560592399379972,0.39358,5
1274580017298364720,0.578775,4
1274582552910072265,0.9338000000000001,5
1274608395995241332,0.8877,3
1274636586874102468,0.8019333333333334,3
1274676047484861113,0.8718,1
1274690966939110263,0.9061,1
1274850789100812172,0.6908,1
1274898925408181799,0.89795,2
1275087801927207837,0.0,1
1275111436527867444,0.9158999999999999,2
1275186042455417169,0.7096,1
1275308723797930141,0.673075,4
1275366589226245455,0.801075,4
1275395010082327989,0.5106,1
1275452062255552095,0.61465,2
1275463037105063967,0.61396,5
1275510507066078850,0.0,1
1275545725702061180,0.8120499999999999,2
1275571889248858738,0.9479,2
1275801982310617688,0.92565,2
1275828392035153830,0.9098666666666667,3
1275857646852366109,0.438325,4
1275864795421021003,0.454,2
1275940512183998167,0.6908,2
1275940630322799749,-0.05780000000000002,2
1275973576343630425,0.886,1
1275986019197842072,0.9766,1
1276056631603893143,0.7646999999999999,2
1276058082163724510,0.7020333333333334,3
1276077466688461975,0.91,1
1276122386161853210,0.983,1
1276203876534977960,0.38437142857142853,7
1276710195057707480,0.8893000000000001,7
1276725240684138724,-0.128,1
1276728449531475281,0.7579,1
1276841306984648931,0.3137538461538461,13
1276907910004229187,0.9753,1
1276912433136401393,0.9078,1
1276921330046336578,0.9940500000000001,2
1276923359362798860,0.78425,2
1276931218069502985,0.9261333333333334,3
1276933399688982332,0.7531714285714285,7
1276961605515476347,0.9371,1
1276974494713565184,0.9538,1
1276984660297854748,0.33326666666666666,9
1277015701208531066,0.4867,1
1277381924419926475,0.8074,1
1277402825218547221,0.4706727272727273,11
1277409444493605867,0.9807,1
1277411866710111467,0.6592181818181818,11
1277420165648984540,0.6803,4
1277463095090622397,0.97185,2
1277463592206310625,0.29996666666666666,3
1277470070054885270,0.8622,1
1277502881986681156,0.7613666666666666,3
1277521327907663507,0.5508333333333333,3
1277533927433305921,-0.4588,1
1277550091642611827,0.7878499999999999,2
1277565157519713564,0.5695250000000001,4
1277570394305177574,0.54562,5
1277580214845331015,0.46955,2
1277585288010040812,0.63522,5
1277586598466885846,0.7000500000000001,2
1277592995660548833,0.9475,1
1277669526509872855,0.9103,2
1277677995854648051,-0.35015,2
1277685162749265763,0.9545,1
1277709115216242259,0.9202,1
1277712977307053976,0.0,1
1278022419100883853,0.9893,1
1278039813512723283,-0.9117,1
1278117675063781635,0.7176833333333333,6
1278180225062705281,0.9778,1
1278183840204091701,0.5355875,8
1278193305000943315,-0.7783,1
1278224081885881092,0.49948,5
1278230168904434710,-0.4391,1
1278248185533239353,0.6754318181818182,22
1278271947648379463,0.92825,2
1278283424387360120,0.6042,3
1278313014263898838,0.3548,2
1278324284802583803,0.967,1
1278394901157835478,0.8907222222222223,9
1278397514905843374,0.5034,6
1278405935556066534,0.4829272727272727,11
1278418653036986267,0.39218333333333333,6
1278426651134984982,0.6361,1
1278430790792675146,0.45607857142857144,14
1278485453184918193,0.9856,1
1278495636422146671,0.8668,2
1278757555486094953,0.438775,16
1278776209906145814,0.5331333333333333,3
1278787574216110316,0.4496,11
1278794485245838159,0.46838888888888885,27
1278802791512358732,0.5560125,8
1278805119919696134,0.705,1
1278813255302168335,0.3182,1
1278823103782147480,0.24668181818181817,11
1278829914073524782,0.6826875,8
1278834807809303980,-0.3384,1
1278835598170446764,0.0,1
1278835870532543023,0.53465,6
1278836645291181058,0.38020000000000004,9
1278867420601787311,0.8331999999999999,2
1278875735013388839,0.9702,1
1278981656404100798,0.4019,1
1278984264051286775,0.6154999999999999,2
1279003347336535080,0.33102857142857145,7
1279007895167976348,0.8494222222222222,9
1279031423389290777,0.9545,1
1279053158504283153,0.6689333333333334,9
1279088880497403758,-0.35273333333333334,3
1279125035446904038,0.9292,2
1279143339823899368,0.45495,2
1279145281913900243,0.9866,1
1279247105289957279,0.8658,1
1279345771013062166,0.87332,5
1279451542746177740,0.39825,2
1279511468052750753,0.7158333333333333,3
1279543960733081197,0.148,2
1279545479741241400,0.7076285714285715,7
1279549997100366926,0.97315,2
1279553257479306494,0.6487833333333334,6
1279557870136055279,0.8313,1
1279560619795351267,0.906,1
1279575365331646522,0.8611545454545454,11
1279606008710779318,0.46604999999999996,8
1279712617383613172,0.891,1
1279737980790226965,0.8615999999999999,5
1279741739030227451,0.8775,1
1279788177720400158,0.5244,1
1279815806699486891,-0.128,1
1279828487630800783,0.7948999999999999,4
1279891934714684963,0.0,2
1279924004629995075,0.9094,1
1279925771289556156,0.9826999999999999,2
1279985043744440303,0.63395,2
1280146246732600031,0.8519,1
1280163975963934346,0.6091,2
1280279370850977927,0.7233999999999999,3
1280298045951021456,0.44792499999999996,4
1280313496586632794,0.6063,2
1280318706400838300,0.8164642857142858,14
1280327676377554776,0.5259199999999999,5
1280376542818204263,0.75408,5
1280383417023993618,0.9695499999999999,2
1280403627768755655,-0.2299,2
1280415307628683853,0.8803,1
1280423412786938666,0.9476,1
1280463532233067938,0.5991500000000001,2
1280466091254895084,0.9313,2
1280468537066621172,0.2561333333333333,3
1280470119677277408,0.7515428571428571,7
1280471153490080305,0.8758,2
1280471577153378194,0.9827,1
1280472584368703481,0.4404,1
1280475738957886529,0.62836,5
1280476203142882357,0.751025,4
1280479765672391630,0.7952666666666666,3
1280486367220823191,0.46123333333333333,3
1280487766181838041,0.80165,2
1280506682536445751,0.7906,1
1280590566207674023,0.34705,2
1280597381140432417,0.40484,10
1280629803471584522,0.35740000000000005,13
1280679125519119375,-0.13396666666666665,3
1281082938304148148,0.03473999999999999,5
1281133400622211454,0.37365000000000004,4
1281159488172003294,0.485,2
1281163215740390403,0.6485,3
1281164485915630291,0.9432,1
1281169288244750568,0.58724,5
1281181189673960194,0.9519333333333333,3
1281197209882921388,0.3595,5
1281218758679597742,0.62656,5
1281228082274616450,0.9961,1
1281241154634862679,0.4124666666666667,3
1281267325836391842,0.6757,1
1281312700955710593,0.29355,4
1281351732427865916,0.886,1
1281374837145399595,0.55426,5
1281630811534470388,0.9801,1
1281652443994187469,0.88585,2
1281676684610577408,0.9777,1
1281703407545540855,0.8749800000000001,5
1281850203597050598,0.5708000000000001,3
1281903476521589400,0.89045,4
1281940653222583094,0.6261,2
1282028272691490111,0.3291,1
1282150135939783984,0.9875,1
1282401341599748686,0.48055,2
1282454690736450558,-0.8661,1
1282464965732146700,0.9161,1
1282468254671717579,0.14496153846153845,13
1282489527475765232,0.34823333333333334,3
1282498934064471533,0.0,1
1282500249229926316,0.6869545454545455,11
1282507796077304557,0.872,1
1282509317006358025,0.868525,8
1282514737295684845,0.30407142857142855,14
1282549693540041198,0.2039,3
1282568232359007877,0.784,1
1282572629705048149,0.8221,1
1282593505481111602,0.2879,4
1282599127222782625,0.9693,1
1282599241082536404,0.0,1
1282601862075453412,-0.0978,2
1282606911685396385,0.6540666666666667,3
1282637378903137362,0.47598333333333337,6
1282638592817975547,0.6824,3
1282659895385548507,0.91815,2
1282687712576167992,0.8136000000000001,3
1282703132190501106,0.7919,4
1282753351665318141,0.9130142857142857,7
1282773876499262620,0.9043,1
1282789251081073658,0.8521666666666666,3
1282794208833031788,0.8578428571428571,7
1282842728056980360,0.93785,2
1282853303795971907,0.44035,2
1282881463357016063,0.8001,3
1283159652541999177,0.6908,1
1283160147153361284,0.6778500000000001,2
1283165373755976626,0.45269999999999994,3
1283173309528403147,0.9463285714285714,7
1283185716797283688,-0.22593333333333332,3
1283207120216579808,0.6588,1
1283207962289683858,0.9831,1
1283246249311193122,0.5406500000000001,2
1283262204826817573,0.9079333333333333,3
1283297549781610545,0.8459666666666666,3
1283323157841018176,0.642,7
1283352628116583785,0.25,1
1283357164678377877,-0.2469,1
1283365588630687703,0.9759,1
1283419547169196763,0.9192499999999999,2
1283513667824097724,0.9635,1
1283515477961932513,0.8979,1
1283542665328738054,0.9202,2
1283556523144247518,0.8641,3
1283561730140206345,0.4576,1
1283580048406919533,0.6758500000000001,2
1283882231707982476,0.47689999999999994,3
1283910339341284235,0.7625500000000001,2
1283925007028133691,0.3598666666666667,3
1283925231275015383,0.0,1
1283937647660917289,0.63276,5
1283999833903215143,0.7831,7
1284008965508675858,0.0,1
1284016326305367465,0.6282666666666666,9
1284040966322821544,0.1858,2
1284059877082707408,0.9224,3
1284080415018440574,0.70655,2
1284111665849297014,0.38832500000000003,4
1284133527548077478,0.9364,3
1284164106562996980,0.9941,1
1284210779140014066,0.75915,8
1284251299673336144,0.7909200000000001,5
1284255282424531483,0.6512666666666667,6
1284333954895902110,0.40276666666666666,3
1284511784555253470,0.4544222222222223,9
1284511888980295210,0.15669,10
1284604939436125335,0.5738000000000001,7
1284627711574012278,0.5606,3
1284706860376002035,0.9670666666666666,6
1284716920556338292,0.0,1
1284719700213111919,0.8807,1
1284730463592425335,0.8481,1
1284744474619973795,0.60572,10
1284786801955945594,0.7056,1
1284788178503360000,0.457525,8
1284788271172853688,0.24521111111111113,9
1284899884058493187,0.7711333333333333,3
1284907722688374827,0.5334875,8
1284948023393933010,0.7944,2
1285018605612354681,0.9343,6
1285325575423308634,0.6249,1
1285406743578359664,0.6828,3
1285423262395978026,0.69875,6
1285450499763768907,0.836525,8
1285467338984780001,0.9391499999999999,2
1285538753847917534,0.4912,1
1285616116678773290,0.7069,4
1285698441486587514,0.47459999999999997,3
1285703321000816715,0.24514999999999998,8
1285783295460190660,0.32833333333333337,3
1286022413623451010,0.90055,6
1286095332211144080,0.8551,4
1286117007752763974,0.18924000000000002,5
1286118048684198422,0.62865,6
1286128883887573273,0.5509153846153846,13
1286159473030951160,-0.636,1
1286172760070936545,0.3382,1
1286218112481738967,0.9209666666666667,3
1286226556695106849,0.976,1
1286237053172693455,0.9471,2
1286242325600040217,0.9856,1
1286303301846292467,0.94365,4
1286325404579045552,0.7300181818181819,11
1286349515842873479,0.5121666666666668,9
1286392756492066573,0.9505,1
1286436371106458738,0.22742000000000004,5
1286452951256210255,0.7428833333333333,6
1286457032490827617,0.5684666666666667,3
1286607664612599633,0.9942,1
1286728553026824354,0.8673,1
1286791970846023471,0.9322,1
1286900348430190566,0.4377875,8
1286918017450640320,0.0,1
1287015446963122322,0.6194,4
1287084243072409321,0.4332666666666667,3
1287101795190601808,0.0,1
1287195136922329073,0.8082,2
1287512496574462328,0.3621,4
1287526268221423346,0.38444,5
1287558361753145768,0.34587500000000004,4
1287560501958399943,0.9617,1
1287566889866476853,0.6097875,8
1287572463097711094,0.9153,2
1287576480240456105,0.3219,6
1287591833798772061,0.4701,2
1287603815730313575,0.705,1
1287624498133195973,0.4404,1
1287655060726994158,0.5179555555555555,9
1287673732110430201,0.7906,1
1287685404239182460,0.75596,5
1287697335104358781,0.6239,1
1287758888990812347,0.9663,1
1287825785921147030,0.9294,1
1287843150635667891,0.3715,2
1287849305582432717,0.6673,1
1287867791942879724,-0.3607,1
1287874650146606853,0.7717,1
1287881744043354128,0.53743,20
1287915844303216321,0.9725,1
1287978237983395641,0.9085,2
1288215368012096474,0.7824,5
1288226700252272159,0.29318,5
1288258322875089407,0.8855,1
1288292917151370446,0.48710000000000003,5
1288304507631995451,0.63746,5
1288309318473477515,0.7491000000000001,2
1288333602745283696,0.7124,3
1288350166923447858,0.9681,1
1288353724640074376,0.7639,1
1288364905137459429,0.8271,1
1288373997219521266,0.9861,1
1288374951808285239,0.2023,1
1288378046201081337,0.8779,1
1288386366581851536,0.6350714285714286,7
1288386733663671840,0.8420333333333333,3
1288397902932390701,0.9638,3
1288398518114665074,0.12426666666666665,3
1288402007896258552,0.0,1
1288424945151861763,-0.2828,3
1288429854851591572,0.8929666666666667,3
1288437707464161173,0.6998249999999999,4
1288481720001781492,0.9332,1
1288486117910815331,0.36572499999999997,4
1288520974156896805,0.9659,1
1288539482290939356,0.8016,1
1288546842930639999,0.9709,1
1288558507941277289,0.9358,1
1288583398882920714,-0.6979500000000001,2
1288623291015131964,0.9875,1
1288709250858239155,0.6007,2
1288940642987281545,0.828,1
1288977214467540224,0.624,1
1288977939820905683,0.9197,2
1288978674089058164,0.9533,1
1288982448623193005,0.7162,2
1289022455234632276,0.9937,1
1289024455693437874,0.9531,1
1289031297690164557,0.6459285714285714,7
1289075809812829691,0.563225,4
1289080959599022832,0.6588,1
1289137326046126295,0.94355,6
1289139503840390604,0.4201,1
1289183913130276992,0.88215,2
1289240472770464586,0.6249,1
1289540321928773859,0.63015,4
1289664389648720802,0.8065166666666667,6
1289678135947839347,0.743,1
1289697141270281594,0.52239,10
1289716865387612029,0.004,1
1289721614251523563,0.71922,10
1289721781423608567,0.9169,1
1289725920738887861,0.9738,1
1289775139103554494,0.406775,4
1289779593400288799,0.47823125,16
1289782744368281748,0.26286666666666664,3
1289788677850999631,0.8176,1
1289790216458284258,-0.6449,1
1289791638084513304,0.9392,1
1289792026729567224,0.8310333333333334,9
1289807618478996763,0.9145,1
1289811939052744219,0.98265,2
1289826316780941708,0.0,1
1289834842169091900,0.7177,1
1289835449899787196,0.9812000000000001,2
1289842962400194276,0.9584999999999999,2
1289847161643834425,0.9421,1
1289862259786686902,0.9372166666666667,6
1289893552298971137,0.4483,2
1289898546911112111,0.953,1
1289927577650649129,0.7389692307692308,13
1289955903238571870,0.48145,4
1289977679247463531,0.168475,4
1289987239268456884,0.596,3
1290007310217110401,0.92145,2
1290387397228302272,0.8652333333333333,6
1290438089904601104,0.9493,1
1290438522559238104,0.8583000000000001,2
1290449706708023919,0.9273,1
1290497501185858445,0.13663076923076922,13
1290514299247682827,0.31796,15
1290517475563626804,0.56535,2
1290519950429433667,0.375,3
1290548143353536747,0.7186,5
1290553672230710130,0.7403600000000001,5
1290561133379238612,0.4563,8
1290561176174660204,0.6632833333333333,6
1290567456145928909,0.27437,10
1290574688709793103,0.92085,2
1290575395937446285,0.2861142857142857,7
1290585015968134227,0.6239,1
1290586021160341590,0.48950000000000005,4
1290604089838912943,0.49265000000000003,2
1290610701780035435,0.249,3
1290641430319416998,0.8737375000000001,8
1290650142311706261,0.47428,10
1290713142593477536,0.9697,1
1290732156698104432,0.7818666666666667,3
1290734384055019287,0.2732,1
1290738349652721182,0.7896,1
1290742228315707569,0.7089,1
1290746456654739715,0.796,1
1290750536489025301,0.3725333333333333,3
1290761027925156067,0.6588,1
1290771369188075813,0.8481,1
1290913203046294717,0.4023631578947368,19
1291096193553205790,0.7772,2
1291142256634406149,0.9345857142857142,7
1291220182252597414,0.7906,1
1291228135418050044,0.4992666666666667,3
1291257601492576624,0.9848,1
1291306125142218772,-0.5293,1
1291332810950748895,0.8654999999999999,3
1291407885501806797,0.9753000000000001,2
1291474602772407194,0.9631,1
1291484702302170582,0.9109666666666666,3
1291520916888364688,0.6072333333333334,9
1291531357408619843,0.38130555555555556,18
1291551692842139698,0.46971538461538465,13
1291822578352666049,0.9808,1
1291842866345449984,0.6199666666666667,3
1291913252568254842,0.7738,2
1291949683928847333,0.5050666666666667,3
1291979050701681675,0.8027333333333333,3
1292020828371593665,0.4499533333333333,15
1292028788222377843,0.389525,4
1292032861893449039,0.84938,5
1292075734853344840,0.37166666666666665,3
1292094992779615758,0.44525,2
1292099718986602153,0.7906,1
1292114792700412619,0.5873,10
1292128315587665181,0.0,1
1292224361482000345,0.43881999999999993,5
1292249873219792976,0.5054571428571428,7
1292341949843207442,0.3146411764705882,17
1292404727996874721,0.3486222222222222,18
1292567891833137255,0.9837,1
1292582859421128244,0.5354666666666666,3
1292622024280381137,0.9217,1
1292632605690295165,0.9123333333333333,3
1292636710737119917,0.83865,2
1292637944522149013,0.0,1
1292695572675256346,0.9784,1
1292711954380468848,0.8580333333333333,3
1292732002192977305,0.3182,1
1292748980737522862,0.7841,1
1292762100680115063,0.6603333333333333,3
1292765718072531056,0.62824,10
1292778388651645610,-0.8439,1
1292856071743798066,0.6880000000000001,3
1292868119840939804,0.59722,5
1292873918607733017,0.9432,1
1292880344724852104,0.7281428571428571,7
1292883942623519167,0.6542307692307693,13
1292896588797027399,0.861175,4
1292900202416336878,0.7181500000000001,2
1292986249411194299,0.7901,2
1293002020965781994,0.5156777777777778,9
1293076087053131592,0.8689,1
1293265235576496464,0.8569,1
1293286793559736993,0.47085,6
1293288189419430454,0.875,1
1293303464848334639,0.27125,2
1293330090935749565,0.917725,4
1293334490911266895,0.5859,1
1293335081497869480,0.67538,5
1293364013856477537,0.9872,1
1293373047569543401,0.9787,1
1293396217694375509,0.44366666666666665,6
1293429681283799279,0.7098166666666667,6
1293445065416965873,0.7959,1
1293449213761393650,0.5771095238095237,21
1293483947219809989,0.9654,1
1293486101207446134,0.42216666666666663,3
1293538677605650557,0.312475,4
1293637414753185529,0.4215,1
1293644930003672718,0.5994,1
1293692222806905676,0.823,2
1293994834567679368,0.5295666666666666,3
1294021732596515757,0.4215,1
1294026684064885374,0.5943999999999999,3
1294031353437523824,0.66465,2
1294031691052099892,0.6988,1
1294101387301421062,0.5772833333333333,6
1294117175645671383,0.9761,1
1294121969186749339,0.47900000000000004,3
1294140943825065423,0.48935,2
1294163363794128258,0.5125500000000001,2
1294174576523964008,0.5092833333333333,6
1294183382640717071,0.6532,2
1294183524813458566,0.6621333333333334,3
1294189446497357924,0.9856,1
1294204273569145307,0.677025,8
1294265619981942124,0.9313,1
1294287309527492666,0.5957749999999999,16
1294302077165796493,0.53915,10
1294344368005459192,0.9117,1
1294358583750446725,0.9313,1
1294370820859224142,0.3443,2
1294407602192276776,0.7089,1
1294421947575808725,0.8241,2
1294479720866641877,0.9335,1
1294520984698412176,0.5812333333333334,3
1294649674768167987,0.21015000000000003,2
1294708279202889198,0.96245,2
1294718522950922307,0.8475,1
1294805089775278050,0.80414,5
1294856917620507199,0.79335,2
1294891726083226598,0.0,1
1294905334397147761,0.8597333333333333,3
1294942164149369086,0.7506,1
1294980187656468081,0.9034000000000001,7
1294981926064429528,0.7184,1
1295003245643467474,0.7074333333333334,3
1295059782719426621,0.7753,1
1295088794080417482,0.45710625,16
1295171841047700213,0.5372250000000001,4
1295412052250350321,0.30466666666666664,6
1295447369256202674,0.9713,1
1295468755731106784,0.73375,2
1295483911360653923,0.4094,4
1295492574969544190,-0.43765,2
1295513611198616955,0.9768,1
1295557489184942925,0.6249,1
1295595602294849182,0.0,1
1295680944240090293,0.7774,1
1295680980231956752,0.7096,1
1295694078194778684,-0.010300000000000004,2
1295706144946376699,0.42995,4
1295708148968281702,0.423635,20
1295730987019998554,0.8002333333333334,6
1295759409498983675,0.0,1
1295788905753668514,0.5615238095238095,21
1295826545168582003,0.98505,2
1296181362388046151,0.902,1
1296215928051004912,0.8250333333333334,3
1296230721194534296,0.5614,3
1296235214042631996,0.807,1
1296403436776281691,0.9846,1
1296407884489723844,0.8451500000000001,2
1296409762647795643,0.7906,1
1296501150667390516,0.9219999999999999,2
1296514382031714686,0.31820000000000004,2
1296540088778901569,0.9479,2
1296572048716559916,0.9355,1
1296575072871317495,0.77475,2
1296591198923837972,0.8414666666666667,3
1296591214643545478,0.9722,1
1296872981085619966,0.07474999999999998,2
1297021023916198894,0.8906555555555555,9
1297056955102932830,0.94235,2
1297109698310059292,0.21114285714285716,7
1297119094840941800,0.6013888888888889,9
1297149464644431310,0.985,1
1297232304541600533,0.8078,2
1297258614687304391,0.8313,1
1297366059869276076,0.786225,8
1297624366929073527,0.9059999999999999,2
1297637048410103066,0.6249,1
1297653182661958510,0.25245,10
1297666830558365733,0.6618111111111111,9
1297682486727891847,0.6665,3
1297705249227031461,0.69555,2
1297708565646940819,0.6153500000000001,2
1297740560349043582,0.7937,3
1297752594582079778,0.8442,1
1297776391681904356,0.9166,1
1297796391315067556,0.4674,2
1297835745720351861,-0.4784,1
1297870900717588210,0.9402,1
1297982544067901378,0.9936,1
1298012425486822130,0.9832,1
1298021059651305220,0.9117,1
1298092443517313651,0.8266,1
1298326738791163707,0.765,1
1298338964854288869,0.7846500000000001,2
1298359637674293804,0.6046400000000001,5
1298370381641018042,0.993,1
1298371079884744114,0.8555,1
1298398413157175800,0.8825,3
1298408130727697090,0.63222,5
1298420258969347918,0.46655,2
1298433521180003076,0.8803,1
1298437132179774378,0.8874,1
1298446640754284663,0.83528,5
1298454314577468803,0.5319,4
1298495184299790937,0.8988666666666667,3
1298497398980543997,0.9258,1
1298559594517459772,0.4754,1
1298597712024790245,0.41532,5
1298603071981129673,0.0,1
1298608266343453076,0.49688,5
1298625369286348931,0.70855,2
1298625544628186791,0.2159,6
1298628090967193261,0.0,1
1298628177387041078,-0.9263,1
1298628830501396897,0.8360333333333333,3
1298637338689367719,0.8655,1
1298658984222097695,0.7717,3
1298661543224559173,-0.3612,1
1298662194677277693,0.44775,2
1298675581497101598,0.5701666666666666,3
1298718098124863487,0.0,2
1298720060359142025,0.0,1
1298733866602361861,0.7906,1
1298737529962296929,0.4845875,16
1298760584437338077,0.732475,4
1298786825454563936,0.40845,2
1298794436544769473,0.3825,2
1298888909051052090,0.9765,2
1299029528346794169,0.0,1
1299029829294799159,0.8903,1
1299031356032525845,0.0,1
1299045361733505702,0.1988,15
1299091785327734741,0.5597125000000001,8
1299141675065938496,0.9440500000000001,2
1299178248216566979,0.6436666666666667,3
1299229174371994058,0.0,1
1299249959251923783,0.9217,1
1299307220120069867,0.8265,1
1299343409509531236,0.5699333333333333,6
1299392103293440904,0.4389,4
1299438834642984429,0.64795,2
1299797051541214921,0.8589,2
1299831198376204069,0.731,4
1299833368467588849,0.5762,2
1299872969038149840,0.79165,2
1299888051314734959,0.68145,2
1299893615865174780,0.8125333333333334,3
1299968764586984792,0.0516,1
1300059526892541286,0.2263,1
1300081779842694097,0.073375,4
1300099432903555009,0.9866,1
1300209100579064757,0.894325,4
1300282140996765099,0.859175,4
1300604048397220539,0.8126,1
1300611342978731309,0.7765625,8
1300618060924469957,-0.8439,1
1300635611404874686,0.9647,1
1300637223649468406,0.8008,1
1300638732673361605,0.9768,1
1300649389757401464,0.8033142857142856,7
1300650197511095905,0.49425,6
1300715096878317814,0.5423,1
1300717947548049729,0.9741,1
1300880462089104485,0.7454333333333333,3
1300926663257004606,0.43176666666666663,9
1300946721108358644,0.9569,1
1300957646053057185,0.7783,1
1300957837174683411,0.5010333333333333,15
1300966799916544728,0.9216,1
1301000218952600988,0.49888000000000005,10
1301277005508256703,0.6219,4
1301333768818340095,0.8669833333333333,6
1301339807747031129,0.665175,4
1301408130141374803,0.5563,1
1301410928315936382,0.0,1
1301524326863401732,0.9001,1
1301543673420385892,0.71665,2
1301559959047345619,0.9127,2
1301596684069309356,0.84945,2
1301620337310494140,0.4398,1
1301640544585726893,0.47825,2
1301910924872325982,0.9287,1
1302017818623396048,0.16069999999999998,3
1302097359285629145,0.9154333333333334,3
1302170909836667565,0.8714,1
1302209190583587194,0.5876857142857144,7
1302224692013222311,0.476425,4
1302227070632043490,0.9813,1
1302237497570423426,0.6710666666666666,6
1302334499290765248,0.0,1
1302363837927110680,0.7687,10
1302399772003884170,0.13137499999999996,4
1302669528257126850,0.588275,4
1302703505755559644,0.6484740740740741,27
1302726014056163275,0.9619500000000001,2
1302783188847969612,0.864,1
1302806273477796034,0.8122,1
1302934771916938227,0.6570285714285714,7
1302971650454179412,0.884,2
1302973310384135061,-0.583,2
1302991236048523148,0.9707,1
1302992747245724139,0.8622,1
1303037653908473028,0.5092333333333333,3
1303083506364792378,0.7232,1
1303091315976427685,0.3475625,8
1303182445987854138,0.6239,1
1303292834797294453,0.48741249999999997,8
1303454488094015733,0.9615,2
1303476544529720404,0.6249,1
1303484953190907648,0.11605000000000001,4
1303488369417121734,0.9402,1
1303491556620566223,0.640611111111111,9
1303504970851232859,0.9027333333333333,3
1303516583781118970,0.0,1
1303530635682511638,0.2787,2
1303539189106786056,0.0,1
1303550998459645249,0.7178,1
1303570600287709141,0.7773,1
1303576715146900187,0.93658,5
1303594374396600966,0.48275,2
1303596923004130078,0.7941666666666666,3
1303674804515474590,0.28535,2
1303711334756297467,0.8492999999999999,2
1303714322730633402,0.7077857142857144,7
1303714603012777662,0.0,1
1303718866214825409,0.9381,1
1303725326313733244,0.46290000000000003,3
1303732641650274248,0.26925,4
1303779470023852530,-0.00023333333333334463,3
1303791567015327524,0.9347666666666666,3
1303795332362252310,0.24836666666666665,3
1303803682287162364,0.4447,4
1303806896374995165,0.530675,4
1303810075700362059,0.35994000000000004,10
1303825016459310813,0.8881,1
1303832640693816255,0.9095,2
1303872717170073433,0.85884,5
1303877051559820150,0.0,1
1304204595842951074,0.6115,1
1304228699494524965,0.0516,1
1304262035566833124,0.9576,1
1304277496759139102,0.6096250000000001,4
1304279008151596684,0.9028,2
1304302889625092814,0.9152,2
1304312589086013319,0.8106857142857143,7
1304339678395399988,-0.5994,1
1304362361546049371,0.25020000000000003,3
1304378439123988787,0.15350000000000003,2
1304388856472844180,0.6248666666666667,6
1304402209849758944,0.5266333333333333,3
1304425082321907797,0.9333666666666667,3
1304428032567588721,0.0,1
1304451222772427151,0.41635,4
1304473419588771105,0.8904000000000001,2
1304525829915013496,0.91185,2
1304537877276084166,0.232,4
1304685073987276567,0.8596333333333334,3
1304754000517106569,0.8622,1
1304851133592684243,0.7237,2
1304867543586467700,0.43262500000000004,4
1304872052538245382,0.3647666666666667,3
1304922457810874849,0.9654,1
1304926930015383421,0.9176,1
1304942455435236084,0.24583333333333335,3
1304943200706141523,0.945,1
1304977972023400562,0.0,1
1305000990176900190,0.9771,1
1305022343868916280,0.9347,1
1305043611857911036,0.8024333333333332,3
1305046232593614663,0.8002,1
1305052257470303999,0.7906,1
1305057668324162921,0.9042,1
1305085951319456325,0.5260750000000001,4
1305108032873601254,0.8608333333333333,6
1305116940585276604,0.6249,1
1305117030072711249,0.4123090909090909,11
1305117385952118832,0.69896,5
1305142405920812710,0.743,1
1305222052565298999,0.42595,2
1305288245498689790,0.91785,2
1305304188209905219,0.7892,1
1305346242523786183,0.9661,1
1305560403507772808,0.7655000000000001,2
1305607883704177430,0.95174,5
1305614374990498520,0.6997,1
1305634455979245127,0.6440142857142857,7
1305699927820854571,-0.15580000000000002,4
1305725262969053335,0.23796,10
1305737134568558962,0.9428,1
1305766291688432835,0.72575,4
1305785829568458345,0.0,1
1305815816446783519,0.8402,1
1305832475296497057,0.4636,2
1305841550209742267,0.6258571428571429,7
1305869182399727679,0.8439,1
1305886346177382202,0.7091000000000001,2
1305919184419887322,0.0,1
1305953470551633577,0.9523,1
1306007915091852788,0.9922,1
1306196488425195095,0.37026,5
1306203571041357435,0.5771999999999999,4
1306470371475656732,0.87,2
1306472811558301868,0.126,2
1306499719494817386,0.5614666666666667,3
1306509384542269503,0.7777,1
1306536049798822667,-0.7831,1
1306569388544416317,0.4927,1
1306579613093165617,0.16455,2
1306651775161521787,-0.06695000000000001,2
1306766298088203958,0.5510333333333334,6
1307149817448070896,0.9275333333333333,3
1307157107454396075,0.8381714285714287,7
1307174553400131770,0.3253923076923077,13
1307221875636115871,0.9204333333333333,3
1307238352353011033,0.9522,1
1307252277139257798,0.6674800000000001,5
1307261487251560552,0.877,2
1307281831721926618,0.5453866666666667,15
1307335672069433661,0.0,2
1307341360455671726,0.7242599999999999,5
1307376142854115159,0.0,1
1307406112637397931,0.7239,1
1307455988011669725,0.9901,1
1307757038796705383,0.9608000000000001,2
1307782428690180406,-0.9823,1
1307824818391769493,0.8042333333333334,3
1307862397583079082,0.3138125,8
1307927016176824525,-0.9557,1
1307932574523288529,0.3400941176470588,17
1307938428117774730,0.9660666666666667,3
1307948592614088652,0.71038,5
1307978792176582619,0.67405,2
1307997197004860805,0.6835111111111112,9
1307997477604318147,0.5960833333333334,6
1308000765333971665,0.4798,2
1308003089026261357,0.6808,1
1308006000150762433,0.443,2
1308009097277451745,-0.8126,1
1308035455516179181,0.6020857142857142,7
1308041081263767830,0.52375,2
1308046018876635996,-0.17105000000000004,2
1308049873784110734,0.6515666666666666,3
1308053067246576283,0.2842,2
1308063328280747817,0.46465,2
1308069260235051619,0.9814,1
1308069338829388643,0.989,1
1308123132465973299,0.5416666666666666,3
1308136665020796119,0.9145,2
1308158278539672239,0.9835,1
1308165096976625901,0.9458,1
1308182311100959341,0.46005,2
1308434382478596974,0.7091666666666666,3
1308480650887761974,0.9377,1
1308502510209144145,0.28466,5
1308558984019858808,0.3696,3
1308562162078186600,-0.6108,1
1308579912269973375,0.4404,1
1308588272887856093,0.35647333333333336,15
1308590460293823212,0.9843,1
1308674235530933718,0.6498818181818181,11
1308687536134116463,0.74985,6
1308708000652746394,0.618375,8
1308713544192117978,0.5244,1
1308738549066603612,0.624175,4
1308784927719323781,0.9674499999999999,2
1308792704716549111,0.7003,1
1308824501027964445,0.0,1
1308868704255556389,0.262,4
1308964808419278831,0.8009,2
1308969359394693317,0.4717,2
1308976443493298221,0.9282999999999999,2
1309054960219548362,-0.11763333333333335,3
1309057057026063397,0.8387833333333333,6
1309165195350136253,0.9766,1
1309183443358102720,0.78975,2
1309214426990566574,0.9578,1
1309238712297942146,0.9285,1
1309272396251718937,0.92595,2
1309273842649641066,0.8481,1
1309305860624189471,0.8472,3
1309323188176872239,0.79635,2
1309325073766480270,0.01935,2
1309340789723190564,0.10115,2
1309340840783868514,0.0,1
1309340872938561096,0.0,1
1309442971659501375,0.8768750000000001,4
1309521060689798459,0.8933333333333332,9
1309613261499375566,0.9498,1
1309841682403177230,-0.4588,1
1309914927931320740,0.6249,1
1309956308869628024,0.0,1
1309972918355508092,0.8687,1
1309995986757845878,0.0,1
1310051279946060178,0.7666,1
1310059693952233505,0.6249,1
1310085683032551177,0.0,1
1310133953682268462,0.3308,6
1310142070443117361,0.7251000000000001,2
1310160781049233275,0.8537800000000001,5
1310197439998788124,0.8139200000000001,5
1310197508458235747,0.8056333333333333,3
1310199618118968223,0.0958666666666667,3
1310200615130880883,0.6638999999999999,4
1310201825529232760,0.41595,4
1310204799477730245,0.8338,1
1310205134223057646,0.3446,2
1310218124433045301,0.7962333333333333,3
1310241192242333164,0.9331333333333333,3
1310294003322053211,0.9416666666666668,3
1310299181094602322,0.0,1
1310409398205753848,0.9313,1
1310414848337750160,0.8240666666666666,3
1310421216119575727,0.9355,1
1310699033945099942,0.8317,2
1310780680895820374,0.473225,4
1310797414650052704,0.7156,1
1310824957573442847,0.9176,2
1310837836930368098,0.8881,2
1310841884113031716,0.8735,1
1310871999167349352,0.26931666666666665,6
1310885394125581859,0.8622,1
1311022756814701138,0.2202,2
1311104786990505539,0.0,1
1311179829381891755,0.006159999999999994,10
1311457360145778953,0.9627,1
1311471588002406215,0.6733399999999999,5
1311476179932521916,0.8779,1
1311498116371793146,0.14627500000000002,4
1311498739556957486,0.9719,1
1311542348134963471,0.10266666666666668,6
1311565164817156092,0.7384333333333334,6
1311585631462681693,0.49694000000000005,5
1311596983733302968,0.8779,1
1311605573835471339,0.37165,6
1311642227679929806,0.9846,1
1311724542198153011,0.22778,5
1311740964734343474,0.2263,1
1311749818642931307,0.7318250000000001,12
1311765797607187878,0.7096583333333334,12
1311788416565124192,0.7383500000000001,2
1311799264400791179,0.9607,1
1311804859785185176,0.73335,4
1311827862997213613,0.7661,1
1311881671542673742,0.9918,1
1311926923540291761,0.683975,4
1312015573741741581,0.44408000000000003,5
1312107173753789562,0.0,1
1312184454088619823,0.7921333333333335,3
1312221106091271823,0.3422625,8
1312260020723972878,0.0,1
1312326166478742494,0.977525,4
1312331268119819653,0.8832,1
1312350676360297247,0.0,2
1312389831773344216,0.8977,1
1312421724739747612,0.9616,2
1312473215119007418,0.31245,2
1312526552657865748,0.41231666666666666,6
1312532716987736567,0.891,1
1312537554014590891,0.5148,14
1312546798982335393,0.89855,2
1312565680767648349,0.8180999999999999,3
1312578781071533251,0.410575,8
1312589632208929489,0.0,1
1312665504564820011,-0.04106666666666666,3
1312689984064530116,-0.6859,1
1312848935479750424,0.70346,5
1312851356215247211,0.9704,1
1312881936520803943,0.9376249999999999,4
1312886150572194413,0.8609199999999999,5
1312892249366736661,0.9326666666666666,3
1312897836699448938,0.9933,1
1312898039839299389,0.60265,4
1312904385795149740,0.9581666666666667,3
1312909181340687562,0.55205,2
1312914677037728958,0.34147500000000003,8
1312915153129307719,0.3085333333333333,12
1312967504083866324,0.36423333333333335,3
1312979602874446411,0.7069000000000001,2
1312987588906620156,0.4404,1
1313014529376359167,0.7056,1
1313036703210412865,0.8625,1
1313044098939563168,0.9971,1
1313048910756678958,0.0,1
1313057641824321595,0.4215,1
1313071263914270466,0.67265,10
1313091649948812499,0.9501,1
1313111847443095276,0.9316,2
1313113164113582510,0.4063,2
1313122962150374396,0.9156500000000001,2
1313147893446124098,0.7789,1
1313149481382498997,0.31179999999999997,7
1313154475172338253,0.84215,4
1313164101719692069,0.76435,2
1313203665810336090,0.9619666666666666,3
1313243041219507064,0.443,2
1313647419939988608,0.925675,4
1313671210346835602,0.9551499999999999,2
1313708228505031487,0.702225,4
1313716500606016367,0.6187222222222223,18
1313722984068854493,0.6270833333333333,6
1313743911926193195,0.9845,1
1313810035063017703,0.2228,6
1313811347798660137,0.36202,5
1313846854401444684,0.55596,5
1313862497635216450,0.6458,3
1313961770281920538,0.1759,1
1313984494059182794,0.9749,1
1314014451512591773,0.6369,1
1314279444207731204,0.49929444444444443,18
1314316566264585624,0.2997,2
1314365783229965059,0.8979,1
1314374309106455175,0.7727833333333334,6
1314391528253705873,0.640375,4
1314391745096670333,0.35486666666666666,3
1314430878739199690,0.5585333333333333,6
1314439144588772434,0.7698,1
1314466437037962055,0.5829428571428572,7
1314475622141892490,0.5844428571428572,14
1314493914354138426,0.9311,1
1314501693459535803,0.8481,1
1314502293197930402,0.5286933333333333,15
1314536417861351712,0.9768,1
1314542008051613121,0.43079999999999996,5
1314556388963947636,0.6705,1
1314671758948463401,0.981,1
1314705076166935662,0.6538666666666667,3
1314712101531643576,0.63295,8
1315071522194522598,0.0,1
1315084977363905974,0.91915,2
1315093701893237202,0.9572499999999999,2
1315106254715130597,0.0,1
1315111797032644562,0.0,1
1315123559173237629,0.8906,1
1315127937895645304,0.9217,1
1315139338902858385,0.9434666666666667,3
1315154462821568077,0.78126,5
1315175164442724298,0.7491,2
1315177393080154583,0.38000000000000006,3
1315190565407426549,0.8492999999999999,2
1315196030429457884,-0.4568,2
1315200728189174058,0.3694,4
1315201235456290521,0.2561333333333333,3
1315207814096469137,-0.011399999999999966,2
1315209420142335437,0.862,1
1315215233287972992,0.9593,1
1315263683922319628,0.0,1
1315264849019920926,0.772375,4
1315271493498084790,0.6053333333333333,3
1315373106160866971,0.6845777777777777,9
1315399445149497604,0.129,3
1315470468715504428,0.36196,5
1315725986703842244,0.8977,1
1315765470434628036,0.42195,2
1315772954246306024,-0.2484,1
1315774426032372535,0.48005,2
1315802800139488075,0.6808,1
1315810580942979309,0.5874666666666667,3
1315832441163663894,0.0,1
1315880031696753726,0.7796333333333333,3
1315895420446182543,0.3487,1
1315898632285107562,0.9477,1
1315899613636333091,0.8329666666666666,3
1315902608947183860,0.0,1
1315905574850444183,0.31339999999999996,6
1315906715274951040,0.9468,1
1315915927325225488,0.85865,2
1316202216505583275,0.8651,3
1316210326145130709,0.753725,8
1316399620214935409,0.7343500000000001,2
1316407059233298722,0.6809000000000001,2
1316422948285613281,0.894225,4
1316513248440078647,0.06743333333333333,3
1316515988994266337,0.89485,2
1316521576526802490,0.7746999999999999,2
1316521640763834058,0.994,1
1316524430237374124,0.6839999999999999,2
1316525499134003490,0.805,3
1316557450702608172,0.761,5
1316580724162335344,0.9049666666666667,3
1316619145830261417,0.0,1
1316631635408173148,0.54248,5
1316735236127534486,0.8478,1
1316743060075339873,0.9652333333333334,3
1316769932171145114,0.24339999999999998,3
1316774628853672326,0.8144833333333333,6
1316861835529711188,0.7694799999999999,5
1316893208098340394,0.27954999999999997,4
1316894840010599563,0.860325,4
1316920166644838348,0.9441,1
1317012809488303871,0.427,2
1317108841125427100,0.20765,2
1317381867248387746,0.8329,3
1317446804435128168,0.8979,1
1317475047036205978,0.7760333333333334,6
1317481425278102719,0.6995750000000001,4
1317519591520971796,0.9903,1
1317546726976400968,0.9538,1
1317661112228247919,0.5518,1
1317734106130006159,0.05245000000000005,2
1317780953783385022,0.9246,2
1317957608562768036,0.7281833333333333,6
1317961338131151001,0.8316,1
1317968737056608150,0.6165499999999999,2
1318098865474814267,-0.09885,2
1318280576297003144,0.5837,3
1318296828104143963,0.3118666666666667,3
1318322529272633507,0.5342142857142858,7
1318470994467295090,0.74065,2
1318578699751697128,0.85385,2
1318623228935145285,0.47375,2
1318684746147437440,0.8352,3
1318703580846979322,-0.9761,1
1318750598839747981,0.7091333333333333,3
1318766633096473079,0.42405,2
1318767691657623162,0.9801,1
1318824430930503510,0.21075,2
1318825038452497092,0.6661166666666667,6
1318907376850785050,0.45895,4
1318930528441898273,0.9812,1
1318946806810441640,0.6138857142857143,7
1319388605547804249,0.4927,1
1319620667899409591,0.0,1
1319621734868463976,0.9633,1
1319821253970402591,0.7897,1
1320062774755846188,0.7358666666666668,3
1320205794360608685,0.9468,1
1320206098443392111,0.5224399999999999,5
1320207341347156304,0.9369,1
1320345095929879075,0.9824,1
1320371806290963694,0.908488888888889,9
1320429359533524183,0.9297500000000001,2
1320436641442986065,-0.2092,2
1320458795871943628,0.53185,4
1320460904873387499,0.4862333333333333,3
1320467167324109186,0.4298666666666667,3
1320590199201523194,0.6355571428571428,7
1320733914614731794,0.9657,1
1320852069571193144,0.47713333333333335,9
1320852714800684896,0.7641666666666667,3
1320878405683345338,0.771,1
1320884020069635656,0.9451,1
1320891524412149656,0.9911,1
1320918987781798648,0.95225,2
1320923315523428203,0.5003571428571428,7
1320927833263156086,0.8408,2
1320979231312912215,0.6249,1
1320980937178530333,0.97475,4
1320981809250646208,0.8118,1
1321013161540768792,0.6588,1
1321026064654233737,0.7754666666666666,3
1321214343061608208,0.8367,2
1321260886920284210,0.906,1
1321335508453958761,-0.6808,1
1321604767102351563,0.31936666666666663,3
1321625100474946961,-0.2755,1
1321646242753685217,0.2997,2
1321819399937585718,0.86155,2
1321837846667748035,0.86575,2
1321842842490839785,0.46894,5
1321859788874820366,0.8238,1
1321970021701306041,0.8924000000000001,2
1322022185842122706,0.353325,4
1322088678211898827,0.28259999999999996,2
1322432185081160491,0.7178,1
1322880160924004891,0.781825,4
1322940761624989040,0.9702,2
1323133499806417691,0.7538583333333334,12
1323150957264128525,0.4522,2
1323182677944303212,0.9319,1
1323236866848875422,0.7167600000000001,5
1323268204690627486,-0.3984,2
1323284431604367890,0.4229909090909091,11
1323323550729472687,0.9809,1
1323342897758619438,0.38544999999999996,8
1323359003833759999,0.05892500000000002,8
1323371749117119260,0.86885,2
1323373634788797429,0.43584000000000006,5
1323399338208463365,0.3558222222222222,9
1323496374178791279,0.8886666666666666,3
1323683982631870792,0.6472333333333333,3
1323703633493687427,0.8032333333333334,3
1323764339257578720,0.9421,1
1323801228708050825,0.41065,2
1323826053395048145,-0.5994,1
1323863775505599793,0.5403777777777778,9
1323874526438792597,0.7745714285714286,7
1323930914774672601,0.3057,2
1323952459982222403,0.9637,1
1323953775451947797,0.11255,8
1323972495496370774,0.6114,1
1323972587901828561,0.7910999999999999,2
1324021482413972290,-0.1406,1
1324194874772064270,0.8268,1
1324422880347304364,0.9856499999999999,2
1324437218063288703,0.0772,1
1324556243439879583,0.7003,1
1324588232066888225,0.78915,8
1324633076555127333,0.6003,3
1324667006959643324,0.7357571428571428,7
1324692983690096618,0.3051,3
1324724918396270590,0.45895,2
1324778687500012865,0.9540500000000001,2
1324842271376327087,0.48805,2
1325257660898104029,0.9806999999999999,2
1325262633437523412,0.7393000000000001,8
1325263299878874581,0.7677076923076923,13
1325280904208444452,0.9522,1
1325288771559743110,0.8805,1
1325301320619291649,0.9902,1
1325307866172931845,0.9824,1
1325341211796557525,0.92395,6
1325351794915929660,0.03534999999999999,2
1325392546632540274,0.45205,2
1325412666611227159,0.9801333333333333,3
1325421855380300026,0.668375,4
1325456965859359382,0.7777000000000001,10
1325535669265781508,0.6559,5
1325894036633026424,0.9729,1
1325915194409698068,-0.07344999999999999,4
1325941791681696557,0.8811,1
1325961986813275509,0.88888,5
1325970460622742550,0.9078,1
1326058412414219495,0.8741,1
1326058807499871212,0.9371,1
1326108431848677338,0.4565166666666667,6
1326113492249244764,0.13406666666666667,3
1326194054114891250,0.94225,2
1326205652369209976,0.9035,1
1326249735312697809,0.9632,1
1326530992338529312,0.73744,5
1326717442608916473,0.5927,2
1326725775418258468,0.9404,1
1326726953397023516,0.1258,4
1326804786550367186,0.8219333333333334,3
1326841983782330500,0.9122,3
1326850746833819799,0.94115,4
1326887676628148224,-0.1364,7
1326943652838457901,0.7906,1
1326996029948208712,0.68168,5
1327002900445434105,0.7805,2
1327108148048436711,0.6697,1
1327331043232826759,0.5539727272727273,11
1327355336974136471,0.8853333333333334,6
1327388834694460792,0.48695,2
1327398921148001292,0.8871600000000001,5
1327431292346355543,0.9492,1
1327479100497353297,-0.01375000000000004,2
1327494026983039644,0.78725,2
1327498127787004463,0.5563,1
1327505022001891403,0.79095,2
1327519213593857985,0.9578,1
1327531972699608739,0.47335,2
1327585928437801308,0.9815,1
1327588328932027793,0.8427666666666666,3
1327596842143863096,0.0,1
1327614259428679571,0.8126,1
1327689242574965559,0.8354999999999999,2
1327712991974351516,0.889625,8
1327715913760725131,0.8802,3
1327723837083727895,0.55113,10
1327758590007530579,0.47866,10
1327760271728197401,0.30461428571428567,7
1327771528561726213,0.50803,10
1327831799129737537,0.4489,17
1327843075271792790,0.4291666666666667,12
1327884499152147330,0.0725,7
1328117627428097988,0.92,1
1328123045220660342,0.82595,2
1328130042681579134,0.0,1
1328163002379564646,0.936,1
1328180650803972884,0.31634,5
1328219884466412179,0.9766,1
1328226998159110652,0.21945,2
1328260595109201641,0.7845,1
1328281674026967810,0.883,1
1328297481302984236,0.26280000000000003,5
1328304504299342677,0.47855,2
1328310195117499483,0.4019,2
1328323531856787920,0.93934,5
1328337844759148158,0.7384,4
1328337926412045090,0.7823,2
1328338319073178590,0.9937,1
1328338394159270757,0.29433333333333334,3
1328339314192911791,0.454,2
1328348244804938339,0.8381666666666666,3
1328363433550170986,0.6249,1
1328398472209129110,0.9791000000000001,2
1328426914872660302,0.95635,2
1328519093224053989,0.6044666666666667,6
1328523791814769599,0.70935,2
1328598973178210915,0.6984666666666667,6
1328762756873137849,0.7450333333333333,9
1328767464546991401,0.8602,1
1328811601646077358,0.0,1
1328824371639471166,0.8632,2
1328832788219922935,0.8700666666666667,3
1328850535180174359,0.04523333333333331,3
1328854837266910066,-0.15986666666666666,3
1328863315127761435,0.8146500000000001,2
1328932062060557142,0.906,1
1328968905892225487,0.8096,1
1328972897922580471,0.5686083333333333,12
1328977569421026077,0.6601,5
1329005403004520663,0.88885,2
1329017698212540443,0.9569,1
1329033041936214662,0.18974,5
1329036075448273357,0.9118,1
1329092367314704560,0.26144999999999996,4
1329140002472593395,0.4466,9
1329154043451678131,0.8182499999999999,2
1329157804114102979,0.4059,2
1329177218457812464,0.2484,2
1329365153026337180,0.9694,1
1329465863179404572,0.9925,1
1329505141010113351,0.7901777777777778,9
1329536063640522225,0.9441,1
1329550103371413606,-0.14603333333333332,3
1329556172505214403,0.04102499999999998,4
1329565802125868566,0.0368,4
1329581955276968391,0.10606666666666666,3
1329600228956354104,0.22056,10
1329609760850052962,0.6679,1
1329633207304572036,0.5970166666666666,6
1329647018323296061,0.8547,1
1329649947815658812,0.9299999999999999,2
1329654534130962489,0.31415714285714286,7
1329664959458529816,0.34452,5
1329665296257157845,0.92285,2
1329688841898414799,0.09302857142857143,7
1329693092097404878,0.9509,1
1329742115786941376,0.0,1
1329748793138502899,0.46195,2
1329761911120793347,-0.010999999999999982,4
1329764979293499334,0.5219400000000001,5
1329819244044269588,0.8301666666666666,3
1329843072056253817,0.6756166666666666,6
1329883814623717502,0.8687999999999999,3
1329893960156131286,0.9689000000000001,2
1329982545232122622,0.11097499999999999,4
1330010018818740582,0.22649999999999998,4
1330285453560496799,0.8261,3
1330302038186256275,0.9514,1
1330314712313424389,0.6249,1
1330320121888206885,0.84875,2
1330328293977723841,0.8495333333333334,3
1330334345281538092,0.608975,4
1330399812134491345,0.5994,1
1330400161921704625,0.665925,4
1330421008850665635,0.9391499999999999,2
1330429575397505010,0.8223499999999999,2
1330467279724028203,0.9925,1
1330482130295369587,0.88095,2
1330496758322231495,0.46323333333333333,6
1330539488480470376,0.8834666666666667,3
1330562975427297210,0.82675,4
1330619306849644335,0.593275,8
1330667520309407635,0.8951,1
1331034240604371196,0.96645,2
1331087481136693889,0.9381,1
1331094153383747248,0.6591,1
1331115259768466605,0.0,2
1331118531583594508,0.9549,1
1331213695641800373,0.8122888888888888,9
1331235526555168902,0.6106,1
1331266135972002466,0.19856666666666667,3
1331325235265906961,0.872,1
1331362463822254920,0.4588,1
1331370489367597112,0.939,1
1331394341321517959,0.4526,4
1331701320902990662,0.8622,1
1331705423212645336,0.93525,2
1331743409461892363,0.9846,1
1331773869906341269,0.9747,2
1331827606271528658,0.807,1
1331839131427489232,0.9737,1
1331887448601761401,0.9521999999999999,2
1331909845161711229,0.9236,1
1331948279448270785,0.5774,1
1331961954840393219,0.6249,1
1331966064211994784,0.45835,2
1331967447442493551,0.46735,2
1331991937881642481,0.7857,6
1332042012967323909,0.3883666666666667,3
1332045757706208466,0.6151571428571428,7
1332084159955550202,0.1390111111111111,9
1332101470183908653,0.65258,5
1332164361792847794,0.7778,3
1332489222567665375,0.9546,1
1332510098282041379,0.8217,1
1332511620690249435,0.7706500000000001,2
1332578786280094753,0.891,1
1332585169332674016,0.8872285714285714,7
1332606266449245913,0.9332333333333334,3
1332612391753500360,0.0,1
1332625864515855905,0.28066,5
1332691797224729714,0.9357,1
1332694717428594025,0.73265,2
1332721531410668374,0.926,1
1332757245539118562,0.66425,2
1332769137208680243,0.0,1
1332809841187661162,0.34,1
1332988545705600963,0.8275,4
1333095724027791413,0.7506,4
1333158400105595749,0.981,1
1333158839427562093,-0.5994,1
1333178071070961174,0.9809,1
1333273236410327588,0.5460454545454545,11
1333277211266664476,0.8850250000000001,4
1333313799822187295,0.9874,1
1333314538319158892,0.7462500000000001,2
1333317330236359729,0.5917833333333333,6
1333330902026108072,0.8625,1
1333350947954906484,0.743,1
1333493010406524014,0.9411,1
1333523562211938215,0.3119,2
1333922684066351135,0.7423666666666667,9
1333937687098705352,0.917725,4
1333953453373319107,0.7675545454545454,11
1333983212864967818,-0.9136,1
1333989909612833965,0.6165200000000001,5
1334012086845250023,0.85485,4
1334030008495720393,0.46946666666666664,3
1334039210116233601,-0.074,4
1334096301398374060,0.20595714285714287,7
1334102721414901916,0.655888888888889,9
1334110007501660497,0.5955166666666667,6
1334111301967024550,0.4124875,8
1334113398880172753,0.115925,4
1334126436902372647,0.53103,10
1334131057205397051,0.6475166666666666,6
1334184983505020614,0.9661,1
1334236601871395280,0.7548,1
1334247748005301485,0.0,1
1334257772583696871,0.0,1
1334275748968652284,0.14489999999999997,2
1334284054889654720,0.6588,1
1334362602790523036,0.5634,3
1334493471117918662,0.5747625000000001,16
1334519563787977599,0.84246,5
1334626891383990469,0.6785142857142857,7
1334688542170012032,0.849442857142857,7
1334694419968887033,0.8141,2
1334705785518027096,0.0,1
1334712802880628583,-0.042666666666666665,3
1334714857469010290,0.5078666666666667,3
1334715450815957121,0.4338,2
1334765242162362212,0.0,2
1334784403531916093,-0.3045333333333333,3
1334795484576361822,0.92075,2
1334815428696005400,0.8490000000000001,3
1334883622703966644,0.8519,1
1334904307717044796,-0.02880000000000002,4
1334904429503000733,0.5584,1
1335005101186675185,0.9642,6
1335065446431517921,0.9508,1
1335136280587315231,0.3026111111111111,9
1335276046771859696,0.939,1
1335280935199991900,0.9781500000000001,2
1335299979399434396,0.43955714285714287,7
1335323936734031281,0.83205,4
1335365010506098372,0.9481333333333333,3
1335389354415523153,0.7634,2
1335406423637781605,0.5758,5
1335440222882855907,0.9531,1
1335464961094327993,0.9226,1
1335491438703410992,0.42394666666666664,15
1335546137691625569,0.34708333333333335,6
1335567891857282036,0.370275,8
1335621133796336532,0.9032333333333332,3
1335637608205050128,0.9002399999999999,5
1335714695587937512,0.9259,1
1335720920714948657,0.6200749999999999,4
1335847871840590826,0.9323,1
1335892898449407173,0.7978,3
1335958514582612269,0.9152666666666667,3
1336048246292749143,0.2775,2
1336068522128547102,0.8683375,8
1336075738978760310,0.3226,3
1336087537667031512,0.8796999999999999,2
1336116531823357521,0.8481,1
1336149742958607199,0.9473,1
1336151610046049669,0.38409999999999994,3
1336154133719397353,0.36454,10
1336172601294108741,0.624,12
1336228149283311502,0.0,1
1336232051153124713,0.86365,2
1336232063001622646,0.9622,1
1336258510821870715,0.636,1
1336268594620745563,0.718125,8
1336280211367555422,-0.4879,1
1336339266389458850,0.4918,3
1336342785070232194,0.9773000000000001,2
1336434094452284441,0.38845714285714283,7
1336439381061224980,0.4019,1
1336897176707437322,0.95625,2
1336933398711523095,0.5473166666666667,6
1336937342366051177,0.49175,2
1336980659810114627,0.8422941176470587,17
1337083889444635926,0.4802,2
1337089701586992189,0.6369666666666667,3
1337191208863918339,0.245225,4
1337219455616063265,0.9559,2
1337278535034688500,-0.18338000000000002,5
1337473348683458005,0.923,1
1337528479680524128,0.966,1
1337633584522214866,0.439425,8
1337649159188031246,0.6091,3
1337668637862533203,0.3037,2
1337713666200002030,0.9883,1
1337724444196250387,0.401,2
1337758604290370352,0.3418285714285714,7
1337771557090478751,0.6164,2
1337777346529416476,0.9468000000000001,2
1337838755728456700,0.8266333333333332,3
1337873246028246327,0.6180285714285715,7
1337891910553353905,0.53805,2
1337921952383149033,0.938,4
1338166327318914422,0.7511333333333333,3
1338190120639567690,0.4756857142857143,14
1338236044457410645,0.78575,4
1338238234244358299,0.7717,1
1338269992921899845,0.63205,2
1338303311902360618,-0.296,1
1338303641383852972,0.4939,1
1338337442723407680,0.8776,3
1338338567960871699,0.6404799999999999,5
1338392210059039812,0.7744384615384615,13
1338412182905431882,0.7360599999999999,5
1338432321096806015,0.9512,1
1338465029691206229,0.8887,6
1338470366156755291,0.6120333333333333,3
1338479111030221081,0.04711999999999999,5
1338495474513294829,0.8639714285714286,7
1338630982780528387,0.7626833333333334,6
1338738292075961438,0.76435,2
1338895049694763046,0.4141,4
1338939855277353616,0.8868,2
1338975456020873349,0.2548333333333333,3
1339010766146869319,-0.5499,1
1339035662412350928,0.84095,6
1339067583031373820,0.5711,2
1339078557285221983,0.8721,5
1339087350874190650,0.9948,1
1339113282675371784,0.21140000000000003,3
1339118026231672224,0.0,1
1339128668418216834,-0.6858,1
1339130434483651102,0.71355,4
1339135054301534427,0.5210375,8
1339143129724597656,0.17225000000000001,4
1339146384219798874,0.356,2
1339153063208353160,0.9246,1
1339179463386147233,0.6363000000000001,4
1339188382042047407,0.0,1
1339189658191039882,0.0,1
1339196752185874236,0.7947833333333333,6
1339316300912439056,0.9543,1
1339318186456586313,0.407625,4
1339324300673262486,0.982,1
1339364387030465651,0.40852000000000005,10
1339372623261855290,0.1526,2
1339495787652373018,0.9283666666666667,3
1339634174271309154,0.7401666666666666,3
1339676400885099523,0.6465636363636363,11
1339727244690829231,0.2374,2
1339751969121400371,0.61215,2
1339758465671158321,-0.166875,4
1339760094184396847,0.9099,2
1339767699265221143,0.9245,1
1339767763557445324,-0.4118,1
1339770019920333028,0.25053333333333333,3
1339775964687019844,0.30323333333333335,9
1339786682030053925,-0.12532857142857143,7
1339791103617738570,0.0,1
1339802411786161185,0.6364166666666666,6
1339823340523463617,0.59545,2
1339830868738656020,0.37856666666666666,3
1339834144184406886,0.4919428571428571,7
1339836612618885290,-0.8481,1
1339847145701464875,0.8689,1
1339870131996442389,0.0,1
1339872421420804582,0.34031,10
1339877350648678883,0.64785,2
1339881463687556185,0.6486,1
1339884922704804047,0.6963454545454545,11
1339892126807867361,0.7773,1
1339895874393326378,0.65,2
1339897796289779239,0.872,1
1339899765812523231,0.7601,1
1339914405139029131,0.8166,7
1339951258004285572,0.43098333333333333,6
1339959123099185800,0.8665,2
1339960002571630396,0.4588,1
1339963387562263364,0.4692333333333334,6
1339995310697768659,0.5866,5
1340035926313228188,0.06166666666666668,3
1340064270533619370,0.60896,5
1340136144645004415,0.719325,4
1340157382096615049,0.6369,1
1340335790488962956,0.8092,1
1340378922839304911,0.58995,6
1340390395044321269,0.51135,4
1340455202954948121,0.4661875,8
1340515542651031824,0.215,6
1340532794639498512,0.6249,1
1340536676592311743,0.6888,1
1340543541240782747,0.7561222222222223,9
1340592986186743873,0.0,1
1340603043080250725,0.6225666666666667,6
1340623068327691661,0.7094,2
1340623613247592747,0.9926,1
1340641310844376500,0.941,1
1340644106732683544,0.9392,1
1340659569298735481,-0.743,1
1340700282003356239,0.9123,1
1340733225557213096,0.39563333333333334,9
1340754462920580293,0.30393333333333333,6
1340765191778139913,0.1998,3
1340786762099509900,0.5101125,8
1340793064028940535,0.9556,1
1340876155728349981,0.7351,1
1340944697759822731,-0.2519,2
1340960195409634859,0.59408,5
1340963864534081934,0.6622666666666667,6
1341052842591919567,0.9524,1
1341081230816569126,0.2305,7
1341156979718952480,0.36338333333333334,6
1341188047750227858,0.8481,1
1341203105641215379,0.5914625,8
1341211697572978466,0.9224,1
1341224373131375160,0.9507,1
1341267371670810241,0.6115,1
1341282256152418729,0.4724333333333333,3
1341334882397969918,0.4787181818181818,11
1341339479648526119,0.7145,1
1341406242610839014,0.7700999999999999,3
1341429041276378634,-0.5789,1
1341432746759202131,0.416225,4
1341440156276705239,0.0,1
1341513305811855553,0.9308,1
1341527252448845325,0.81045,2
1341537632784479938,0.70715,6
1341551461265482081,0.8653,4
1341606971376787399,0.9365,1
1341607078457115314,0.9723,1
1341776571134702872,0.8439,1
1342016268654837209,0.9876,1
1342021194425766718,0.96705,2
1342044294405586606,0.5719,1
1342056423819390448,0.651725,4
1342105112659450307,0.323,3
1342135461088712746,0.6729857142857144,7
1342176764050229561,0.9437,1
1342337101756285424,0.0516,1
1342583337134863643,0.45903333333333335,3
1342584340641329701,0.9330499999999999,2
1342595546731645905,0.4819333333333333,3
1342595945796752486,0.69736,5
1342626321342021705,0.34,1
1342652671634674681,-0.128,1
1342662399585330913,0.75634,5
1342706109227487510,0.9399,1
1342718925854813573,0.9516,1
1342728610672695617,0.9430000000000001,2
1342744193580231027,0.40499999999999997,5
1342780015311179018,0.60555,2
1342803474274671106,0.9216,1
1342820509898889713,0.6648499999999999,2
1342826303216694584,0.81915,2
1342831833884549127,0.0598,3
1342841329886268280,0.5487333333333333,3
1342868028370525983,0.8782407407407407,27
1342899136840194786,0.9375,3
1342941767189583706,0.44895,2
1343265570514655992,0.68312,5
1343393125412892539,0.40198333333333336,6
1343425457868027213,0.8914,1
1343427222324713729,0.9365600000000001,5
1343446788482472291,0.5972,1
1343465123077273433,0.7281,4
1343529592650228383,0.9116,1
1343588791417621614,0.0,1
1343601757612977581,0.15718571428571426,7
1343621085046299951,0.7003,1
1343627659539128018,0.8,1
1343658722459804655,0.7579,1
1343685066790967508,0.7254499999999999,2
1343700233671373591,0.9062,1
1343710222899195759,0.0,1
1343763067873117200,0.6249,1
1343914884420100796,-0.4404,1
1343934837081977152,0.6786,1
1343956267711296309,0.7114666666666666,3
1343962832343818201,0.49405,2
1343991336860365461,0.9875,1
1343998473669396602,0.9044833333333333,6
1344021599401082009,0.7269,1
1344031842794360324,0.7158666666666665,6
1344052539144595974,0.34738,5
1344088493749379714,0.9552,1
1344112615624269397,0.20784999999999998,2
1344123400807601679,-0.8348,2
1344123515548600121,0.9774,1
1344123924001275924,0.8643,1
1344139007796030099,0.8878600000000001,5
1344152878171971487,0.70392,5
1344160113465278350,0.7699,2
1344169347637276051,0.4404,1
1344201887986458779,0.59636,5
1344209724571429437,0.6377,3
1344229714710527968,0.9543,4
1344280762346208322,0.0,1
1344296546877910839,0.7899499999999999,2
1344409057175998529,0.566425,8
1344432822713720575,0.5994,1
1344437158344806126,0.9308,1
1344528328375645969,0.8774,2
1344777411118536527,0.44584999999999997,8
1344809088010967603,0.8564333333333334,3
1344819027855012749,0.9681,2
1344845757966082043,0.5287083333333333,12
1344876885655421759,0.9002166666666667,6
1344880629718752088,0.2729833333333333,6
1344890741478905798,0.9916,1
1344931218291230877,0.5563,1
1344939468351297420,0.5011,2
1344939988142061140,0.73734,5
1344982334802027797,0.8346,2
1345067340401452921,0.255,3
1345074436175640786,0.7564,1
1345076502260930708,0.9522,1
1345077073890113706,0.6249,1
1345099239055373044,0.5288333333333334,3
1345105673689552288,0.807,1
1345471461419778625,0.826525,4
1345473417314618918,0.9118,1
1345509698547701287,0.5460666666666667,3
1345525696549627989,0.1936,2
1345552522989744981,0.9879,1
1345604967113905733,0.6211666666666668,9
1345605127090147627,0.61335,6
1345605290613012184,0.9737,2
1345610979609788469,-0.9062,1
1345663067976947167,0.50984,5
1345665093154194598,0.8481333333333333,3
1345672818157856021,0.96665,2
1345681715331941546,0.7783,1
1345713485409340009,0.13795,2
1345753279205497985,0.28160714285714283,14
1345758698947712210,0.27,2
1345855874392679029,0.0,1
1345890322049189064,0.8522,1
1346001072235787076,0.45005,2
1346006311596502164,0.4201,1
1346006532658758345,0.9772,1
1346006875674731053,-0.03165000000000001,2
1346125471415267630,0.7086,1
1346142041093568581,0.8851,4
1346179835342045268,0.8554571428571428,7
1346223458199553030,0.0,1
1346366436248172301,0.81395,2
1346376390477562006,0.8935166666666667,6
1346441597983441971,0.8122,1
1346461550612541965,0.872,1
1346547141725339779,0.9833,1
1346549914633994378,0.9707,1
1346550105782567749,0.0,1
1346575260895983349,-0.01770000000000001,6
1346581279676759974,0.6477333333333334,3
1346587914531119922,0.085,4
1346904483794929199,0.88385,2
1346945500869984654,0.593525,4
1346949730422765572,0.20757499999999998,4
1346987464017307376,0.9153,1
1347040213414065021,0.43456249999999996,8
1347057241407081916,0.07655,2
1347061703447237144,0.6249,1
1347151745812567551,0.4873,2
1347180923282457049,0.4215,1
1347188391909093452,0.96265,2
1347194254413544002,0.727175,4
1347248754274828272,0.9382,3
1347261823824436376,0.8158,3
1347267386400161159,0.45304,5
1347285879120108862,0.5859,1
1347318821250679781,0.6214999999999999,5
1347354233549336113,0.20086666666666667,6
1347457609165275803,0.4636,2
1347610518893430172,0.45302857142857145,7
1347628844936340414,0.91,1
1347631534156655274,0.8356,2
1347636946095925334,0.33282500000000004,4
1347664379842536341,0.8316,1
1347729815494830023,0.7677400000000001,5
1347736630535155098,0.8290333333333333,3
1347742019825529756,0.8504,4
1347744790477375919,0.606,2
1347815755100635211,0.455,2
1347862931423852803,-0.0031999999999999806,3
1347930157318917914,0.0,1
1347948267522746142,0.7143941176470588,17
1347964120097004911,0.6821,6
1347968373912844410,-0.54625,2
1348000281319146373,0.9091,1
1348058309684372414,0.7427666666666667,6
1348068771734919516,0.9319000000000001,6
1348200208279974504,0.9427,1
1348248538608148783,0.9534750000000001,4
1348395001014068799,0.9782333333333333,3
1348408207673803837,0.61365,4
1348410811396767731,-0.703,1
1348414039154919314,0.23415,4
1348437301699192654,0.26675,2
1348438340688924690,0.9948,1
1348522184267060238,0.9731000000000001,2
1348523856076999920,0.44376,5
1348534935644270779,0.9176333333333333,3
1348546619875972765,0.4828,2
1348550811407197994,0.9829,1
1348552284080808275,0.28836666666666666,3
1348569463467004532,0.9156,2
1348638664223436082,0.5891333333333334,3
1348665333522740298,0.0,1
1348707299580498988,0.9594,1
1348753507470169636,0.9231,1
1349072507063022959,0.8883,1
1349102273970260596,-0.005466666666666657,3
1349125165107471355,0.28162000000000004,5
1349156688217888309,0.6588,1
1349171720408621369,0.0,1
1349177634159858638,0.8412666666666667,3
1349202289907135755,0.27185000000000004,2
1349258870748261652,-0.9485,1
1349325852504632392,0.6350800000000001,5
1349332048968713252,0.8687,3
1349378065835668459,0.36695,2
1349380984678079926,0.7845,1
1349401609473970990,0.9623,1
1349419693269934112,-0.6115,1
1349436517653067175,0.9440999999999999,2
1349459503018408841,0.9824,1
1349484096910168883,0.8868166666666667,6
1349747516996183870,0.6239,1
1349775866574526081,0.7581333333333333,3
1349804399565948585,0.9245,1
1349821072526997966,0.90835,4
1349825469098663623,0.9427,1
1349900814685964877,0.4575,2
1349902887292551476,0.95855,2
1349912717793199099,0.16976666666666665,3
1349916079354143489,0.58772,5
1349927797765469281,0.177025,4
1349937078820213889,0.0,1
1349976886421872385,0.4215,1
1349984195081772665,0.8834,1
1349984869328387662,0.7906,1
1349998454482230321,-0.9933,1
1350019730196358823,0.0,1
1350030563658814750,0.8631,1
1350033788579070655,0.8555,1
1350072632200429177,0.5892000000000001,3
1350112189027232069,0.9943,1
1350122019730217876,0.71555,4
1350125151128699221,0.6168333333333333,3
1350231013779103067,0.8153666666666667,3
1350240589810415137,0.565,4
1350410221384638910,0.9694,1
1350436452248105435,0.8092333333333332,3
1350596775176235632,0.48105,2
1350600457887419500,0.9688,1
1350607108378665222,0.3061,6
1350634657950627648,0.96715,2
1350642850344292563,0.4507875,8
1350649263928395541,0.6014,3
1350670351460777236,0.7922375,8
1350670649466470399,0.7462,2
1350708152355411949,0.399175,4
1350708559879618139,0.7222916666666667,12
1350708559893906434,0.41556,5
1350719681719640342,0.6174833333333333,6
1350760088030456276,0.42375,2
1350787730378818923,0.33801666666666663,6
1350803094998821678,0.9849,1
1350866673914297231,0.34,1
1350966526022390771,0.8955,2
1351126456298173964,0.7032,1
1351217138709235683,0.9888,1
1351244714395434925,0.5709,1
1351256908571421754,0.9852,1
1351268629064591650,-0.5267,1
1351280894744308204,0.5802,3
1351284456477979168,0.97665,2
1351339427942153578,0.54374,5
1351350511904265973,0.7800571428571429,7
1351410910008883202,0.8807,1
1351416621212926734,0.9261666666666667,3
1351421133573590622,0.7901,1
1351501129328246561,0.38527142857142854,7
1351519669176131352,0.8478,1
1351623681483721080,0.8461333333333334,6
1351792257241316907,0.85788,10
1351868143279762068,0.392,2
1351931177612440226,-0.20095,2
1351962070583755425,0.16637500000000002,4
1351982726005317864,0.79325,2
1352013785834962824,0.1366,2
1352100387815082303,0.79165,2
1352129580862110625,0.7299,4
1352137603807876487,-0.9453,1
1352224128326647271,0.5146333333333334,9
1352288123985954052,0.7202647058823529,17
1352331440311277235,0.5719,1
1352468099589735817,0.943,1
1352511043411351847,0.7989,3
1352511487278249050,0.705675,4
1352513469907780128,0.79965,2
1352614092958383596,0.7527333333333334,3
1352722880583949858,0.8616999999999999,2
1352735653182273464,0.9824,1
1352778527018896783,0.94905,2
1352878794371564235,0.846,6
1352895538971754036,0.9125,1
1352900562889850806,0.6975,1
1352910713208566430,-0.6458,1
1352913091492543200,0.49075,2
1352985027360737672,0.8182833333333334,6
1353007056425412727,0.8622,1
1353013526613460422,0.9324,1
1353069259846176463,0.31079999999999997,2
1353070968033714435,0.7154,2
1353104831683281579,0.8399,1
1353130809331328890,0.6997,1
1353195296477771986,0.6650444444444444,9
1353211632651533937,0.5664333333333333,6
1353439002621939047,0.5954333333333334,9
1353476942549707597,0.9202,7
1353505634410226064,0.9877,1
1353514045838741769,0.38316,5
1353514162348662650,0.9519,1
1353608174249154226,0.8225,1
1353609101061676750,0.4789,2
1353612868573830182,0.8197,1
1353618479502571418,0.9866,1
1353624485921515613,0.0,1
1353630332063937390,-0.11718000000000002,5
1353653399196192171,0.6242545454545454,11
1353688831040141998,0.7969142857142858,7
1353703058886877415,0.8716,1
1353741642772743248,0.8887833333333334,6
1353764016030413271,0.7789166666666667,18
1353766854149919469,0.5950000000000001,3
1353804136816533879,0.6808,1
1353814810441463413,0.8503333333333334,3
1353848185017008513,0.8176,1
1353860219813421506,0.9797,1
1353883071301721891,0.9748333333333333,3
1353891522724030232,0.9753499999999999,2
1353915705546041251,0.09449999999999997,2
1353917296339996068,0.31784999999999997,2
1353924511923780215,0.961,3
1354130445661797993,0.09509999999999999,4
1354245944976541927,0.2083,3
1354248216804979127,0.7602,2
1354253889528151922,0.9604,1
1354290220722844852,0.8034,1
1354303222313937470,0.8187,5
1354312623368004288,0.83085,2
1354315710233702734,0.7269,1
1354356421242207726,0.48845,2
1354366834333192235,0.8142333333333333,3
1354366958380158225,0.5311444444444445,9
1354368305609329861,0.9698,2
1354371411447757563,0.9501333333333334,3
1354398746051455210,0.8755909090909092,11
1354399803996414137,0.7091000000000001,7
1354424054380105037,0.24695,2
1354463003983357040,0.8751599999999999,5
1354516512978713044,0.469375,4
1354531090141720808,0.0,1
1354535598280578487,0.904175,8
1354537567019822748,0.8064,2
1354551878893341998,0.9836,1
1354859343332293848,0.4088,2
1354865910166794251,-0.006799999999999991,3
1354881974969874605,-0.7148,1
1354888829436996762,0.7495,1
1354947164894033218,0.3261,8
1354953841389873205,0.6249,1
1354955044227055384,0.18124999999999997,2
1354964697909818627,0.884525,4
1355003323877348971,0.0,1
1355013725572071829,0.8792,1
1355021954306116016,0.965325,4
1355061953747280174,0.555375,4
1355075683597428807,0.053333333333333344,3
1355118194625581623,0.0,1
1355155241711293652,0.4215,1
1355157972566467664,0.8016,1
1355158291066141746,0.46605,2
1355163703144239132,0.872,2
1355183611486662066,0.35346428571428573,14
1355209326248878976,0.31245,2
1355245531941419234,0.77928,5
1355291946026471764,0.704075,4
1355316947612771485,0.8065000000000001,3
1355623518561172750,0.7248666666666667,3
1355630176208372962,-0.0747,3
1355657767449430725,0.7663,2
1355660838095026125,0.5267,1
1355667594265990899,0.0,2
1355697078981489205,0.20095,2
1355717920283023815,0.49212500000000003,4
1355734392264067771,0.0,1
1355734584807978831,0.6030800000000001,5
1355739784671923366,0.6249,1
1355762590219858862,0.8651714285714286,7
1355773772989266365,0.0,1
1355800587783134386,0.74655,8
1355830730173175396,0.881025,4
1355851115868557322,0.0,1
1356043647584309098,0.5917,3
1356289039282508312,0.9868,1
1356396790702723728,0.855,3
1356444446368117715,0.6074666666666667,6
1356457862205428436,0.665025,4
1356488396132752982,0.0,1
1356514772802283816,0.9476,1
1356540086935941422,0.6293,5
1356564790311718777,0.9573499999999999,2
1356639266763427102,0.5114,4
1356644316957138215,-0.5267,1
1356655120116698889,-0.3595,1
1356801004382118035,0.803,1
1356816831158801247,0.6152333333333333,3
1357057766998902152,0.7712,2
1357169974232971737,0.67285,16
1357176536207648935,0.8915500000000001,2
1357262557654468842,0.91745,2
1357275456199911864,0.796,1
1357312112574938209,0.5267,1
1357364236812873240,0.8601,2
1357375540020298077,0.8642666666666666,3
1357440846612447119,0.7255636363636364,11
1357467840566363797,0.4529,2
1357489626819177791,0.04485,2
1357845846072770170,0.0013333333333333346,3
1357853609672966583,-0.0024000000000000132,2
1357910071011946828,0.5026,6
1357917370030875727,0.4589666666666667,3
1357949474202733888,0.6787,2
1357993535366522618,0.40084,5
1358043540724764189,0.5689000000000001,3
1358087778942771443,0.29,3
1358122179435423594,0.7644,1
1358139957926898173,0.4352,3
1358165874639906417,0.82975,2
1358181251688638978,0.988,1
1358229701397342864,0.9258,1
1358322297685797736,0.7714,2
1358572444894833874,0.9455,1
1358581218626758291,0.0,2
1358583607741756183,0.8715,1
1358593971345232584,0.6239,2
1358629711813351369,0.5169666666666667,3
1358671363208559417,0.6205499999999999,4
1358710310590718921,-0.4588,1
1358717229732784244,0.5871999999999999,2
1358734193404871106,0.6702666666666667,6
1358738125485664184,0.4964,4
1358742983037218681,0.7003,1
1358774846429328496,0.6372,2
1358810001707237036,0.5943666666666667,3
1358816870840867435,0.427125,4
1358821516015476791,0.695475,4
1358831167131794600,0.93145,2
1358852385919460818,0.617175,4
1358864336379961728,0.707,1
1358864453026445275,0.3851,2
1358874823755621900,0.9306,1
1358877381227660793,0.2023,1
1358917041593688467,0.3585,1
1358935491201247046,0.16966153846153847,13
1358945868080936369,0.6930400000000001,5
1359284470235310668,0.9493,1
1359317400227307789,0.6451333333333333,3
1359335355231840026,0.0,1
1359359340411921850,0.953,1
1359400894390492817,0.03614285714285715,7
1359405065396489889,0.0,1
1359411505265443016,0.92435,2
1359414299587086228,0.9741,1
1359414348813111516,0.03770000000000001,2
1359435379200801396,0.7269,1
1359465699572428455,0.9551,1
1359472999718111736,0.772,4
1359503199325009709,0.9328,3
1359529982085263723,0.7646999999999999,2
1359564141963961112,0.524075,8
1359602309696576584,0.3374875,8
1359606376851553124,0.8786999999999999,3
1359615143415958252,0.8661,3
1359621813666054517,0.5495785714285714,14
1359664839080541699,0.7584799999999999,5
1359938212735491784,0.357425,4
1359957978693719540,0.8761000000000001,3
1359959916444763162,0.0,1
1360005045160524898,0.6392857142857142,7
1360032023921716783,0.3740428571428572,7
1360037514125751373,0.91165,2
1360043040241254682,0.9361999999999999,2
1360079268960648245,0.8566,1
1360091922953619634,0.59256,10
1360092973209199188,0.8487,3
1360098344619019155,0.47,4
1360112467010436886,0.8264,8
1360116278805467738,0.682725,4
1360168287717881784,0.83725,2
1360175423459457607,0.6709400000000001,5
1360183414908355376,0.8097000000000001,2
1360210626820246832,0.0,1
1360269555960807735,0.938,1
1360291820353371429,0.48588181818181825,11
1360306164273516062,0.36658,10
1360320489249733937,0.33308,5
1360322151297855183,0.582625,4
1360355774007062304,0.67082,5
1360362808028834305,0.44035,2
1360364664720426814,0.7177,2
1360543468716371009,0.4946,2
1360625197644267583,0.46035,4
1360692158335813417,0.8064,3
1360693387924091485,0.7949666666666667,3
1360763136665288797,0.3767333333333333,3
1360802769384548934,0.8817833333333334,6
1360806832688379054,0.89154,5
1360822634938110611,0.82388,5
1360836949871097043,0.7879999999999999,3
1360842131244430916,0.4166666666666667,3
1360865770531852288,0.965425,4
1360871754963780339,0.93015,2
1360875226861068887,0.30056,5
1360892769740171255,0.6588,1
1360926503850644702,0.9409,1
1360933821164682538,0.70078,5
1360946862560056327,-0.148,2
1360980741639710457,0.8030666666666666,3
1360990506824249993,0.7759,2
1361060907093971286,0.9381,1
1361108502045067178,0.6107999999999999,3
1361401830079746632,0.8128333333333334,3
1361447620996881575,0.8623833333333333,6
1361449446550129286,0.30575,2
1361493510482300580,0.92885,2
1361533051628412210,0.9309,1
1361568421292732261,0.31566666666666665,6
1361569162292342680,0.6819500000000001,2
1361582388936335603,0.8204857142857144,7
1361590128144641759,0.7042666666666667,3
1361607815060861500,-0.2919,1
1361637716457913941,0.66775,4
1361642330232789436,0.9301,2
1361643241462761924,0.8493,5
1361671368198397884,0.66383,10
1361718415610631807,0.6483428571428572,7
1361752027528997552,0.0,1
1361814987984445625,0.46705,2
1361831412408559149,0.9185333333333334,3
1361840617023040578,0.88695,2
1361848468216425383,0.9551,1
1361859652483221983,0.8126,1
1361900336852435799,-0.11504999999999999,2
1362163200572164663,0.0,1
1362245423052168917,0.8955,1
1362287582070850453,0.9937,1
1362339621820321609,0.8885,3
1362440176827224547,0.442225,4
1362488625702408794,0.80165,2
1362521040202041175,0.63062,5
1362538864709657369,0.6705,1
1362543248255978844,0.56305,2
1362844377851139895,0.9413,1
1363016359276539301,0.3090181818181818,11
1363040108493267334,0.9716666666666667,3
1363060504214701264,0.6243,3
1363103195614033091,0.8889,2
1363116357017644853,-0.2621,2
1363119012063064607,0.5073333333333333,3
1363120186216315135,0.9333,1
1363148459321709401,0.5047666666666667,3
1363152080617088412,0.9726,1
1363161538895208754,0.2263,1
1363197223166566561,0.8870499999999999,2
1363227170463247350,0.8402,1
1363235407580464108,0.296,1
1363288943815503010,0.51029,10
1363454043382674132,0.39835714285714285,7
1363461915938656118,0.9214666666666668,3
1363602660934278712,0.1591,2
1363625314844850691,0.0,1
1363650392890264164,0.9152,1
1363678746790767125,0.4767,1
1363688227971792542,0.5994,1
1363699498555919374,0.9467,1
1363716259569322730,0.8159000000000001,3
1363733406860819942,0.40386666666666665,3
1363748183918750858,0.765,1
1363765601430731613,0.9736,1
1363799033698463323,0.39972,5
1363814537912978521,0.8908,1
1363840850557272985,0.1955,2
1363857181199279528,0.054433333333333334,3
1363885402275223492,0.9661,1
1363895356668210098,0.7003,1
1363907601462949126,-0.023799999999999988,2
1363918228309084618,-0.2003,1
1363931973600798230,0.45072727272727275,11
1363948117669794877,0.44887999999999995,5
1364052395577828776,0.0,1
1364334379512788523,0.31245,2
1364343176941403030,0.329475,4
1364347697512262953,-0.6314,1
1364373226642674173,0.7600333333333333,3
1364381749508747676,-0.10026666666666667,6
1364383497889621042,0.732,5
1364384113270591465,0.714025,8
1364421023789113687,0.0,1
1364432990241267731,0.6726749999999999,4
1364519874417627862,0.6407,2
1364551232616821793,0.69065,4
1364555382857682870,0.63785,2
1364572241491477337,0.4404,1
1364598762707098090,0.8090666666666667,3
1364624016906340853,0.28759999999999997,5
1364704759007923130,-0.9781,1
1364705053305554485,0.458775,4
1364758549574733781,0.7324999999999999,5
1365038609814237456,0.9849,1
1365045849603043523,-0.17624999999999996,2
1365133802174571029,0.0,1
1365136818704572546,0.9747,1
1365146453952969329,0.28673333333333334,3
1365165935757712656,-0.25,1
1365203065771791084,0.8588,1
1365215027112107788,0.665575,4
1365216491051996982,0.7757499999999999,2
1365220276402487978,0.49115,2
1365224126796406892,0.1027,1
1365237024461307085,0.2211,4
1365247994542010728,0.31470000000000004,3
1365252205630601718,0.7701666666666668,3
1365256460472697642,0.988,1
1365258721894480811,0.3802,1
1365263786863230269,0.93985,2
1365280949243678279,0.8433,1
1365288892698681725,0.31225,2
1365328129662751008,-0.2695,1
1365389024052101392,0.9527,3
1365398808701819056,0.9474,2
1365420999652784075,0.9583,1
1365460215809611113,0.27364999999999995,4
1365481728961330830,0.68065,4
1365497081184242287,0.0,1
1365714579122355933,0.11325999999999999,5
1365748231608378035,0.9494,2
1365798581823184446,0.9354,2
1365808392596779604,0.5707,1
1365808979761459498,0.894,1
1365809168256961877,-0.19855,2
1365818243196760491,0.9128499999999999,2
1365838623479280046,0.9604,1
1365838941737147345,0.6066,7
1365845257668600496,0.4329,2
1365860937759929325,-0.25,1
1365862083253817035,0.6151,4
1365891747945067783,0.802,1
1365897853847314363,0.23281999999999997,5
1365904120820641537,0.4209,1
1365904350495353269,0.9163,1
1365960759757154229,0.6801555555555555,9
1365972406269645285,0.38252222222222226,9
1365974061996953899,-0.9508,1
1365974565699361127,0.5245000000000001,3
1365984139734959999,0.509375,8
1365995848908554041,0.55955,2
1366026944052960610,0.5315666666666666,3
1366040015520117759,0.4727,4
1366054465143550327,0.6905,3
1366068219683353614,0.46795,2
1366130971447485955,0.4329,2
1366216563172751118,0.7563999999999999,3
1366232219160112034,0.635225,4
1366512913032504878,0.4019,1
1366526739008606679,0.8881,1
1366529497588340326,0.7959,1
1366567682155395329,0.8091999999999999,2
1366567854578421129,0.07,2
1366571845769213735,0.4404,1
1366583354588450606,0.68685,8
1366586741663846384,-0.5994,1
1366604519809835075,0.5002,9
1366615187998253634,0.9807,1
1366625265491627712,0.8482625,8
1366646578632891010,0.688725,4
1366655209447191292,-0.01539999999999997,2
1366676268939472449,0.77315,2
1366678945151364155,0.3887333333333333,3
1366688209851085507,0.9552,1
1366694074030209990,0.6249,1
1366713440843072917,0.8504,2
1366745337492225223,0.5994,1
1366745745723867699,-0.028949999999999976,2
1366751263023345997,0.619,2
1366813581429287880,0.9581999999999999,2
1366902987174960971,0.1628,1
1366905833553314794,0.5873,3
1367094468725815686,0.30956666666666666,3
1367174962669140980,0.5574,1
1367221067548408205,0.36165,2
1367287364675844703,0.06777999999999999,5
1367308787122316643,0.8955500000000001,4
1367319287865137396,0.43675,2
1367385559425289770,0.8150999999999999,4
1367410445380161070,0.443,2
1367433886844170738,0.7987333333333333,3
1367441044368489012,0.84175,4
1367477397345387128,0.7712,1
1367499748063894383,0.6356666666666667,3
1367558553152148023,0.6428,2
1367584263143442975,0.90855,2
1367604477820050767,-0.5994,1
1367965628294207854,0.9294,2
1367970794651036950,-0.9603,1
1368169478301055850,0.9381,1
1368203958051475927,0.0,1
1368252295088764171,0.6588,1
1368252811233545969,0.6475625,8
1368276042289752292,0.4201,1
1368285796507351210,0.89325,4
1368340446016247098,0.90355,2
1368378446567432607,0.8303499999999999,2
1368389572861581508,0.6441,5
1368389703475528876,0.76355,2
1368399028868239992,0.6182500000000001,6
1368407955707326117,0.9702,1
1368416101567399890,0.9344,3
1368434257531709710,0.0505,2
1368625642151000511,0.5583833333333333,6
1368653613284114547,0.6114,1
1368653714333707822,0.32957000000000003,10
1368653904475594833,0.11330000000000001,6
1368654193436336059,0.43621,10
1368654300360647872,0.6032,4
1368654491228987169,0.5637333333333333,3
1368655382471544922,0.35885,2
1368655479177318098,0.4893,2
1368725928241527076,0.636,1
1368727820714765713,0.8832,1
1368768543665124201,0.9071,2
1368774375643099544,0.0,1
1368800301074321746,0.21075,2
1368802035174228741,0.9273,1
1368805361451003484,0.21672000000000002,5
1368807756690744264,0.5719,1
1368811709062529862,0.5851333333333334,3
1368830055808614447,0.7907,2
1368882687311953524,0.669,1
1368895138746816761,0.6837,2
1368909976142075059,0.40796666666666664,3
1368910437631159663,0.318,2
1368944455954290733,0.83935,2
1369023931064570447,0.039850000000000003,12
1369035059875102337,0.0,1
1369082097835803666,0.34959999999999997,3
1369373433441035229,0.439525,4
1369414283544549378,0.926,1
1369495422983591386,0.8297,1
1369512900154716178,0.7901,1
1369536777096418734,0.8685,1
1369545197797280731,-0.5541,2
1369551256231206928,0.73982,5
1369600436004021168,0.46480999999999995,10
1369638162874268736,0.9402,1
1369727342857281005,0.9067000000000001,2
1369728557320392918,0.9418,1
1369775131263914631,0.9629,1
1369784580157765328,0.8650666666666668,3
1369789941414379475,0.9841,1
1369801361723657534,0.9695499999999999,2
1369838324345864763,0.67238,5
1369906450750423741,0.9169,1
1370084002377965543,0.4566,5
1370115648618811336,0.5791857142857142,7
1370156291917282162,0.0,1
1370176182528105390,0.53425,4
1370198148843060049,0.4404,1
1370217593155782313,0.6623333333333333,3
1370242779512209573,0.7712666666666667,3
1370308975757146976,0.4847,5
1370319119882140951,0.32403333333333334,3
1370372740162573882,0.5460857142857143,7
1370436348171497214,0.4199,1
1370445365541718118,0.6156333333333334,6
1370510072182811035,0.82334,5
1370536749260031100,0.8119,1
1370563773668814359,0.4033,1
1370781409984141131,0.4913666666666667,3
1370801644431962491,0.34378333333333333,6
1370817913841781009,0.9203333333333333,3
1370827274103157952,0.642075,4
1370841477280493884,0.8515333333333333,3
1370895695823087705,0.05895,2
1370910800202613644,0.12386666666666664,3
1370920105669178134,0.9465,1
1370922068447085947,0.84805,2
1370929744266180780,0.466325,8
1370957922162537308,0.9538,1
1370979592806085579,0.6352000000000001,3
1371004752293807377,-0.13095,4
1371017490089878096,0.8795,1
1371026358284834568,0.7634000000000001,2
1371043818352094157,0.7266333333333334,3
1371058791094692854,0.4404,1
1371100758100945916,0.5999,2
1371122767141410890,0.44045,4
1371130373766619452,0.9719,1
1371187574478167376,0.9703999999999999,4
1371228310581247820,0.03886666666666666,6
1371230501539256051,0.4466,1
1371469341714424796,0.6249,1
1371472371454426617,0.964575,4
1371496612626454135,0.84395,2
1371523882357939999,0.57078,5
1371599653554371114,0.9402,1
1371608464183303612,0.48845,2
1371636021520376849,0.616,2
1371637448202968684,0.9804,1
1371638132521082763,0.87475,2
1371655476846776015,0.2023,1
1371667179475830169,0.9428,1
1371679222074698121,0.0,1
1371683123785738411,0.49035,2
1371688901397206456,0.6013,2
1371693623771650850,0.9008,1
1371695647872272079,0.6258,1
1371737540242746439,0.6891,1
1371739832136146882,0.4576,1
1371763093365149742,-0.17416,5
1371771992549776701,0.00019999999999997797,2
1371782647795077584,0.9437500000000001,2
1371842264260531708,0.9943,1
1371859559547920376,0.8503,1
1371903163076641675,0.8993333333333333,3
1372178393337676967,0.28013333333333335,3
1372280208044311607,0.5813,2
1372286885911916326,0.7483285714285713,7
1372413551185105630,0.8095,3
1372458424831414650,0.7089,1
1372468123992857131,0.9288000000000001,2
1372475563976683742,0.64316,5
1372518848941097180,-0.3612,1
1372521071862315159,0.7415833333333333,6
1372555872039659364,0.7538499999999999,6
1372664422187000231,0.65244,5
1373026099802555579,0.9491999999999999,3
1373046360125461253,0.060850000000000015,2
1373081056878109949,0.9681333333333333,3
1373173944140636541,0.8616400000000001,5
1373179528824231270,0.8063333333333333,6
1373190831773920750,0.31223999999999996,5
1373245844900556734,0.93265,2
1373260447328548337,0.9925,1
1373286316369078710,0.5910333333333333,6
1373328191103651561,0.58485,4
1373329833543958047,0.9813,1
1373365349606851719,0.6538,1
1373367108092142876,0.864575,4
1373421081814340382,0.9718,1
1373428999876073001,0.4787,2
1373735343287950283,0.6354666666666667,3
1373766628137662656,0.3284,1
1373777658598978801,0.4636,4
1373786621751927831,0.0,2
1373815999535616510,0.4441888888888889,9
1373818900034646721,0.3977333333333333,3
1373847773280149939,0.9641,1
1373852484390373282,0.29895000000000005,2
1373854161914258727,0.3938,2
1373865946089971073,0.0,1
1373882688424172968,-0.9184,1
1373933506675808648,0.0,1
1373954362650117435,0.4404,1
1373975366718702791,0.8242,2
1374021603710429550,0.0874111111111111,9
1374034362610705725,0.08449999999999998,3
1374107589434833128,0.9293750000000001,4
1374111769756017371,0.135,4
1374119959264908426,0.7783,1
1374152851700416802,0.9879,1
1374172117363618655,0.5109166666666667,6
1374485149847467559,0.9469,1
1374509611383363134,0.9458,1
1374522014891675603,0.8957,1
1374529083757288203,0.7729666666666667,3
1374538388435917999,0.28396666666666665,3
1374546496708579290,0.10055,2
1374594243465124410,0.9686,1
1374595574994072284,0.379,3
1374603474151806209,0.5462,3
1374611231754692173,0.7777,1
1374621830359539587,0.339025,4
1374623910471825713,0.961275,4
1374626118804624974,0.9589,1
1374638169659584560,0.5735166666666667,6
1374641603826082377,0.9879,1
1374662212084973305,0.7111333333333333,3
1374680362510517434,0.6352166666666667,6
1374724313404864773,0.94585,2
1374775599411538688,-0.9153,1
1374791053461340029,0.3163714285714286,7
1374796642123503997,0.9642,1
1374815659231723565,0.53365,2
1374818639975969184,0.34368,5
1374830381250926823,0.29773333333333335,3
1374835924599429131,0.03593333333333334,3
1374900504838582460,0.9825,1
1375023262991103648,0.8587,2
1375213630929905141,0.8330500000000001,2
1375276671428383034,0.0,1
1375292948254931187,0.0,1
1375309729085404693,0.8999,1
1375310604782854269,0.8974,1
1375328478512788884,0.5347666666666667,3
1375396017630104153,0.9161666666666667,6
1375411829860322001,-0.00830000000000001,3
1375430096296479481,0.285175,4
1375437096150085266,0.8645875,8
1375455333001752979,0.7947500000000001,2
1375559360161498001,0.4019,1
1375674648735799239,0.7783,1
1375873135991991441,0.0516,1
1375878394873484017,0.34878,5
1375911039514543060,0.7504,2
1375926270004175241,0.9707,2
1375940436678290585,0.881875,4
1375940986969078483,0.7212333333333333,3
1375945600862371397,0.6039,3
1375966184422641348,0.9677,1
1375974635740066391,0.5667,2
1375987489487867697,0.42415,2
1375996708957165922,0.5890384615384615,13
1376007610252519859,0.0,1
1376035231417450263,0.5719,1
1376066194865849191,0.93,1
1376069317411116476,0.35751818181818185,11
1376081317609068697,0.6448,13
1376081415677659916,0.13747692307692308,13
1376138838691676778,-0.03235000000000002,4
1376142586071620326,0.436225,4
1376151945027318081,0.0,1
1376157635857698934,0.8568,4
1376175932752701071,0.9894,1
1376245309600793383,0.3809555555555556,9
1376291775482591713,0.6035833333333334,6
1376297271387501397,0.179025,4
1376305717966350532,0.3592,2
1376466799569490819,0.342,22
1376466799602537711,0.37492000000000003,5
1376467033648096786,0.2783454545454545,11
1376467050667432479,0.29756,5
1376496500426532645,0.9156,1
1376505082613097432,0.4137888888888889,45
1376505085040510535,0.4133411764705882,17
1376505327616680389,0.5600799999999999,5
1376582898738184540,0.2023,1
1376586161898588725,0.32085714285714284,7
1376588634762338463,0.9764,1
1376610308420344588,0.8385999999999999,5
1376635748150364148,0.3952071428571428,28
1376662960272340782,0.4567,2
1376665267372055051,0.9237,2
1376666309587708125,0.500375,4
1376672436851774204,-0.0024000000000000132,2
1376679869251315227,0.9541,1
1376686449614493459,0.8661125000000001,8
1376718700499863706,0.4404,1
1376724963637041584,0.7717,1
1376779718291242081,0.76395,2
1376863285192507076,0.5164799999999999,5
1376866103449690322,0.9422,1
1376893829626964982,-0.4754,2
1377044432051373511,0.6044,2
1377113495392354598,0.7715000000000001,6
1377259732595527583,0.7236833333333333,12
1377300033761954651,0.0,1
1377341861087425460,0.5895333333333334,3
1377413577452613167,0.48655,4
1377439394618759114,0.14985,4
1377446347640259615,0.919325,4
1377451325338787589,0.9336666666666668,6
1377465555650768930,0.6232000000000001,3
1377468312623701084,0.652,4
1377487082345525890,0.5994,1
1377516791694869786,0.2758333333333333,3
1377576224429491247,0.8149000000000001,3
1377582545969006063,0.18407142857142858,7
1377591539388835451,0.8425333333333334,3
1377596384298087409,0.0,1
1377645177951994038,0.9412,1
1377780743319793667,0.690575,4
1377843052899818812,0.7712,1
1377854295212225803,0.2006,1
1378002545675915891,0.6167100000000001,10
1378065073320418552,0.68565,4
1378102996454435181,0.8678,1
1378161893921217942,0.952,1
1378167289966803542,0.79105,2
1378209497970639833,0.5262142857142857,7
1378249114007904022,0.9881,1
1378263945254560799,0.9274,1
1378302459577176902,0.9371,1
1378323170983405072,0.5954625,8
1378325543647789972,0.4079,3
1378335428861761599,0.9139333333333334,3
1378382251660887593,0.8301833333333334,6
1378402113676074131,0.765,1
1378421227972237797,0.8225,1
1378423562052619802,0.46950000000000003,3
1378445447350128347,0.7845,1
1378465845320374496,0.0,1
1378479063575874425,0.527225,4
1378493495388642392,0.9378,2
1378495895529481224,0.4215,1
1378511903021224844,0.9908,1
1378543191937248499,0.9768,2
1378573186041333650,0.8809,2
1378768714918961909,0.9366,3
1378823551782596613,0.9387,1
1378840624121265364,0.464025,4
1378861388988432079,0.92835,2
1378871181152632023,0.5288333333333334,3
1378883361407476907,0.0,1
1378896585136545445,-0.05990000000000001,5
1378903836541404117,0.3194666666666667,3
1378914419973782373,-0.06126,5
1378970081464193155,0.9894,1
1378986362592768094,0.6705,1
1378988387389772230,0.5994,1
1379014641624601310,0.9565,1
1379020078043420681,0.5994,1
1379077274733980441,0.33326,5
1379083892278436181,0.0,1
1379113332956110689,0.68568,5
1379175278146873681,0.0,1
1379184288327388495,0.9557,1
1379204003701816567,0.8934500000000001,4
1379253225806309438,0.9801,1
1379544613561880881,0.862025,4
1379603101312039736,0.3612,1
1379606539863634624,0.3989,1
1379609545569598071,0.9096,2
1379614280746573954,0.0,1
1379626983404070122,0.9097,1
1379642635188565712,0.7717,1
1379642643710578052,0.24616000000000002,5
1379656705601971585,0.41805000000000003,8
1379673930198515211,0.0,1
1379679083943323388,0.3553,1
1379731749300482481,0.8852,2
1379733093734502850,0.77965,2
1379743246193760075,0.5367615384615385,13
1379752772236035805,0.731,4
1379768812789383216,0.9284,1
1379779285707822830,0.17,2
1379779670351867171,0.7543833333333333,6
1379780503401934883,0.4025,5
1379784101992465104,0.6048666666666667,6
1379785444353518825,-0.048600000000000004,3
1379786664615660412,0.8321000000000001,3
1379836764346446714,0.53474,5
1379894767958706132,0.3451,2
1379896505715409154,0.9432,1
1379923972846910746,0.9286,1
1379926262556029582,0.0,2
1379945466183544772,0.43321111111111116,9
1379953894193630211,-0.20545999999999998,5
1379959031508036756,0.9589,1
1379981468707861636,0.8779,1
1380215243480111244,0.9545,2
1380248344124577030,0.9588,1
1380256811494443942,-0.5423,1
1380307447956215370,0.6249,1
1380324241606449508,0.8826499999999999,2
1380324424322815787,0.4511,8
1380326776233509316,0.33149999999999996,3
1380336181707985809,0.7347833333333332,12
1380341521845459949,0.6453333333333333,3
1380347388340290999,0.6127,7
1380349115482041951,0.5675222222222222,9
1380351403244996377,0.46912857142857145,7
1380352787076703671,0.9541,1
1380354951445599512,0.8173333333333334,6
1380358274262875346,0.6683166666666667,6
1380477909388817331,0.9552,1
1380492465315196821,-0.5424,1
1380527442350264611,0.5537333333333333,3
1380556969440292715,0.7887142857142857,7
1380560022356150136,0.8360333333333333,3
1380585779581358268,0.72918,5
1380648472014589720,0.9024333333333333,3
1380684556763328505,0.84555,2
1380700216124988625,0.84125,2
1380777786137463721,0.6421250000000001,4
1380880603510866751,0.6680200000000001,5
1380882249176853315,0.944,1
1380922671328401823,0.52972,5
1380995090055852841,0.9263,2
1381155104348183907,0.0,1
1381223682842359129,0.9906,1
1381271468216065537,0.4792714285714285,7
1381278803201363581,0.88625,4
1381335291530893589,0.9633,1
1381339261972164983,0.9072,1
1381346123680762022,0.928675,4
1381376226853028602,0.0,1
1381469884250677634,0.3134,1
1381690642245996120,0.4404,1
1381783035599894063,0.7351,1
1381803636148618439,0.96146,5
1381814400610336490,0.953,1
1381847720810877121,0.9081,1
1381851157041203398,-0.0516,1
1381877952672516018,0.9155,2
1381889615528353116,0.96645,2
1381929708283646314,0.70445,2
1381929878607096462,0.2599,1
1381944222211521801,0.9117,1
1381955397557701099,0.7277999999999999,3
1381964405481242139,0.6508666666666666,3
1382054124028398676,0.81174,5
1382111923083038116,0.13816,5
1382211716684198943,0.67036,5
1382482513353985223,0.7574,1
1382498492128247318,0.11288000000000001,5
1382553100236014189,0.7241,2
1382631948056315878,0.46796,5
1382634577595478594,0.34466666666666673,3
1382636601040392696,0.27402,5
1382658882830652021,0.468325,4
1382681645317226049,0.7843333333333332,3
1382685921862689154,0.7436,2
1382728201298833243,0.66668,10
1382764975122927305,0.8045,2
1382788457235304875,0.6808,1
1382818495180828406,0.5473166666666667,6
1382863151599053989,0.6411,4
1382927635889715220,0.9159,1
1382958346612908185,0.9392499999999999,2
1383105826621864104,0.8126,1
1383114649208847596,0.80345,2
1383138293496782415,0.8293,1
1383198427654078150,0.92375,4
1383210174929219350,0.906,1
1383213353689363118,0.935,3
1383260697915244178,0.525775,4
1383283385393610354,0.6344,1
1383294616039280538,0.4588,1
1383406552678207969,0.0,1
1383416099809928966,0.9515,1
1383441944337951352,0.5106,1
1383506838878073386,0.9664,1
1383544079404594066,0.765,1
1383549890063295194,0.605575,4
1383582591161470818,0.4754,1
1383582838861120669,0.9422,1
1383631668205624678,0.9599166666666666,6
1383732815574592299,0.9493333333333333,3
1383828801416467804,0.8134833333333334,6
1383834735710128639,0.2607,2
1383866270856096717,0.9442666666666667,3
1383868891547720803,0.654,3
1383918051862344632,0.0,2
1383919777976001570,-0.128,1
1383950797180994100,0.8489,3
1383984574737212793,0.7902,4
1383987278616824907,0.9176666666666667,3
1384008228890429000,0.19185,4
1384033363491983579,0.9702,1
1384033589311102776,0.8962,2
1384053676987684067,0.4759666666666667,3
1384062222965832131,0.77426,5
1384067965138052977,0.5687,5
1384075012743962344,0.5106,1
1384088654258318615,0.8074,1
1384095910351164987,0.88,3
1384100082002663726,0.414575,4
1384104583463882387,0.45135000000000003,4
1384155861196923845,0.33755,6
1384167881193922029,0.76525,2
1384218738943385265,0.44845,2
1384231306550146717,0.6712,4
1384247077542261777,0.84935,4
1384266030207739294,0.556475,4
1384271132519144131,0.4283,4
1384285303351089872,-0.148,2
1384286809828105885,0.6187,3
1384289189493265515,0.5105999999999999,8
1384604711119085507,0.9895,1
1384656022845156063,0.9101999999999999,2
1384658733011649498,0.6028,2
1384676098581480508,0.6908,1
1384680039310400609,-0.4767,1
1384685291737448175,0.7241,11
1384699174838949799,0.12160000000000001,5
1384733919898681770,0.9713,1
1384787612782089685,0.0,1
1384811870668527117,0.9695,3
1384821247658052574,0.5732352941176471,17
1384821358671301209,0.44458095238095235,21
1384821452263848731,0.48206875,16
1384821550133888678,0.38532500000000003,4
1384821641810488340,0.7012999999999999,3
1384821744436926906,0.6559714285714285,7
1384821851080958907,0.497475,4
1384822747035259678,0.5054,8
1384824994146570205,0.6980999999999999,2
1384827536393464395,0.5870142857142857,7
1384847574175482840,0.6389,2
1384850859102810497,0.7122333333333334,3
1384856372105866629,0.7233,1
1384861754563806902,0.834825,4
1384867013987609628,0.30879999999999996,2
1384874975177450642,0.4063,2
1384920511437718434,-0.0004333333333333596,3
1384969335617777048,0.9761,1
1385058630705163235,0.49979999999999997,2
1385080763319180486,0.9953,1
1385293065123445167,0.9081,1
1385296516136029542,0.0542,2
1385306167943759245,0.9741,1
1385338402789774347,0.9915,1
1385356919525220410,-0.8439,1
1385356974707227974,0.7901,1
1385394419976963319,0.0,1
1385399177525462728,0.89835,2
1385404751966064173,0.9506,1
1385415289225155217,0.4705,2
1385425078067159224,0.7690666666666667,3
1385444121785268562,0.47365,2
1385462257589128084,0.0,1
1385465483704765593,0.6901,1
1385472512546151005,0.88285,8
1385480762043766844,0.32302,5
1385480969965896980,0.9462999999999999,2
1385486906801725230,0.44785,2
1385492120084469276,0.9129,1
1385528186679029869,0.659,1
1385528664037739963,0.886,1
1385528942850584043,0.2023,1
1385529040854957061,0.7709,2
1385546648500706563,0.8909333333333334,3
1385555174271110681,-0.4767,1
1385624270133967321,0.5791999999999999,4
1385648637438296847,0.37515,2
1385688535708138299,0.9811,2
1385723670826980696,0.8504,2
1385743961962835986,0.9491,2
1385763816439804376,0.9155,1
1385959725619264907,0.25194444444444447,9
1386047130389150023,-0.6167,1
1386072821895071590,0.34,1
1386093528193826745,-0.05862500000000001,4
1386110281593742101,0.8173,1
1386110913989075190,0.9450000000000001,2
1386156177516278854,0.0,1
1386158055799648767,0.7625333333333333,3
1386258584611004602,0.46858000000000005,5
1386276927236652088,0.76675,4
1386282264182996142,0.08367777777777778,9
1386300107389752419,0.5010375,8
1386308227933523104,0.7907000000000001,3
1386323039510583240,0.0,1
1386393680937213536,0.158425,4
1386428567937813005,0.7249,2
1386434299691893953,0.0,1
1386486908600421726,0.8800333333333333,3
1386498521122252932,0.9547,1
1386562436329343639,0.9422,1
1386840884087981292,-0.03905,2
1386853117121207677,0.8811,2
1386879240674010700,0.621175,4
1386879336067619337,0.778,3
1386884430347772917,0.70275,2
1386919068947463409,0.2617666666666667,3
1386926757261823207,0.9735,1
1386936201274028991,0.3243333333333333,3
1386953282418976433,0.875575,4
1386954617021798186,0.641025,4
1386993988639810821,0.2844,3
1387011146973572606,0.6453,1
1387044508871141471,0.7822,5
1387047141591560905,0.74282,5
1387056612171060563,0.8807,1
1387082554644633496,0.9109,2
1387101231791332384,0.7323999999999999,4
1387112821878102742,0.7783,1
1387170145614294548,0.435175,4
1387210312162207558,0.5552428571428571,7
1387217534832488633,0.5393166666666667,6
1387283124280412808,0.08695,4
1387291141147295237,0.0,1
1387502555581965394,0.765,1
1387539608087319035,0.9628,1
1387541839764229113,-0.8217,1
1387643428718061336,0.942,1
1387656456105491577,0.8406,2
1387679067411615434,0.6653166666666667,12
1387693207650572284,0.0,1
1387703662521708208,0.9914,1
1387756497062341809,0.981,1
1387757002815613863,0.6824285714285715,7
1387798535816125804,0.9694,1
1387841866640273697,0.9446,3
1387847444187255482,0.6457,3
1387852454854643322,0.9412,1
1387870820940280356,0.5377875000000001,8
1387904707402997494,0.6588,1
1388087615805188029,0.71224,5
1388299864418965041,0.44845,2
1388301540678725157,-0.865,1
1388326834430716885,0.5081,3
1388425485708361712,-0.4767,1
1388450074323796217,0.8656153846153847,13
1388450336590446930,0.986,1
1388527305071467186,0.8626999999999999,3
1388553289823909879,0.6249,1
1388581958348681365,0.5742777777777778,9
1388933985954370334,0.8204,1
1388968937260281116,0.8388249999999999,8
1388990628086806800,0.9795,1
1388996076559785148,0.94,2
1389008123046849844,0.27256250000000004,8
1389062588550258448,0.8520000000000001,2
1389081363451431782,0.4404,1
1389164264807291420,0.0,1
1389164379104958816,0.8817,1
1389167826538084280,0.4787,2
1389178323808364972,0.6228,6
1389192011658840346,0.613175,4
1389250089515015604,0.8225,1
1389269934159507129,0.9778333333333333,3
1389291626887488431,0.3769,4
1389303382122016176,0.8038666666666666,6
1389306015335295065,0.4987,7
1389314621411153195,0.31035,2
1389318678780643017,0.5152,3
1389368818596853467,0.0,1
1389432509257998287,0.6866833333333333,6
1389649141690481940,0.63495,2
1389656851552474575,0.0,1
1389684509975897247,0.991,2
1389864064373841796,0.6937,4
1389883641146730852,0.1806,2
1389885314165186524,0.0,1
1389888585182724969,0.89575,2
1389892873768046972,0.8964666666666666,3
1389936309944453182,0.577225,4
1389960207310525587,0.93205,2
1389961975285755670,0.5750333333333333,3
1390064625893020517,0.71818,5
1390070746599306311,0.93695,2
1390088419737988980,0.002866666666666684,3
1390249468100961536,0.7870333333333334,3
1390350945421743714,0.6711333333333332,6
1390368709267205170,-0.4404,1
1390377834454193539,0.8716,1
1390387821143885937,0.0,1
1390435423271653760,0.5279857142857143,7
1390468998363443043,0.8649333333333334,3
1390500488066726209,0.9485666666666667,3
1390523747969852974,-0.428,1
1390523865684426123,0.6588,1
1390524136569179352,0.765,1
1390524234347980910,0.8122,1
1390547961553304905,0.0,1
1390555331499998255,0.8718,1
1390555791619351860,0.5569000000000001,9
1390603362838964141,0.8411,3
1390604093183919774,0.81045,2
1390619329339546932,0.3182,1
1390630378001894880,0.9906,1
1390664234607376871,0.8316666666666667,3
1390678497795540245,0.54114,5
1390697329024468539,0.9617,1
1390727990956531267,0.9564,1
1390728686728360359,0.9793,1
1390744583438247755,0.9007999999999999,3
1390779103425250549,0.6383666666666666,3
1390809502024931473,0.1293,5
1391007274952659962,0.5244,1
1391051841690582803,0.9247000000000001,2
1391111414847992809,0.8801399999999999,5
1391160800250728188,0.9703,1
1391175278400091145,0.9607,2
1391198355001841887,0.981,1
1391211866538128577,-0.296,1
1391218965398735624,0.9355,1
1391238347992862057,0.90005,2
1391257349976398336,0.7774,7
1391269449077208807,0.5403090909090909,11
1391283424286687993,0.9604,2
1391305062903793405,0.0,1
1391307774818388413,0.7958000000000001,2
1391377249190763926,-0.03760000000000002,2
1391405190433638158,0.0906,1
1391427494129251460,0.71164,5
1391432903294401150,0.9719,1
1391448280060520567,0.96515,2
1391449301797918568,0.8887,2
1391504065334107614,0.869175,4
1391854247079870275,0.9787,1
1391860345326612584,0.11304999999999998,2
1391860529055508599,0.9514,1
1391898150158585528,0.942925,4
1391928312811697078,0.6086,5
1391991696987431852,0.4215,1
1392007398713361684,0.7878333333333334,3
1392017382639987471,0.7706818181818182,11
1392065571203200628,0.40527142857142856,7
1392077005570254426,0.6202,7
1392080043111383754,0.586875,4
1392102814028862002,0.3502,3
1392145703668600071,0.9571000000000001,2
1392156536570438730,0.9849,1
1392228161046043958,0.9079,1
1392234438329428066,0.33182222222222224,9
1392432545114069953,0.8751909090909091,11
1392472441859631358,0.8176,1
1392483239042047900,0.3216333333333334,3
1392516712282805386,0.6908,1
1392563627144511395,0.6249,1
1392580697570146184,0.9414,1
1392607382399397215,0.90445,2
1392691496824630300,0.49445,8
1392776224899046375,0.9917,1
1392779851815207787,0.61375,10
1392786224371432775,0.5504333333333333,3
1392798216756916628,-0.128,1
1392802463745140811,0.2356,3
1392810645343632963,0.6908,1
1392818773811886029,0.8276916666666666,12
1392854605208184794,0.59729,10
1392856270622933396,0.8658,1
1392856948547244622,0.9500500000000001,2
1392865375906519572,0.90005,2
1392908188480219495,0.6519428571428572,7
1392933417223961906,0.41614999999999996,2
1392956468706935387,0.37773,10
1392970342627636966,0.7019857142857143,7
1392981881844648395,0.9839,1
1392982707197961188,0.6071571428571428,7
1392991982008569105,0.5728142857142856,7
1393002640493801785,0.4396583333333333,12
1393017933224507416,0.97455,2
1393231871345112763,0.745675,4
1393251554898601497,0.9058,1
1393297841574379549,0.5538,3
1393315971091496785,0.20742000000000002,5
1393324650289258467,0.0,1
1393346869720018802,0.9861,1
1393425725532304697,0.25053333333333333,3
1393473672895055406,0.9497,1
1393538474834279219,0.7409250000000001,4
1393555159210780909,0.817225,4
1393559918504278449,0.9780500000000001,2
1393568626673233524,0.8658,1
1393568952742737222,0.7329000000000001,2
1393587089391956382,0.8143,1
1393587480291402776,0.15494999999999998,4
1393651010273963869,0.9077,2
1393745333404034583,0.0,1
1393753199030139510,-0.4588,1
1393867266343284083,0.8522,3
1394047208962916465,-0.9485,1
1394049149925031393,0.4329,2
1394061069788240297,0.7763666666666666,3
1394107426160186101,0.9314333333333332,3
1394115956986212264,0.717,2
1394124781489960714,0.945,1
1394138765387551263,0.7321333333333334,3
1394146270893278099,0.9846,1
1394162370701049717,0.85665,2
1394170933940572833,0.891075,8
1394198901549888834,0.77608,5
1394207256270498500,0.948,3
1394211787558669758,0.39256,10
1394212466276037072,0.9084,2
1394218590115776833,0.9526714285714286,7
1394223437181912562,0.40546,10
1394224581589122200,0.48595,10
1394225727589718647,0.6256,5
1394238762723697987,0.37895,2
1394261184615816014,0.8877,2
1394263378415413595,0.98845,2
1394274693880179459,0.67135,2
1394307128227162835,0.21234999999999998,2
1394329392728443504,0.9693,2
1394340197156010067,0.7574,1
1394360915923975061,0.9116666666666667,3
1394369240097336199,0.5852333333333334,6
1394375659525914816,0.7053818181818182,11
1394381973178244380,0.8607333333333332,3
1394383222147098205,0.9902,1
1394396490929277971,0.0,1
1394408644967232400,0.6249,1
1394413545733611043,0.35883333333333334,9
1394652955798806667,0.208325,4
1394675565183068475,0.9199714285714286,7
1394716632408749328,0.47945,2
1394754662948320212,0.0,1
1394755405939399038,0.6266333333333334,3
1394757430941425115,0.83245,4
1394775661627058327,0.6450999999999999,3
1394794335674408420,0.5983,1
1394812445787197145,0.8456,2
1394815088128579615,0.9816499999999999,2
1394817459813936433,0.8512,1
1394819637702241851,0.110225,8
1394835729217710918,0.681,2
1394838916169906844,0.20397142857142855,7
1394860088165349844,0.23765,2
1394868888318327354,0.74162,5
1394883981441415841,0.9712,1
1394897848276976477,0.8944,2
1394913299151794869,0.3294,2
1394972976596679830,0.9923,1
1395019321196473673,0.64005,2
1395026875489964816,0.87325,2
1395055227971953097,0.8204,2
1395091189556564978,0.8385666666666666,3
1395490939096414405,0.53845,2
1395495388450946265,0.4661,2
1395502403160702253,0.6306,7
1395504527072420417,0.84175,2
1395534464318786383,0.9741,1
1395544857594283253,0.7339666666666668,3
1395560879683246697,0.17980000000000002,5
1395566570630601384,0.823,2
1395586176700953479,0.3595,1
1395588775245082640,0.9402,1
1395620115235454237,0.46605,2
1395623532208608585,0.51967,10
1395689788091581039,0.9158,3
1395698000990919940,0.9285,4
1395708434446184842,0.0,1
1395749296183886481,0.9525,1
1395753478297279949,0.37866666666666665,3
1395794996699045747,0.0,1
1395814126799187696,0.8969,1
1395832063452243239,0.5442333333333332,3
1395880156017487276,0.6249,1
1395950826494352187,0.7979499999999999,2
1395970533806311999,0.7433428571428572,7
1396007569359895977,0.5921428571428571,7
1396209005678939976,0.5625,2
1396231414414810448,0.6591,1
1396243402393832116,-0.30265,2
1396253620874859642,0.19095,2
1396255475403933285,0.9866,1
1396268707526632764,-0.5574,1
1396274083340832827,0.8338,1
1396289481831443925,0.9632,1
1396324588467688182,0.5055857142857143,7
1396326939766984355,0.4934,2
1396345067906134767,0.6249,1
1396347399145400668,0.9442,1
1396353300493092245,0.492225,4
1396354868006300578,0.5719,1
1396357220690509133,0.91435,2
1396384116952890865,0.9413,1
1396390461668778520,0.6808,1
1396423194962471156,0.6588,1
1396452427719627974,0.8689,1
1396470510517598027,0.86015,2
1396478034302204269,0.3612,1
1396520066775413520,0.5807636363636364,11
1396530639044091642,0.6808,1
1396568938465466295,0.93525,2
1396598713377703574,0.8693,2
1396606679668704588,0.9879,1
1396615237666850580,0.9707,1
1396669506787422414,0.85195,4
1396952733283473990,0.8957,1
1396997298072760354,0.9685333333333332,3
1397015874938389431,0.9068400000000001,5
1397024672600347626,0.219975,4
1397027664868156291,0.7515000000000001,6
1397044586155188266,0.9162,2
1397143453124222035,0.4905,2
1397157753219046840,0.46487777777777783,9
1397171622141262980,0.6876916666666667,12
1397282433704504305,0.8883,1
1397301727999460559,0.9468,1
1397318379795538024,-0.8316,1
1397323676084987095,0.886,1
1397362293253016901,0.584025,4
1397676761515269381,0.9194,1
1397682633101447319,0.43,1
1397715298068297130,0.6370333333333332,3
1397717356027765217,0.7501,1
1397718152737804614,0.914825,4
1397736427952216001,0.726,3
1397853594892329441,0.9728,1
1397873274087372221,0.9189499999999999,2
1397900274445170763,0.8578,1
1397933345249463017,0.912,4
1397969729227116743,0.39107499999999995,4
1398354230566533552,0.91075,2
1398367533465384417,0.9311,2
1398372481673888132,0.81644,5
1398382704972432510,0.45297,10
1398387662515890207,-0.14813333333333334,3
1398413548593604835,-0.9467,1
1398426151005579290,0.4556,1
1398432405006677633,0.4647333333333334,3
1398438275559805316,0.98385,2
1398464163484409954,0.15460000000000002,2
1398512594902406084,0.9124,1
1398518720116271257,0.9904,1
1398542939559061551,0.9379,2
1398552464077047462,0.8625,1
1398571631165710089,0.36010000000000003,3
1398572676215803297,0.9099,1
1398579159164787455,0.6386666666666667,3
1398581767384599832,0.9874,1
1398585872191350058,-0.5375285714285715,7
1398596998252357876,0.4404,1
1398616275265293100,0.8536,4
1398634501833948610,0.4736625,8
1398643451601734667,0.6476999999999999,2
1398654134655341415,0.9077,1
1398661882840522912,0.41197999999999996,5
1398667611106312248,0.7264,1
1398670017761291556,0.40209999999999996,11
1398675922911112074,0.02404545454545455,11
1398701788140971462,0.6408,2
1398717115882093447,0.6178,2
1398764733110883567,0.4776,2
1399084206993945576,0.763725,8
1399085336587621274,0.7871666666666667,3
1399094207699964827,0.9313499999999999,2
1399097132450278857,0.5574666666666667,3
1399168638370659551,0.6249,1
1399171418275029310,-0.44784999999999997,2
1399173266703624248,0.8271,1
1399173664809723686,0.8513,1
1399174106935494924,0.0,1
1399181584750487097,0.3700666666666667,3
1399182821639428594,0.9905,1
1399201898792819142,0.9462,1
1399208319790713340,0.4209666666666667,3
1399212788986065636,0.9438,1
1399213182143945433,0.9589,3
1399242762944986268,0.9189,1
1399316117107408233,0.451,2
1399408008939669107,0.7906,1
1399427369688214764,0.36,10
1399429472922023617,0.71785,4
1399436872244541994,0.9197333333333333,3
1399437128732560965,0.9551,1
1399446568288132022,0.19294,5
1399467787656545734,0.5568333333333334,3
1399746775055258685,0.18889999999999998,2
1399826047562491353,0.9347,1
1399833723858744629,0.2944,1
1399839812376259978,0.857725,4
1399883227006667792,-0.296,1
1399887512944378228,0.9728,1
1399889974033392528,0.0,1
1399901834288381108,-0.9703,1
1399905024088436567,0.6249,1
1399959774526962830,-0.040049999999999975,2
1399964157023429709,0.0,1
1400005391535549092,0.7815857142857142,7
1400019704340697364,0.65655,4
1400057197172538020,0.8607666666666667,3
1400079476788897070,0.6073285714285713,7
1400131975623926832,0.9866,1
1400134294087568958,0.8481,1
1400140739342336289,-0.16294999999999998,2
1400165108005896396,0.273175,4
1400523772529031880,0.70235,2
1400536241563625044,0.8016,1
1400536343726803797,0.8904,1
1400540640927959807,0.9789,1
1400547201791576020,0.510475,4
1400564479463163257,0.94915,2
1400565365645636316,0.31245,2
1400575185678318286,0.6696,1
1400600340278017436,0.76335,4
1400640726058036106,0.5964,2
1400667050652628341,0.7221,2
1400695178083670009,0.7001666666666667,3
1400725867720570658,-0.9876,1
1400742500213361883,0.4826,2
1400747427718216731,0.5557,6
1400757338180428126,0.06765,6
1400776055994877540,0.8662,2
1400776347064100890,0.5994,1
1400782074394348769,0.946,1
1400787116876680600,0.7352,6
1400795122985726723,0.9848,1
1400862665506709842,0.97305,2
1400876081321764909,0.6245499999999999,4
1400884684203426127,0.4831,2
1400932274418914879,0.46996666666666664,3
1400971770557999440,0.6969500000000001,6
1400987999038560817,0.341325,8
1400990767607341591,0.9851,1
1401008642740176390,-0.3207666666666667,3
1401240739447144938,0.70705,4
1401248196321186427,0.0,1
1401257307489672250,0.8768,1
1401275644498327478,0.9543,1
1401324536350578018,0.90055,2
1401353099208665497,0.8176,1
1401384433545441180,0.20985555555555555,9
1401392283848692154,0.4965,88
1401418280426101813,0.4275333333333333,3
1401438354472515872,0.2735166666666667,6
1401455930894569017,0.36755,2
1401485736419921037,0.2202,2
1401578837422532386,0.96335,2
1401602004528208512,0.8867,4
1401627384336615754,0.91,1
1401627689748542626,0.8481,1
1401665637335022140,0.5574833333333333,6
1401769912455146436,0.3153,2
1401868172030478198,0.62035,2
1401972781244375686,0.91,1
1401982118461632740,0.011349999999999971,2
1402004647548639845,0.7407,1
1402006273862305303,0.6924,2
1402094933312459392,0.57115,4
1402102074571630503,0.09866666666666667,3
1402110621151133069,0.4215,1
1402113756131859846,0.46645555555555557,9
1402146399877397101,0.90135,2
1402150514847417641,0.78146,5
1402215187030084811,0.5906833333333333,6
1402269454551536736,0.9115,1
1402391478273793539,0.8588,1
1402393499760529694,0.91,1
1402681514469774530,0.620025,4
1402749986569646595,0.79725,2
1402773619518581623,0.89985,2
1402796042854573248,0.8067333333333333,3
1402803238469105482,0.0,1
1402810335894154744,-0.1245,2
1402824258236972507,0.9931,1
1402827171584354848,0.9375333333333332,3
1402827274543713490,0.463625,4
1402844553994467103,0.67845,4
1402888236450617447,0.8622,1
1402900084768898531,0.8542571428571428,7
1402903302238993130,0.6989,1
1402932382780197616,0.4455,2
1402966218142484313,-0.4019,1
1403025506279058605,0.7173666666666666,3
1403078625831661659,0.5593666666666667,6
1403352828110093268,0.83065,2
1403471549159231781,-0.02689999999999998,2
1403475076441878730,0.68945,2
1403581799947807254,0.7917,1
1403601578958209160,0.8990999999999999,3
1403618327119849477,0.957,1
1403645236163987546,0.6600333333333334,3
1403650848662350610,0.957,1
1403656429323403227,0.7466999999999999,2
1403695209442202932,0.92055,2
1403832836186696171,0.5220333333333333,6
1403840847887757839,0.8499,1
1403982490153203167,0.96995,2
1404104002277422575,0.4811,2
1404161842024348293,0.7938,1
1404188825919638974,0.891,1
1404191913716021895,0.9746,1
1404216327549665734,0.9693666666666667,3
1404222969616407052,0.9907,1
1404263410461274421,0.49662000000000006,5
1404272975503852183,0.0,1
1404306679225309254,0.9034,3
1404315851864701847,0.5719,1
1404316234779843782,0.039349999999999996,2
1404318443622950492,0.69475,2
1404381084839341582,0.9753,1
1404393898664362418,0.8622,1
1404394894099481365,0.8225,1
1404396783281654482,0.77996,5
1404430849609007997,0.439,4
1404448136499029531,0.0,1
1404513598556989948,0.418,2
1404529443320626122,0.9629,1
1404541806743416360,0.9522999999999999,2
1404545302648647539,0.74175,6
1404563101193641700,0.794875,4
1404847008671283285,0.5225333333333334,3
1404864260987954632,-0.05459999999999998,2
1404897566467780985,0.64184,5
1404902479937233389,0.5176428571428572,7
1404905237950975619,0.42405,2
1404907388842955244,0.3851,2
1404913475777067523,0.13053333333333336,3
1404937299527769876,-0.6486,1
1404961272668288253,0.7376769230769231,13
1404969070717170617,0.9514999999999999,3
1404972408618987022,0.7726285714285714,7
1404977004199181662,0.0,1
1404996618791279392,0.6745333333333333,3
1405013782439023106,-0.2924,1
1405049494691683531,0.4656,2
1405051820337549894,0.0,1
1405058551885268956,0.30523333333333336,3
1405073477575002981,0.246525,4
1405081307974369723,0.66395,2
1405090488843157660,-0.031700000000000006,2
1405104068242896146,0.46144999999999997,6
1405115774099893104,0.9412,1
1405118201122170474,-0.21134999999999998,2
1405118252999284911,0.3148,6
1405118254279999651,0.34,1
1405174600102822791,0.8591,1
1405212645499973891,0.7742,3
1405221888735960088,0.84605,2
1405223131196793068,0.6060333333333333,3
1405262412505844709,0.9582,1
1405323243666725201,0.1101,4
1405667334230308085,0.7356,2
1405667378335329234,0.8442,1
1405685112147629921,0.2083,3
1405687758369253632,0.8442,1
1405693097414957538,0.8718,1
1405762543773474560,0.20453333333333334,3
1405792308041936170,0.2193,8
1405799481972849864,0.806,4
1405816993245968792,0.56855,2
1405838441535564823,0.0,2
1405848159339882449,0.176825,4
1405853943325819605,0.66805,4
1405857792422770035,0.8847,1
1405890425846688041,0.9928,1
1405892703194834497,0.479475,4
1405918480213439969,0.65438,5
1405926812972171938,0.9485,1
1405945308113611392,0.84275,2
1405951564394397197,0.8541666666666666,3
1405953773972132771,0.7269,1
1405960256533670040,0.8173,6
1405967519045226691,0.73915,2
1406322030571114924,0.9761,1
1406328514453040138,0.4201,2
1406351641218104773,0.8206333333333333,3
1406365287986607009,0.8402,1
1406378192180858152,0.7917000000000001,3
1406384156085935253,0.4454,2
1406405005246977292,0.42405,2
1406406907042357611,0.6386499999999999,4
1406462065432740256,0.9295666666666667,6
1406474651825557336,0.9794,1
1406486121996953081,0.5707,1
1406496984294719624,0.0044333333333333265,3
1406504095773852257,0.9402333333333334,3
1406556563913042528,0.9618,1
1406574847324873305,0.6510666666666667,3
1406595415889330546,0.7432333333333333,3
1406672198832177420,0.9001,4
1406674749352591068,0.0028999999999999916,5
1406740635869232641,0.4588,1
1406765552620726686,0.5323125,8
1406765666723611013,0.8431428571428572,7
1406767287307687925,0.5048875,8
1406776919220815694,0.9794,1
1407038949354601494,0.802,1
1407130969361537460,0.0,1
1407161782803232415,0.0,1
1407184485038491831,0.7110666666666666,3
1407223805823423185,0.7937,1
1407242987766039100,0.3594666666666666,3
1407252323705042758,0.3875,2
1407252614959285285,0.6738,1
1407262263562486335,0.8341,1
1407276137532485865,0.9855,1
1407291495900539585,0.96115,4
1407299642122649118,0.573,4
1407320481727379125,0.6728,5
1407371813964266038,0.9042333333333333,3
1407378602174591876,0.7932,1
1407391896732760120,0.9223333333333333,3
1407428227969802828,0.0,2
1407441620981249723,0.8943,2
1407466906912332860,0.8597,1
1407472327661828031,0.6906714285714285,7
1407543104706069553,0.9544,1
1407739888128015492,0.9092,1
1407820758963198493,0.9286,1
1407894343225456061,0.8436,1
1407950782810954052,0.2793,5
1407951704981020625,-0.9762,1
1407969109271228260,0.5574,1
1407986952422561472,0.4504333333333333,3
1408063417169963555,0.9929,1
1408085157797463024,0.9705,1
1408094074854360152,0.65697,10
1408101442780751135,0.9557,1
1408102026684368146,0.9438,1
1408169923311733836,0.47766000000000003,5
1408244108752658401,0.8481,1
1408263782299437415,0.9129499999999999,2
1408465504936101666,0.94015,2
1408533050004309051,0.9564,1
1408598311483364160,0.8999,1
1408602993273021700,0.73652,5
1408618006908272322,-0.9638,1
1408657519195361434,0.6627333333333333,3
1408682232231760742,0.0258,1
1408691930784169245,0.6248333333333334,9
1408705730121792583,0.9936,2
1408706360776939309,0.9874,1
1408761254852106657,0.5244,1
1408764720843399258,0.4404,1
1408792094237702807,0.9505,1
1408793776473827019,-0.1779,1
1408875652334429475,0.8002,1
1409185217789022289,0.7190333333333333,6
1409199335305518095,0.6148833333333333,12
1409237951562494150,0.4618,2
1409241583385804379,0.972,1
1409243416706024060,0.8528666666666668,3
1409257641070163854,0.669275,4
1409270915151694466,0.7209,2
1409271299060808718,0.72116,5
1409272014578462983,0.8316,1
1409272160085936517,0.9351333333333334,3
1409316757978196779,0.4662,4
1409331069698507797,0.95675,2
1409356177594489216,0.6766,5
1409356591889350249,0.5645,4
1409373751569162023,0.481,2
1409373751688299638,0.5516333333333333,3
1409373974213497130,0.7207,2
1409374165168925254,0.0,1
1409374182421746045,0.9369,1
1409384903703884553,0.0,1
1409395068398598674,0.4035,2
1409395182559647023,-0.075,6
1409396920278551262,-0.8132,1
1409403483104926916,0.8384666666666667,3
1409406450351930736,0.5320833333333334,6
1409413462916896898,0.5381857142857143,7
1409433635995249540,0.8586,1
1409444520339170215,0.25,1
1409464630737580625,0.6808,1
1409524369002101102,0.3689,2
1409534129329748214,-0.04049999999999998,2
1409537723590986989,0.9376,1
1409540460091464768,0.8939,3
1409566498280653399,0.8439666666666666,3
1409572360142272767,0.9371,1
1409579100436300464,0.9559000000000001,3
1409618607786892540,0.49295,2
1409686362936280523,0.5185666666666667,3
1409921617109229275,0.905,1
1409943067740981389,0.7428,2
1409945623519069846,0.33944,5
1410005987369180892,-0.7839,1
1410006380482398462,0.915,1
1410045064848470815,0.6196857142857143,7
1410079651779445492,0.765,4
1410101240251019709,0.9747,1
1410107836215707389,0.9538399999999999,5
1410115615647825619,0.7351,1
1410147477757127961,0.726125,4
1410149023742106729,0.8465,1
1410151150103866819,0.8553,2
1410155114201487965,0.9722,1
1410155157162992860,0.665375,8
1410155476720120505,-0.726,1
1410173946093699385,0.296,1
1410251615375588387,0.0,1
1410312188111743068,0.8561000000000001,2
1410339688434485892,0.5048,3
1410357675351273217,0.10989999999999998,2
1410365736365836609,0.9294,1
1410383735072767003,0.8874,1
1410616140032306982,0.96595,2
1410644172143845750,0.6249,1
1410686354813246286,0.82325,2
1410718814689611883,0.9727666666666667,3
1410723881449473748,0.0,1
1410754962845207519,0.943,1
1410762376762687876,0.7393,4
1410823843764553363,0.9928,1
1410828420698095083,0.8748,1
1410829709843902848,0.736525,4
1410830932860609797,0.9283,3
1410842262760961399,0.6727333333333334,3
1410881822758055466,0.7003,1
1410887957136162052,0.43445,2
1410893669323668536,0.42449999999999993,3
1410901662224893530,0.0,1
1410950069015949277,0.9281,1
1410950080939787251,0.760225,4
1411001137655602056,0.5719,1
1411018491317569632,0.9233,1
1411030478964418258,0.853775,4
1411034375449997283,0.9485,1
1411056545428268242,0.6370333333333333,6
1411252149236605956,0.9863,1
1411315756837839731,0.0,2
1411334511315467294,0.0,1
1411376925959903168,0.580125,8
1411432461920151033,0.9674,1
1411437635003764102,0.6114,1
1411448575148977870,0.191875,8
1411453815024267807,0.7696333333333333,3
1411481898091347806,0.7921,5
1411488257547251825,0.31845,2
1411515203635465484,0.972925,4
1411540100942309864,0.4258,2
1411551460270415882,0.70322,5
1411553421013224537,0.6981,1
1411567564808884839,0.6908,1
1411635924366347963,0.9784,1
1411650626022365033,0.0,1
1411652421992846482,0.0,1
1411672004430689479,0.32246,5
1411673498746035876,0.4215,1
1411807519071582943,0.839,6
1411811869111241170,0.8737,3
1411813337255665469,0.841,2
1411813685094407904,0.9184,1
1411813979096077592,-0.128,1
1412121821445670085,0.7506,1
1412122285661558224,0.42775,6
1412146648959484331,0.4738,2
1412152016321739249,0.3305,4
1412195686965758958,0.8591,1
1412225049592884018,0.46655,2
1412248991717425783,0.49305,2
1412265873118061392,0.0,1
1412269385099470972,0.9593499999999999,2
1412297523595507069,0.9592,1
1412303606668924082,0.86475,2
1412307951181095766,0.9134,2
1412344423855624994,0.9415,2
1412348075453107176,0.88395,2
1412351210189122407,0.9797,1
1412361352813969552,0.212,3
1412378094707509010,0.0,1
1412384923613377947,0.93225,2
1412475760673915226,0.0,1
1412488568251395076,0.65476,5
1412510178369500014,0.7067,1
1412733436712245381,0.8999,1
1412815265807086560,0.5830333333333333,3
1412825850540720766,0.99,1
1412876900561397111,0.88795,2
1412899075498736569,0.7635000000000001,2
1412951915696763816,0.9964,1
1412969726598482029,0.64032,5
1412975762392578703,0.0,2
1412999506191230881,0.5794,2
1413014746635262963,0.0,1
1413022393008474956,0.8071999999999999,3
1413044514348993690,0.7757999999999999,3
1413051687219827998,0.41125,2
1413056868922292744,0.31245,2
1413058849836362201,0.40745,4
1413075333591539542,0.6597,1
1413077911775521582,0.787675,4
1413095437581251194,0.5992285714285714,7
1413103633761566169,0.11315,2
1413115161518683764,0.9367000000000001,3
1413116663797476509,0.96655,2
1413134961962982773,0.7716,3
1413200978899013133,0.9217,1
1413215383429008733,0.18140000000000003,2
1413227943870237566,0.9867,1
1413290071176941924,0.3817,1
1413518838242065885,0.5859,1
1413566898672584361,0.6917,5
1413583837973305746,0.4415,2
1413591025432626312,0.8968,1
1413632508641818267,0.94465,2
1413640443053905185,0.9513,1
1413655981726899322,0.8925,1
1413668710065869143,0.9074,1
1413668846755696670,0.0,1
1413736591051602619,0.9525,3
1413766177074206575,0.5376333333333333,3
1413769759741313688,0.8005,2
1413779728497934500,0.9637,1
1413802178505287155,0.850025,4
1413802219456967264,0.4404,1
1413840891958566694,0.9165,1
1413848190006704110,0.4404,1
1413851868437177294,-0.3064,1
1413906513333440093,0.5336875000000001,8
1413908775370947519,0.0,1
1413935250435513232,0.7743,1
1413978859119297261,0.0,1
1414247736437959013,0.88255,2
1414260084005666399,0.6441,2
1414308289192866533,0.5015333333333333,3
1414327218230817114,0.98445,2
1414330039298329584,0.94055,4
1414373640861552694,-0.5423,1
1414397053159339761,0.9732,1
1414397072471918592,0.6631750000000001,4
1414437133136634098,0.93095,4
1414461607019102011,0.9834,1
1414465654226818431,0.9933,1
1414475935472420266,0.4404,1
1414513032953523434,0.8573,1
1414549186022321065,0.12605000000000002,4
1414571056327348568,0.42595,2
1414572854660609350,0.505925,4
1414636944325503663,0.0,1
1414677550808831405,0.6886,2
1414683916454000167,-0.5754,3
1414691434053404722,0.16899999999999996,3
1414703602412646285,0.0,1
1414723027896682014,0.765,1
1415030884794908611,0.474,1
1415048492919050098,0.964,1
1415069524105941905,0.882375,4
1415097958494917644,0.71315,2
1415101020323590371,0.6759,2
1415112659538081335,0.9768,1
1415161178944605256,0.9097999999999999,2
1415185785499549400,0.8752500000000001,2
1415187587519976700,0.8813,1
1415215125950545039,0.93895,2
1415233900345550675,0.5465,2
1415234924832046669,0.3818,1
1415244137954935106,0.7962,1
1415271669404698765,0.9904,1
1415284409329911545,0.4881,2
1415306620653549281,0.9661,3
1415308414998606382,0.5248307692307692,13
1415315328423522301,0.4287642857142857,14
1415321897971778913,0.7696000000000001,2
1415332103542389224,0.91,1
1415344121677469151,0.9601,1
1415377895522763093,0.7678666666666666,3
1415657617085920311,0.9455333333333332,3
1415738254859133077,0.6393,3
1415781477007309111,0.9078,1
1415804537216070663,0.44785,2
1415821186612563625,0.5751499999999999,2
1415839688921763018,0.8953,1
1415841838201826990,0.2738666666666667,6
1415878439594622782,0.6104333333333334,3
1415881151751125909,0.9133,2
1415899649084649960,0.765,1
1415915533648041201,0.8316,1
1415932198096593354,0.8983714285714285,7
1415938249007703917,0.34,1
1415951941277856612,0.9009,2
1415983261285404672,0.9761,2
1416003175772561489,0.4576,1
1416027923753382305,0.9949,1
1416046162494545870,0.66605,2
1416054988798652263,0.60814,5
1416061228856835229,0.98305,2
1416100824799944804,0.9147000000000001,2
1416103958685647465,0.8805,1
1416128447005547107,0.0,2
1416376645514887609,0.8336399999999999,5
1416464521905201649,0.9245,1
1416495361236995205,0.637725,4
1416515076521589560,0.6292666666666668,3
1416528309176450981,0.8693,2
1416529122168222776,0.30375,2
1416535935291379921,-0.08045000000000002,4
1416537942256310841,0.6252,4
1416542446009856407,0.6369,1
1416552536271335865,0.1459,1
1416560075160017873,0.7476666666666666,3
1416561834451446851,0.8783,5
1416567241852143834,0.6101,3
1416609768862306500,-0.296,1
1416635564135284788,0.9595,1
1416669988886579506,0.75995,2
1416687959379971335,0.9323,1
1416706979972740074,0.47115,2
1416707334574058450,0.868025,8
1416722849331347933,0.5851999999999999,4
1416727548268305441,0.8027799999999999,5
1416754612746165786,0.0,1
1416825777931838636,0.11909999999999998,3
1416830823223555868,0.0,1
1416903702862472131,0.7003,1
1417201258974999657,0.7991,2
1417208083253006343,0.9676,1
1417225865004641447,-0.128,1
1417250398487118001,0.4158666666666666,3
1417252722413740621,0.9365333333333333,3
1417253443335395034,0.0,1
1417308222887177790,0.636,1
1417322216986779843,0.39795,2
1417351645157544913,0.902,1
1417368549966387554,0.75545,2
1417391270366578272,0.8068500000000001,4
1417391302947829765,0.4899,2
1417391871232065061,0.7205857142857143,7
1417404464378424286,0.8516,1
1417423072495749460,0.92515,2
1417423435879306387,0.9878,1
1417425280278642344,0.7465333333333334,3
1417432562152617402,0.5719,1
1417441949594230314,0.5719,1
1417517982239675228,0.5008666666666667,3
1417640594456510348,0.16026666666666667,3
1417888255280979996,0.9166,1
1417891587754663596,0.849,4
1417895440297628621,-0.5365,1
1417916161050645406,0.6084666666666667,3
1417946421501392079,0.7269,1
1418039043779753174,0.4754,1
1418104858260326883,-0.9508,1
1418109883074468966,0.7906,1
1418122905971034903,0.8565333333333333,3
1418153332359017417,0.636,1
1418375188385921754,-0.9106,1
1418450923602352320,0.7789200000000001,5
1418582015332172509,0.9776,1
1418607855053108803,0.9926,1
1418626942666428505,0.8807,1
1418645052560178636,0.66775,6
1418680669105625406,0.8396,3
1418720609679675388,0.6239,1
1418857074069587713,0.6452666666666667,3
1418877841075569571,0.7362,4
1418879080330543264,0.9231,1
1418920846078526142,0.9829,1
1418973844562710556,0.9401,2
1418989687774467818,0.9456,1
1419018601974902648,0.9382,1
1419077000065825658,0.3195,5
1419328999504474439,0.5859,1
1419373285696614544,0.8508,1
1419382173536422977,0.6114,1
1419403159895098774,0.9163,1
1419433555922722448,0.2102142857142857,7
1419440752257820043,0.6249,1
1419499453743806718,0.9309,1
1419502900958314974,0.281425,4
1419509449464205346,0.4929,2
1419533812329345778,-0.0837,2
1419549490761673763,0.3612,1
1419585227575615392,0.902,1
1419595478077134665,0.9854,1
1419643282024113319,0.79945,2
1419678558903312105,0.0,1
1419737260990939552,0.47585,2
1419744648512350530,0.9575,1
1419746273855285472,0.89115,4
1419751138414065038,0.17270000000000002,2
1419754564480955792,0.7644,1
1419754873579954863,0.5859,1
1419771827085544077,0.87582,5
1420063746912449965,0.5719,1
1420074885314084393,0.73226,5
1420126228540342938,0.1909,2
1420164743808950777,0.608,5
1420168382717654456,0.8314666666666666,3
1420171034050878348,0.89865,4
1420179009951794248,0.7419,1
1420196933963857917,0.9422,1
1420209962572853482,0.8984,2
1420214776524147883,0.8268,1
1420215285392393422,0.9731,1
1420232283781023720,0.4107846153846154,13
1420233298646106161,-0.0392,1
1420236555078654171,0.4915333333333333,6
1420239147934710764,0.7237750000000001,4
1420240966165479890,0.3736,6
1420301764341279014,-0.3164,1
1420314194646314373,0.62915,4
1420319427755550396,0.83615,2
1420335221502697183,0.2255,1
1420337570640140856,0.9113500000000001,2
1420340692090946709,0.779175,4
1420356497835160094,0.7697375,8
1420408236016098367,0.7253499999999999,4
1420411533184921314,0.4215,1
1420544712394586481,0.8354333333333334,3
1420564052567804657,0.8484833333333333,6
1420735984056177111,0.957825,4
1420787450154694099,0.9373,3
1420800197637636927,0.47025,2
1420814710160031590,0.0,1
1420820075262729339,0.86625,2
1420873030621756651,0.7132999999999999,6
1420891033089926935,0.419,2
1420892184946497618,0.4643,2
1420913819417030943,0.5423,1
1420924042713768570,0.9507,1
1420927683490229155,0.5340125,8
1420937679025463658,0.8565,3
1420954951661335481,0.9712666666666667,3
1420963547821181521,0.48185,2
1420973725783626781,0.9676,1
1420974835659083392,0.2263,1
1420979732870976671,0.9041,1
1420982211921716235,0.5355,1
1420988192562700593,-0.08105000000000001,2
1420993276672133696,0.6124,1
1421007725946562157,0.7630666666666667,3
1421014469149689740,0.6715625,8
1421018748466196226,0.54515,2
1421055655396544240,0.4806,2
1421072457162891119,-0.11738333333333334,6
1421079975813967538,0.9737,1
1421113632145741042,0.6486,1
1421147446530463781,0.8639,1
1421210437751301798,0.21995,2
1421214724766361945,-0.038575000000000005,4
1421278005640392410,0.8174,6
1421411278192799961,0.908,1
1421477509844632468,0.3291,1
1421545932573533715,0.42595,2
1421570875843769890,0.94485,2
1421604119394451400,0.2633666666666667,3
1421687840511737748,0.9642,1
1421702823803689370,0.7377,2
1421764332627190638,0.0,1
1421764486041735774,-0.4559,1
1421764856220531804,0.38644,5
1421768636938058986,-0.2664,3
1421798194428880758,0.60716,5
1421857954713585876,0.8685,1
1421881189632200824,0.79095,2
1421913760620420778,0.8559666666666667,3
1421914120767068287,0.8395999999999999,3
1421914466433884663,0.9141,2
1421955304088830189,0.9501,1
1422218077136745154,0.42685,2
1422286712131077993,0.7555333333333333,3
1422333801654913092,0.9608,1
1422342154476349872,0.2761,3
1422354359319991499,0.9808,1
1422414130228034555,0.8453,1
1422435161595690718,0.9606666666666667,3
1422477575794104193,0.7809,1
1422482045652178544,0.5441,3
1422518195497647362,0.079,1
1422582672261054624,0.3978,2
1422592669073183434,0.0,1
1422694595349041023,-0.8523,1
1423000888558890581,0.6445399999999999,5
1423010507405580131,0.71005,2
1423041327213430425,0.7886333333333333,6
1423091381643502206,0.875,1
1423106137632421801,0.9768333333333333,3
1423159354923247453,0.8977,1
1423170504345764640,0.96085,2
1423182996558473621,0.8428,2
1423195425061586598,0.70845,2
1423209209732487306,0.7959,1
1423222517418350457,-0.9508,1
1423307375977332371,0.5452,7
1423309001379052399,0.2604285714285714,7
1423310622993387241,0.7115333333333332,6
1423381533760487441,0.8223,2
1423399951976353724,-0.1136,2
1423762072011342990,0.8317,2
1423799451135330026,0.8005599999999999,5
1423808492144436045,0.47235,2
1423815162244024472,0.9647,1
1423837577929355808,0.9474666666666667,3
1423916794366610734,0.60106,10
1423934458164448369,0.9515333333333333,3
1423937521926648331,0.5271333333333333,3
1423960742886607608,0.9848,1
1423963288780621422,0.080925,4
1424033035106020431,0.7198399999999999,5
1424034427002580050,0.9871,1
1424047694752661136,0.9201,1
1424081242011899738,0.7745666666666667,6
1424140766374525813,0.517,1
1424147341336290830,0.0,1
1424161090556676948,0.81694,5
1424192523213538489,0.9700666666666667,3
1424445953693911414,0.5085666666666667,3
1424453336934935183,0.6705,1
1424468408823805315,0.9533333333333333,6
1424473995821238494,0.7099500000000001,2
1424530842802441259,0.8588,1
1424555806569500320,0.8176,1
1424557702993256470,0.9758,2
1424577795998301988,0.8416,1
1424601924924056535,0.7906,1
1424608205720694693,0.0,1
1424624340407086867,0.9636499999999999,2
1424637891765610893,0.9441,1
1424663080594455079,0.352575,4
1424672110635758996,0.8010666666666667,3
1424673772728893735,0.8115,1
1424682368231994163,0.0,1
1424700338679701638,-0.2492,2
1424700946148935942,0.85465,6
1424712902488554791,-0.7547,1
1424717851907865908,-0.984,1
1424796943739947286,0.9719,1
1424798044341076960,0.9423,1
1424814275098773944,0.9149499999999999,2
1424826478258313684,0.04454999999999998,2
1424840795121368331,0.7089,1
1424955925662310813,0.8744,1
1425099752307945188,0.9707,2
1425105869929594333,0.7731333333333333,3
1425177921506549048,0.0,3
1425181340968163725,0.67005,2
1425220227110729633,0.7788166666666667,6
1425228641722755562,0.9901,1
1425244674094357526,-0.296,1
1425256317097119196,0.9335,1
1425264749474298890,0.0,1
1425272646817677056,0.4215,1
1425285428210305276,0.7101999999999999,4
1425293407098600869,0.10113333333333335,3
1425302074669673115,0.9504999999999999,2
1425320081244164822,0.9118,1
1425359893066437462,0.3347666666666667,3
1425381959986812462,0.7127666666666667,9
1425443827027861666,0.9684,1
1425461357501466290,0.636,1
1425501284635410319,0.66026,10
1425515236104553185,-0.856825,4
1425516891736271271,0.1486,4
1425520902433564855,0.4295285714285714,7
1425523641207142731,0.4323166666666667,6
1425525812916973007,0.5259,5
1425528386747562331,0.050199999999999995,4
1425652357798353791,0.5106,1
1425680417163548254,0.34,1
1425831293755746512,0.7837,1
1425836511470365502,0.9741,1
1425837804836017461,0.9766,1
1425839923618067385,-0.3818,1
1425845783062658355,0.5366500000000001,2
1425903409334757433,0.82087,10
1425927092023759035,0.7001000000000001,8
1425940992294039685,0.5693400000000001,5
1425943537340088408,-0.5994,1
1425957217231556911,0.9446,2
1425960463069399721,0.9834,1
1425983827583031646,0.3915222222222222,9
1425999196791354115,0.9187,1
1426000004911483014,0.4604,3
1426006618392335009,-0.002574999999999994,4
1426007407556227958,0.9739,1
1426094346805000284,0.9013333333333334,3
1426126575315400226,0.7003,1
1426136211457115566,0.6114,1
1426141779337535199,0.48695,2
1426153048880590396,0.600225,4
1426156362322099348,0.0,2
1426184736500936038,0.9217,1
1426241575831026710,0.7172357142857143,14
1426326775318115233,0.61175,2
1426335753975778211,0.9273,1
1426389233273734609,0.0,1
1426414598650178848,0.0,3
1426572202215482559,0.4215,1
1426611897959822185,0.8082,1
1426616137350427829,0.977875,4
1426651972254248994,0.9448666666666666,3
1426657762387757901,0.8434333333333334,3
1426666529772075355,0.12990000000000002,2
1426680235859076804,0.9355,2
1426684909606294809,0.9406666666666667,3
1426696606876717369,0.9859,1
1426721048490723025,0.2463,2
1426726337044691425,0.949825,8
1426820850643418305,0.7619000000000001,3
1426822408202044643,0.4192,2
1426824264273431470,0.9457,3
1426844147622542632,0.8643,1
1426899056308833052,0.1603,3
1426904974571758594,0.9868,1
1426988403247524966,0.9392,1
1426995032799077959,0.6345999999999999,3
1427016554737872593,0.8999,1
1427328232757604626,-0.8309,1
1427355509381635085,0.0,1
1427365562576019298,0.8169,9
1427366839121206298,0.9101,3
1427372634959580548,0.0,1
1427379004403772922,0.5286833333333333,6
1427422060434484022,0.395825,4
1427452154398934183,0.4767,1
1427477394504861473,0.8838,1
1427486120881954679,0.0998,2
1427487075885102335,0.9234,1
1427492223142253471,0.2662,1
1427495165532872145,0.84985,2
1427496605120936681,0.937,2
1427500013294237281,0.18776666666666667,3
1427517584146020722,0.53368,5
1427533964672672428,0.9644250000000001,4
1427537450031152890,0.97,1
1427551150569131325,0.8268,1
1427563156333249392,0.6434,9
1427571429081203469,0.92798,5
1427573896193564587,0.6082666666666666,3
1427583585346596063,0.969,1
1427590587262267226,0.80514,5
1427593898935956744,0.861,1
1427616851904237329,0.0,3
1427643656063993635,0.562075,8
1427654197846710141,0.8855,2
1427722139935390480,0.8750333333333332,3
1427739147951906371,0.2964111111111111,9
1427767560400836783,0.98,1
1427964617884815818,0.975,1
1428053815947950997,0.8588,1
1428083079694559678,0.9921,1
1428160180233705168,0.38225,2
1428172023859723061,0.9529,1
1428216646825062625,0.7953666666666667,3
1428224455505964945,0.8531333333333334,3
1428268206811827114,0.7673666666666668,3
1428355903895119208,-0.020699999999999996,2
1428359191872131956,0.0032500000000000306,2
1428362720888302413,0.963,1
1428370769703118836,0.42264999999999997,4
1428374868694576907,0.4147,2
1428426164511576972,0.9908,1
1428471344553390845,0.9746666666666667,3
1428665529681615089,0.9652,1
1428776006588797810,-0.32126666666666664,3
1428892021900637889,0.04320000000000001,7
1428965975957814062,0.9078,1
1429030197827419012,0.9474499999999999,2
1429031647451544391,0.9851,1
1429064420044984359,0.3954222222222222,9
1429087336662013949,0.90825,4
1429108268289434603,0.40036000000000005,5
1429155391276544285,0.89395,4
1429180303533111601,-0.128,1
1429213518912214189,0.31184999999999996,2
1429274229884043495,0.6493333333333333,3
1429489365956367140,0.9392,1
1429525460765809550,0.9447,1
1429538686948207787,0.38917500000000005,4
1429585452981092345,-0.02979999999999998,4
1429589001227105758,0.8356,2
1429602363199889143,0.9675,2
1429603517359302846,-0.2997,2
1429619630358979571,0.4995777777777778,9
1429623756316752143,0.9763,1
1429640222962543689,0.95,2
1429653719554538489,0.0,1
1429667346771551117,0.7505666666666667,3
1429679791709679568,0.874625,4
1429685648873318100,0.68795,4
1429700104278650795,0.9642999999999999,2
1429706004875773575,-0.128,1
1429735969613333117,0.342825,4
1429738975724853286,0.425,2
1429744347514453459,0.93525,2
1429745570514528217,0.9032461538461539,13
1429759258468074397,0.26480000000000004,2
1429793997725539107,0.6688,1
1429825613379011642,0.39973333333333333,3
1429835216608488547,0.6458,1
1429859738920991965,0.6898666666666666,3
1429886616528170728,0.5859,1
1429903498534872008,0.9454666666666668,3
1429916986368218866,0.7579,1
1429932988645379212,0.35009999999999997,2
1429969798151838960,0.2145,3
1430186149783096608,0.15562,5
1430248169464979284,0.6038333333333333,3
1430271918288479542,0.8074,1
1430273340499617264,0.8858,1
1430277059910180984,0.6109666666666667,3
1430322374799292215,0.9789,1
1430358626772307737,0.0,1
1430376733884730023,0.6161666666666666,3
1430399515204401693,0.5972000000000001,2
1430422888872974744,0.94675,2
1430423023997399779,0.19350000000000003,2
1430429977431378008,-0.058066666666666676,3
1430442571038703979,0.967,1
1430466649844106869,0.9817,1
1430548031491901613,0.9715,1
1430562207709572434,0.4482,1
1430562559010622896,0.5007333333333333,9
1430577633582779604,0.12661999999999998,5
1430620108873096810,-0.865,1
1430648951654204632,0.70845,2
1430690913781589672,0.9575,1
1430828237876795509,0.557,2
1430934089712767072,0.8908666666666667,3
1430976645244181282,0.8398,1
1430981867753021493,0.9016,1
1430994043668466599,0.993,1
1431019006757582609,0.2382,1
1431050774269771793,0.43567999999999996,5
1431051597627541631,0.49445,2
1431076043530913337,0.603125,4
1431090100486332638,0.7192,3
1431091946147908456,-0.01789999999999997,2
1431095529679408561,-0.6785,1
1431117602143293407,0.0,1
1431123922585611785,0.8966,2
1431132505213044085,0.6949166666666667,6
1431135882728619048,0.835,4
1431167724103645269,0.8019666666666666,3
1431169583053430477,0.7906,1
1431207669125668257,0.7537499999999999,2
1431241207116681416,0.6626833333333333,6
1431315519269722319,0.941925,4
1431337879556760174,0.8984,2
1431652939362113642,0.8908333333333333,3
1431678275411887878,0.91865,2
1431707716598657370,0.6369,1
1431707760120568983,0.9851,1
1431719025900419917,0.48735,2
1431722839345237267,0.0,1
1431747807406419218,0.8732111111111112,9
1431753018721464137,0.93365,2
1431768001014689797,0.7706,3
1431771562202206587,0.7946666666666666,3
1431784048489797273,0.8916999999999999,2
1431787803447461871,0.9287,1
1431797097842315546,0.9342333333333332,3
1431831723699484679,0.5719,1
1431834232982507239,0.5340333333333334,6
1431840111796012043,0.0,1
1431849779461327633,0.9834,1
1431859894048500421,0.775625,4
1431864430320995263,0.540125,4
1431876522362058554,0.9497,1
1431903578340767556,0.33186,5
1431912431214627614,0.871,1
1431918122831483707,0.9769,1
1431926525123726488,0.8155,1
1431933054825171368,0.9724,1
1431940654176495891,0.6588,1
1431968654296973924,0.6249,1
1431975073193181491,0.7177,1
1431981814053728067,0.9581500000000001,2
1432033229226264624,0.6808,1
1432038813154902138,0.8112666666666666,3
1432061321969248752,0.9722,1
1432341700515044860,0.5799333333333333,3
1432395697985936488,0.68355,6
1432447059024198226,0.8204,1
1432456411445295991,0.9481,1
1432477093890181799,0.90965,4
1432504959858888709,0.8070333333333334,3
1432536960457279016,-0.5574,1
1432570496043542108,0.7067,3
1432577518155997301,0.2121333333333333,3
1432578945006560207,0.7391,1
1432588695008880634,0.5496000000000001,2
1432589172528012689,0.9212,2
1432590792776964316,0.7744666666666666,3
1432592874655248145,0.8976,2
1432595257072531313,0.9358,2
1432600397597678195,0.8972,4
1432600779767103650,0.9722,1
1432601186316092977,0.90345,2
1432602105055805977,0.9874,1
1432618994827541498,0.26770000000000005,4
1432642395692877032,0.8777857142857143,7
1432653182985317296,0.640075,4
1432657116550800364,0.8858,1
1432696760775004161,0.9513,2
1432702713585012633,0.77005,2
1432739286809656831,0.553375,4
1432751249022479177,0.670725,4
1432757206658560328,0.967,1
1432848523454443324,-0.128,1
1432966390440150908,-0.119,2
1433043307701014078,0.48208,5
1433053027925459022,-0.5994,1
1433224824244450079,-0.027999999999999997,4
1433243611607341208,-0.7557,1
1433264013456741268,0.4261,4
1433266445804997605,0.5266000000000001,3
1433292990748283311,0.5994,1
1433313794035141153,0.9657,1
1433344962571442195,0.5925333333333334,3
1433398035004380218,0.8153999999999999,2
1433437711748811294,0.4655,2
1433449797571112809,0.711275,4
1433472805396450370,0.9664333333333334,3
1433499140902134424,0.4288,2
1433504007262999723,0.9459,1
1433510790766754903,0.4215,1
1433677134944238030,0.4359,2
1433809209989094351,0.5148,8
1433815380063526519,0.9029,1
1434018259528742860,0.8909,7
1434033075887579630,0.9329,1
1434059487907645770,0.9601,1
1434085912582969374,0.0,1
1434121238507137850,0.8516,1
1434154108777084088,0.2724,1
1434439121574731518,0.07966666666666666,3
1434581560947187512,0.6696,1
1434592196846103308,0.7547166666666666,6
1434700186676891837,0.9579666666666666,3
1434701697925247597,0.9372333333333334,3
1434709661246882302,0.67875,4
1434711783164491460,0.3294,2
1434718834858939996,0.5739,3
1434719796276859612,0.40359999999999996,3
1434720666445468823,0.9756,1
1434733651039960767,0.5164,2
1434743310342881228,0.33185000000000003,6
1434763159343875537,-0.054050000000000015,4
1434769993669331995,0.6249,1
1434771690501000549,0.9908,1
1434817285519935384,0.9715,1
1434817708124147120,0.7933,3
1434851365741925171,0.33393333333333325,3
1434857046730991046,0.55762,10
1434985584426303196,0.91425,2
1434985992040899669,0.547575,4
1435102971453583534,0.0,1
1435269723945294242,0.9475,1
1435334294271087614,0.7489,3
1435338364464070513,0.0,1
1435350863760618806,0.8322,2
1435433076956934058,0.9757,1
1435451094954390660,0.7734666666666667,3
1435460877977730928,0.91265,8
1435464696209847431,0.95275,2
1435486680867400913,-0.25,1
1435497952695442175,0.5498,2
1435501290040378304,0.9688,4
1435503586311672665,0.5563,1
1435517898933242017,0.5792333333333334,3
1435534643216133131,0.5859,1
1435541678184376969,0.0,1
1435562853433464343,0.9677,1
1435596663465753487,0.597575,4
1435635807333382500,0.9052,1
1435689167840462523,0.0,1
1435694200232575556,0.89642,5
1435711329207398159,-0.47335,2
1435730883024638981,0.95,4
1435744572038229132,0.7579,1
1435769680260890059,0.85875,2
1435946704414900938,0.622,2
1435997734657517931,0.9256333333333333,3
1436011355506256963,0.44895,2
1436045293585427855,-0.25,1
1436068579775474850,0.96165,4
1436096754297261480,0.48675,2
1436117525765743419,0.91995,4
1436197699982578150,0.8311999999999999,5
1436204265335897501,0.88164,5
1436206992977092882,0.94985,2
1436267823225322965,0.7142333333333334,3
1436300883067328668,0.9376500000000001,2
1436316446450819087,0.9487749999999999,4
1436324291765802638,0.5900333333333333,6
1436352096398532510,0.9062,4
1436389879019036824,0.9508,1
1436416036320262669,0.667625,4
1436459220100014239,0.1769,2
1436737610175925748,0.9258,1
1436782802831960492,0.9747,1
1436784727726406205,0.4040333333333333,3
1436785129490995969,0.47585,2
1436788925608673689,0.9918,1
1436799629408906331,0.906,1
1436867919525155458,0.47206666666666663,3
1436888717008440097,0.839,1
1436937545841867712,-0.47583333333333333,3
1436950046448688396,0.7612000000000001,2
1436952655382308562,0.8828999999999999,3
1436960504680656740,0.6249,1
1436961346830572298,0.8225,1
1436969301064150767,0.5024000000000001,3
1436981912279976973,0.8986666666666667,3
1436982439750554497,0.8617,1
1436989090627474363,-0.02026000000000001,5
1437039411157388584,0.8481,1
1437056567049218686,0.05670000000000001,3
1437063102473481751,0.0,1
1437075390736258809,0.5088333333333334,3
1437078823428911973,0.6241,3
1437241075079840252,0.928,1
1437256893706740920,0.8103,1
1437407230663110192,0.02479999999999999,2
1437449044406680185,0.9042,1
1437466814077602213,-0.9343,1
1437477824208536312,0.9177,3
1437479260418433940,0.406275,4
1437500079368794264,-0.363,1
1437502133937711587,0.9953,1
1437510712832895460,0.8476,1
1437519591308378695,0.0,1
1437521255764785680,0.9152999999999999,3
1437610791255274512,0.7089,1
1437620466490518752,0.9025,1
1437650419297582629,0.82074,5
1437658975876151798,0.7225666666666667,3
1437665503529603793,0.73816,5
1437719070609464879,0.5719,1
1437730339585541516,0.9059999999999999,2
1437747533361549484,0.9833,1
1437753516001265395,-0.09505,4
1437840540944320733,0.9258,1
1437991560593548701,0.5346,4
1438006920494635559,0.9726,1
1438221954867062964,0.646925,4
1438332604957117999,0.6872666666666666,3
1438337696839679695,-0.45845,2
1438353783848475401,0.79165,2
1438397058685005947,0.9416,2
1438417670309764739,0.21921428571428572,7
1438429697135086747,0.009650000000000047,2
1438444172265413768,0.8643,1
1438472950505480059,0.8516,1
1438476426780050113,0.8502,1
1438482928907697903,0.14968571428571426,7
1438486521332983597,0.4754,1
1438494585090018333,0.5932333333333334,3
1438512715771893047,0.0,1
1438528486229470887,0.9509,1
1438574284959525537,0.0,1
1438592263794109448,0.8239428571428571,7
1438662148895790387,0.3969714285714286,7
1438671413669992326,0.957,1
1438886185916193852,0.9348,1
1438984915915612866,0.48525,2
1439038708505560451,0.5640000000000001,5
1439094783677368989,0.234175,4
1439114427965846167,0.9046,3
1439145399964615680,0.747825,4
1439179790603157535,0.9883,1
1439193201297510328,0.31988000000000005,5
1439203577763343963,0.90625,2
1439209253078901625,0.0,1
1439222085860877494,0.9039,2
1439245625090919968,0.1364,3
1439258956343936892,0.78115,2
1439306951565325768,0.35015,2
1439310670396493434,0.9552,1
1439329053058658281,0.6067571428571429,7
1439442552777433546,0.6588,1
1439658461287328914,0.6659,3
1439688963884945057,-0.4642666666666666,3
1439689926430423170,0.8963,2
1439696867669459592,0.9898,1
1439707712856283101,0.7264,1
1439791666659119301,0.4404,1
1439805039003857558,0.010000000000000009,2
1439827869766084411,0.7064999999999999,4
1439836740880110489,0.9484,1
1439844073375850452,0.65798,5
1439862345487328310,0.5061333333333333,6
1439882932961528653,0.5827125,8
1439888382262399196,0.9504,2
1439890623905024002,0.9503666666666666,3
1439920639836831184,0.75388,5
1439987017240939485,0.6892,1
1439990043864061834,0.5716,3
1440023408722291144,0.725,3
1440044895255548050,0.0,1
1440094878129357211,0.9183,1
1440103082366165530,0.28595,2
1440109992345220974,0.2674,3
1440294859644263560,0.17116,5
1440382711372151189,0.867675,4
1440407447398075251,0.6128,3
1440407860212159904,0.016566666666666657,6
1440407915025890227,0.7320300000000001,10
1440443313856142949,0.5602571428571429,7
1440464882957198211,0.6249,1
1440498608453309420,0.5859,1
1440509606952224763,0.1799,5
1440523092123397332,0.7641333333333332,3
1440536924820742441,0.9375,2
1440543381109539528,0.9578,1
1440547887428020487,0.6249,1
1440558781146763603,-0.2018,2
1440612474083769035,0.7361666666666666,3
1440640479784095402,0.221725,4
1440706607944101452,0.6128,3
1440722091225828018,0.8718,1
1440783411889764095,0.9903,1
1440842691858504712,0.3612,1
1440889869188940773,0.64614,5
1441132264095994023,0.9136,1
1441170462743918963,0.948,2
1441202942068559503,0.8615,1
1441209554357068712,0.3827833333333333,6
1441218123535064918,-0.205675,4
1441241848582834778,0.4086,2
1441243458491807216,0.9058,1
1441244069283240055,0.3951,3
1441261564247823613,0.45445,2
1441268047134225952,0.8779,1
1441290120288098985,0.4967857142857143,7
1441347215186510185,0.9708,2
1441348157236429777,0.8711,1
1441357576832812849,0.22083333333333333,3
1441367073023772918,0.8408500000000001,2
1441372967084329293,0.9605999999999999,2
1441417648624957023,0.9787,1
1441444139457996945,0.9144,1
1441451359328809546,0.6839,2
1441453285252144990,0.3476,2
1441528396655223291,0.9692,3
1441591790672952365,0.1802,8
1441608579051070820,0.6255999999999999,2
1441628238611567715,0.9412333333333334,3
1441796182549200054,0.7346,1
1441845995894576927,0.0,1
1441851512535370477,0.6081,3
1441866511719274978,0.1336,5
1441872675157669290,0.0,1
1441890412209586287,0.8225,1
1441902399179839265,0.9422,1
1441923736838368211,-0.9042,1
1441927676699752546,0.15799999999999997,5
1441967183021239224,0.6588,1
1441967292783804732,-0.296,1
1441967487923443319,0.2732,1
1441970788845667680,0.8011,1
1441986765593579465,0.6359666666666667,3
1441988595859897224,0.7593833333333334,6
1442041384653110550,0.9821,1
1442045043451432925,0.5355,2
1442046048992789027,-0.3949,1
1442071910834101881,0.44,2
1442072486844571600,0.6816,9
1442074188046238927,0.01419999999999999,2
1442097050718886241,0.8588,1
1442107657911141302,-0.9485,1
1442168797321905030,0.0,1
1442198867332186804,0.5994,1
1442213406166892891,0.01946666666666667,3
1442214213618851585,0.37895,2
1442556208538064769,0.9407333333333333,3
1442572868935621127,0.7047,2
1442589598381965453,0.9204666666666667,3
1442608662722311563,0.6546,3
1442614971840932067,0.3982,2
1442616322345039271,0.18045,8
1442624292917801043,0.7694333333333333,3
1442652814740726842,0.0,1
1442686197805398632,0.8775,1
1442706783024624727,0.8095,2
1442774967823089446,0.4645142857142857,7
1442815550572402910,0.8220999999999999,3
1442825712012732354,0.9485,1
1442845051509608629,0.84735,2
1442845718996299090,0.19624,5
1442849630801811396,0.893,1
1442873415668700232,0.7574,1
1442887736911325241,0.8462,1
1442916393603138357,0.71285,4
1443293373969145743,0.9739,1
1443347186422444869,0.8126,1
1443415999440817453,0.9571000000000001,3
1443416989508882637,0.8688,1
1443447101563542778,0.7906,1
1443487020095820786,0.9388000000000001,2
1443498357248767273,0.9611,1
1443566123647536088,0.9172,2
1443570371283435994,0.8588,1
1443588209999724826,0.8392199999999999,5
1443622651098532736,0.0,1
1443641653248452118,0.0,1
1443705724545938766,-0.64715,2
1443765168373640686,0.6373666666666667,3
1443980412920613683,-0.25465,2
1443995783252727317,0.9863,1
1443999039025508036,0.9672,1
1444021799734131241,0.9158999999999999,2
1444090175438206317,-0.9783,1
1444113237775155844,0.4373,2
1444123628136778778,0.6940500000000001,2
1444138334380176503,0.6441666666666667,3
1444202548456117803,0.480375,4
1444207984847590039,0.5131375,8
1444217185725747912,0.44025,2
1444223508803114301,0.0,1
1444243968201891900,0.69645,2
1444246518943679977,0.7495,1
1444251673010869495,0.9755,1
1444267604916268804,0.8478,1
1444293445440840187,0.93775,2
1444304559098169410,0.8519,1
1444321195708900776,0.6141166666666666,6
1444371793981659124,0.9413,4
1444383118279200169,0.9085000000000001,3
1444410912110433045,0.5719,1
1444413959941503206,0.8734666666666667,3
1444419036636685955,0.7786,2
1444438524551578809,0.4741166666666667,6
1444555812895825608,0.52031,10
1444563207581554447,0.7144714285714285,7
1444604435364671221,0.09999999999999998,2
1444690394359728227,0.7642,1
1444700151048821268,0.8727,2
1444722311453473876,0.9758,1
1444761339977699245,0.8689,1
1444795586787248422,0.0,1
1444805711597064314,0.5994,1
1444886938639537084,0.7738499999999999,6
1444887924694312331,0.0,1
1444895787960698523,0.9617,1
1444918673846425401,-0.9808,1
1444940941578044234,-0.2628,2
1444940941644197672,0.0,1
1444941089761640247,0.92415,2
1444941098124481304,0.9434499999999999,2
1444941218449734190,0.375,2
1444941221848989265,0.94655,2
1444942197319715438,0.9832,1
1444963475010961686,0.89195,2
1445009422606456619,0.36565000000000003,6
1445014211699326100,0.296,1
1445019523520612132,0.32639999999999997,5
1445036406762022575,0.5379,1
1445043447868153335,0.5861,3
1445046892027049333,0.8448,2
1445060092694404103,0.7422666666666666,3
1445098284732783840,-0.6543,1
1445115348325863729,0.4014,2
1445115792508046593,0.9814,1
1445129514060133045,0.97,1
1445173606776060245,0.2023,1
1445434690614530272,0.82145,4
1445437677459331222,0.0,1
1445448918766190982,0.2202,2
1445483204339454232,0.9052875,8
1445496037016539370,0.8356,1
1445514378107190879,0.9728,1
1445518958594390666,-0.1629,1
1445534740891093232,0.0,1
1445538273002568226,0.0,1
1445543434882661030,0.5865333333333334,3
1445545867245542242,0.91255,2
1445548432017856815,0.032200000000000006,4
1445594498139138516,0.41369999999999996,4
1445621388453589740,0.14145,4
1445621683411188360,0.9954,1
1445622016135950345,0.8633,1
1445627373784156130,0.5994,1
1445639133820702864,0.8974,1
1445641657455013819,0.9393,1
1445644345433620856,0.6574571428571429,7
1445647076136410136,0.690475,4
1445651148602938211,0.78155,2
1445651361620317705,0.92,1
1445657513614266901,0.5304888888888889,9
1445659004129209829,0.9544,1
1445666206175359634,-0.24158,5
1445666900909316864,0.8402,1
1445673446674058940,0.41696666666666665,3
1445680859739580335,0.41983333333333334,3
1445685825767002261,0.9778,1
1445717460911850012,0.22175000000000003,10
1445767454504741265,0.83,1
1445832082733390637,0.59755,4
1446086666681672146,0.38915,2
1446200094957384754,0.9537,1
1446201307842740752,0.818,3
1446224085249340276,0.2714,1
1446225521736564176,0.9152,1
1446239745472101073,0.3242,3
1446248991776334899,0.8709666666666666,3
1446272742093546304,0.92064,5
1446307316757965322,0.9829,1
1446321096972129890,0.4608,2
1446339026071039633,0.6317666666666667,6
1446361247381121880,0.624,1
1446366067201069200,0.9627,2
1446370362819165609,0.8452,2
1446384752503134393,0.9349000000000001,2
1446386747457129980,0.0,1
1446410190292836577,0.32256666666666667,6
1446417303771376017,0.0,1
1446435967262269416,-0.34063333333333334,3
1446467179676589157,0.796325,4
1446470223460494818,0.39225,2
1446474174238626901,0.9273,1
1446476586797602446,-0.5824,1
1446508345322764263,0.31845,2
1446511022851668052,0.5525599999999999,5
1446532495301596668,0.6267666666666667,3
1446533856363585206,0.348225,4
1446535606978350114,0.24050000000000002,3
1446538811561510637,0.42955,2
1446553920738877324,0.9190999999999999,3
1446569239241221329,0.9714,1
1446593451357498981,0.7896000000000001,4
1446950411307934397,0.9693,1
1446991977505687391,0.0,1
1446992295028261461,0.8748,1
1447016173439037916,0.944,1
1447034983288584586,0.4797,2
1447045214398876838,0.4294,2
1447071959920492001,0.5719,1
1447072142328241755,0.0,1
1447084246908114710,0.6184700000000001,10
1447093555809193500,0.6620333333333334,3
1447103144337427792,0.61491,10
1447115356128126649,0.8801,1
1447123384134899484,0.54015,2
1447125307554618378,0.9245,1
1447129624324742084,0.9628,1
1447129860950251201,0.7681,2
1447150207125032205,0.7488666666666667,3
1447198312313733434,0.6486,1
1447203142484142346,0.88552,5
1447210992820421681,0.9763,1
1447278137676345023,0.5859,1
1447323633001289222,0.8831,1
1447621690253749292,0.0,1
1447647634428872134,0.9828,1
1447647644249220753,0.4741,2
1447651870118124540,0.8999,1
1447667529913691679,0.8924,2
1447673088255463034,0.9911,1
1447690138232140155,0.93625,2
1447693256955971315,0.2227,2
1447716066133846691,0.8832,1
1447718073632359035,0.9268000000000001,2
1447719834497971392,0.9721,2
1447726968074488034,0.9661,3
1447727187334098514,0.9455,1
1447732784474169014,0.9806,2
1447761525376053383,0.92,1
1447781773038398820,0.7902142857142858,7
1447809015599057552,0.355,4
1447815098543462592,0.963775,4
1447833031838643177,0.9842,1
1447858047576386448,0.8250333333333333,3
1447869231224677331,0.9384,1
1447883607883397158,0.9758,1
1447896656612157695,0.9512,1
1447987025222144088,0.9955,1
1447993882987584465,0.7684333333333333,3
1448008609131281099,0.671975,4
1448027493755607217,0.9029,1
1448057505206502109,0.8992285714285714,7
1448083566004093592,0.9172333333333333,3
1448115725157778406,-0.659,1
1448291356255220712,0.9152,2
1448325525249407830,0.8168,1
1448462587040919757,0.4178,2
1448469458719909405,0.5719,1
1448500525870012496,0.0,1
1448539870730532074,0.9572333333333334,3
1448557275302890698,0.0,1
1448560654329637855,0.7030333333333333,3
1448617463236628614,0.6249,1
1448618189701244212,0.89595,4
1448664309345254860,0.0,1
1448695799611994426,0.7339,1
1448707076003290272,0.469875,4
1448757815301229218,0.6316333333333334,3
1448778705026965210,0.908,1
1448783749711826694,0.9538,2
1448784952483263175,0.6249,1
1448789416153484629,0.8784000000000001,2
1448790472561815786,0.0,1
1448868165059766762,0.6872,1
1449052887599187213,0.0,1
1449122412698098202,0.9692,1
1449123436767754329,0.7906,1
1449136198788360290,0.7730333333333334,3
1449136459618188897,0.803975,4
1449159831968998270,0.45198571428571427,7
1449163689314006747,0.5719,1
1449173388015246442,0.6114,1
1449174035409169389,0.9096500000000001,2
1449211579839255355,0.4786,1
1449218364079110711,0.6908,1
1449296042306002340,0.6355999999999999,2
1449297301333029147,0.5891333333333333,3
1449299960460218394,0.75,1
1449315001126167287,0.7261500000000001,2
1449330503399626767,0.41960000000000003,4
1449331826825098110,-0.296,1
1449338294061771281,0.9664,1
1449351397691768903,0.9686,1
1449407860198279860,0.7351,1
1449440609969245289,0.7845,1
1449447391259133913,0.9512999999999999,3
1449453272192192950,0.8853666666666666,3
1449549941882055050,0.31456666666666666,3
1449798931168628307,0.8725,1
1449826180659274575,0.856725,4
1449843619058196735,0.29137500000000005,4
1449855942133307187,0.0,2
1449856040601255517,0.128825,4
1449856195002942214,0.02074999999999999,4
1449878926077841389,0.32703333333333334,3
1449903229211130577,0.47155,2
1449930665936691775,0.3340666666666667,3
1449939113865621586,0.66805,6
1449959281927675132,0.44855,2
1449963765711602794,0.7384,2
1449974479489532213,0.7996,1
1450006840723962521,0.9853,1
1450012232792127226,0.8225,1
1450027566000108571,0.8256,4
1450028250551408782,0.7868999999999999,2
1450034461942704285,0.9662,2
1450047259358160724,0.9011666666666667,3
1450056939690146532,0.8627333333333334,3
1450066477978907389,0.8316,1
1450112989570446507,0.9705,1
1450121132777222601,0.8622,1
1450129257018321738,0.7032,1
1450167767008510575,0.7592333333333333,3
1450218807238673554,0.568,3
1450219673806034853,0.4477,2
1450222461927258151,0.7547699999999999,10
1450262277414284581,0.9841,1
1450281706714293252,0.7445166666666667,6
1450483360329579039,0.11535000000000001,2
1450492629106924690,0.8225,1
1450499371031231643,0.6325999999999999,3
1450571611073450620,-0.2411,1
1450574465733109311,0.33765,4
1450585462841796240,0.5952666666666667,3
1450592815397447935,0.8709,2
1450622878178918384,0.76552,5
1450641897103669066,0.21089999999999998,2
1450656000152534415,0.926,3
1450696033215084407,0.59045,2
1450698335286640219,0.6463,3
1450707412998748218,0.9595499999999999,2
1450734706587071107,-0.2003,1
1450762680145443775,0.43895,2
1450767032242242616,0.854,1
1450772791874823703,0.5719,1
1450817276767705910,0.8787166666666667,6
1450881497246662871,0.78805,2
1450914673064047813,0.4404,1
1450938348754995572,0.91615,4
1450951068953066344,0.93,1
1450979313234333332,0.92335,2
1451002360077947254,0.5719,1
1451253431137842513,0.8807,1
1451265808972343311,0.569975,4
1451267365640622045,0.4692,4
1451271072613277670,0.993,2
1451279713743523116,0.34276666666666666,3
1451281327309758537,0.9531,1
1451308743187799538,0.0,1
1451312110002486155,0.5642666666666667,3
1451315534960650593,0.6369,1
1451345736407492225,0.8991777777777779,9
1451349870440379088,0.2074,4
1451375496930043290,0.5859,1
1451400672913766767,0.9844,1
1451404201013416369,0.8026249999999999,4
1451412048449221989,0.891825,4
1451422602510034143,0.5565599999999999,5
1451470719854267991,0.4864,2
1451475938462810524,0.37564000000000003,5
1451537931781745188,0.5770166666666666,6
1451546022775705136,0.3663,3
1451577135634014629,0.0,1
1451580772269982407,0.0,1
1451601816992434285,0.8316,1
1451624654205267749,0.9261799999999999,5
1451638127804522148,0.7043333333333334,3
1451684073720336195,-0.5267,1
1451756032511126083,0.807,1
1451926091135768914,0.4957,2
1451962292737483875,0.9872,1
1452003331996820022,0.92055,2
1452057829678420633,0.9075500000000001,2
1452063239349039876,0.9431,1
1452098355459402829,0.9056,1
1452135450254985724,0.45765,2
1452174864838128463,0.9701333333333334,3
1452177510086942696,0.4215,1
1452207359411229210,0.9112,1
1452208738645789193,0.48545,2
1452218063715576498,0.20453333333333334,3
1452225567508489542,0.9857,1
1452283899044127225,0.22662,5
1452332609586775122,0.68165,2
1452377993618189456,0.8999,1
1452408050420468712,0.4907333333333333,3
1452419321485789411,0.9677,1
1452441281759783605,0.7906,1
1452610166929848788,0.7558,1
1452681752566617374,0.0,1
1452681964032760896,0.0,1
1452687670300727854,0.9229,1
1452700072596566869,0.7845,1
1452704440007010764,0.971,1
1452753354125686821,0.7863000000000001,3
1452758886233245947,0.882875,4
1452799867500223343,-0.315,1
1452822780836008464,0.8672500000000001,2
1452833413427030703,0.9705,1
1452833499772889570,0.507875,4
1452849106341865956,0.0,1
1452853754172998170,0.5287000000000001,3
1452855591942263093,0.47350000000000003,4
1452860543390941869,0.7355,6
1452886317073421707,0.0,3
1452900990626340517,0.8265333333333333,3
1452905801014781995,0.4064,4
1452911211375735035,0.2932,2
1452926566799501255,0.9506,1
1452930178722533571,0.90935,2
1452940332365117153,0.3454,2
1452950152930535666,0.04810000000000003,2
1453032900975592849,0.8173,1
1453187301128899356,0.9412,1
1453461631343387774,0.4359,3
1453462035587815431,0.49336666666666673,3
1453483719657791486,0.9686,1
1453488071497656566,0.8625,1
1453511897607421374,0.9158,1
1453584157028618463,0.9259,1
1453601556174094043,0.014675000000000021,4
1453615063907040663,0.7229666666666666,3
1453664136818022532,0.8932500000000001,2
1453673765699461486,0.9957,1
1453709983113320081,0.38293333333333335,3
1453723399785664207,0.0,1
1453856709228588143,0.70828,5
1453888219926540650,0.40615,2
1453895326504717559,0.42035,2
1453914400059328569,0.4778,3
1453916826338984843,0.32089999999999996,4
1454145637464627383,0.76275,4
1454225242660164464,0.9482,1
1454253943787686052,0.9394,4
1454317011265515691,0.9739,2
1454319740928950862,0.656525,4
1454384861569250219,0.527475,4
1454409026965960774,0.636,2
1454420053748354520,0.7598666666666666,3
1454547037678240358,0.555275,4
1454554953148482089,0.80145,2
1454566866929114586,0.8638428571428571,7
1454613379069136255,0.7780999999999999,3
1454906203042041680,0.8971,1
1454906212141981051,0.8481,1
1454909868346290106,0.49665,2
1454921488230213373,0.47945,2
1454945702646196373,-0.8481,1
1455007243746870482,0.2039,3
1455045247345206282,0.2997,2
1455049135104888432,-0.128,1
1455124025806392037,0.6157333333333334,3
1455150781182466253,0.6808,1
1455165163623917736,0.5158333333333333,3
1455180557961188454,0.4019,1
1455203427253704267,0.0,1
1455203632243388575,0.7003,1
1455203813110411866,0.8883,2
1455217098136971377,0.8139666666666666,3
1455236343588976702,0.0,1
1455246329479326195,0.40676666666666667,3
1455249935502386732,0.41082,5
1455255880685564524,0.9452,2
1455260387593328702,0.4588,1
1455295947368402484,0.9393,1
1455319037349165048,0.5938666666666667,6
1455350711200734650,0.87604,5
1455530356209520314,0.8777,1
1455609185683654694,0.9121714285714286,7
1455640845517134117,0.8883,1
1455677602613090460,-0.009200000000000041,2
1455679455555370822,0.11293333333333333,6
1455688335157325455,0.49695,2
1455698602446068817,0.000500000000000019,3
1455712100368135097,0.7716,6
1455739828055322288,0.39595,6
1455780118896434863,0.5801375,8
1455809112470583217,0.24635,2
1455815596949778867,0.9444,4
1455863812213196967,0.6115,6
1455868746238690267,0.9858,1
1455945223439187170,0.874625,4
1455961194621226629,0.8728333333333333,3
1455989301872976555,0.4725,2
1456021119845604087,0.91865,2
1456022016206827694,0.7506,1
1456047962731323840,0.7824500000000001,2
1456062439282683313,0.3825,2
1456070808922420439,0.5719,1
1456337620027990649,0.56818,5
1456345629974973335,0.1512,3
1456352860628494373,0.94565,2
1456359822947430992,0.0,1
1456379927895168536,0.0,1
1456391055206714032,0.9963,1
1456411883192613136,0.8803,1
1456420096769599168,0.8516,1
1456433858356559640,-0.8439,1
1456439740823714289,0.9535,2
1456471091602817651,-0.6652,1
1456486218671932718,0.7648666666666667,3
1456509125617956317,0.98495,2
1456520960149565083,0.9494,2
1456530477813725458,0.8766,1
1456546191532166212,0.39028999999999997,10
1456553295199043425,0.8799333333333333,3
1456684632695257186,-0.2003,1
1456706252501250797,0.8565,2
1457020230213694850,0.9422,1
1457020661670313882,0.7778,1
1457058304152987897,0.68755,2
1457065358919933387,0.73055,2
1457071685346227481,0.9113,1
1457075720266340507,0.8655,1
1457137595570347725,0.3612,1
1457179822550950844,0.0,1
1457188986458503853,0.7893,1
1457238082296016121,0.0,1
1457247766200781175,0.8716,1
1457253332082699569,0.9586333333333333,3
1457268164696489127,0.743,1
1457285989362347345,0.9489000000000001,2
1457303501845496626,0.6013333333333333,3
1457313289771353591,0.9897,1
1457356203510000910,0.9533,4
1457357354178965622,0.82095,2
1457362309133304634,0.9617,1
1457388222125063084,0.4378,1
1457422473883091996,0.9708,1
1457434640431240780,0.7917,3
1457436237964569551,0.8078666666666666,3
1457443082039465160,0.97435,2
1457453224383089067,0.9821,1
1457478119150576013,0.7054750000000001,4
1457493143397726022,0.9014333333333333,3
1457544218114107159,0.6249,1
1457697677072705428,0.9401,1
1457749870004370257,0.0,1
1457761856135970209,0.8475,1
1457770127414043775,0.7925333333333334,3
1457799876282477881,0.7349,4
1457807858010543026,0.9268,1
1457813498621471547,0.9391,1
1457824664140800828,0.9548,1
1457845448859747526,0.8485666666666667,3
1457956263528208042,0.3098125,8
1457958505192552375,0.9212,1
1457981019925600654,0.9364,1
1458025473371277474,-0.296,1
1458041854047889031,-0.005699999999999983,2
1458055423831994757,0.7096,1
1458083213651856569,0.7964,1
1458143533328329987,0.89185,2
1458182813979067748,0.5719,1
1458514340596641251,0.60476,5
1458515575457071116,0.71195,4
1458590351270523678,0.6268666666666667,3
1458601391168191309,0.5859,1
1458636057307436458,0.6361333333333333,3
1458723327334974654,0.0952,3
1458775621913612816,0.4967,3
1458799627575623722,0.4019,1
1458842514716330747,0.871725,4
1458889982549690263,0.3612,1
1458897137502008330,0.20095,2
1458955312589663763,0.0,1
1458965416471862293,0.5859,1
1459106812735347599,0.2023,1
1459242313508924505,0.9042,1
1459296621142853547,-0.5574,1
1459300685160987305,0.0,2
1459323026226012334,0.8729,1
1459348055972831409,0.95905,4
1459390808864489268,0.9661,1
1459405539274538936,0.9179,1
1459406174313222662,0.9425,2
1459472987732853253,0.36214999999999997,2
1459473368947746801,0.79315,2
1459491656334187035,0.5799727272727272,11
1459544130422687987,0.6081333333333333,3
1459557989274084326,0.5785,1
1459574368370656896,0.9134,1
1459583445788071082,0.5539333333333333,3
1459605718881403746,0.4764,2
1459616906689771920,0.8566499999999999,2
1459634835941874888,0.0,1
1459646475118899550,0.8741333333333333,3
1459913906876827977,0.798875,4
1459969958521662995,0.8479,1
1459979073571371617,0.32985,2
1460000633942064616,0.9245,2
1460014492056593891,0.68155,2
1460031519790135433,0.9535,1
1460036848313908734,0.9897,1
1460047462470256639,0.9931,1
1460060614241417659,0.4939,1
1460078474522532042,0.9163,3
1460101582872635225,0.602675,4
1460106950072031218,0.8957999999999999,2
1460138291067332627,0.0,1
1460144708200973414,0.56602,10
1460158632046244223,0.469675,4
1460170705630363902,0.91525,2
1460176617751214596,0.5791857142857142,7
1460181525402001682,0.8908,1
1460182705912882308,0.0,2
1460210236286015970,0.9647,1
1460233147199182471,0.81785,2
1460239520346780106,0.910325,4
1460314511201511473,0.0007999999999999674,2
1460328807952838838,0.0,1
1460361432126843436,0.9183,1
1460393383258161270,0.5676909090909091,11
1460571258644716980,-0.296,1
1460621060139582579,0.5170714285714285,14
1460648874256860461,0.0,3
1460727421912330183,0.8984,2
1460770795826446650,0.0,1
1460790421321666439,0.8217500000000001,6
1460878308326977676,0.0,1
1460888302233911589,0.57355,2
1460955085260023644,0.44425,2
1460982862955998889,0.9627,1
1460988372095747238,0.44244000000000006,5
1461023491843009653,0.9299,1
1461042930331357300,0.33969999999999995,3
1461085624952106719,0.8104,1
1461413250721211578,0.886,1
1461429237662234751,0.6588,1
1461442760096441969,0.46731666666666666,6
1461450759775149420,0.87765,2
1461470398403100191,0.5074333333333333,3
1461474472952885096,0.9259,1
1461475316503206915,0.0,1
1461491512935926542,0.49302500000000005,4
1461503365856645270,0.7717,1
1461509955818394976,0.5328,1
1461525978921505582,0.8365,2
1461534122401799465,0.4461142857142857,7
1461546300807756199,0.6249,1
1461595837088089224,0.7575833333333333,6
1461607067038223662,0.6249,1
1461620084376126553,0.6976249999999999,8
1461636773505943540,0.9857,1
1461652008732665819,0.6249,1
1461662213341458286,0.0,1
1461690829908657309,0.14675,2
1461723262501203849,0.0,1
1461752551365541738,0.5347999999999999,4
1461753774887384151,0.8058000000000001,2
1461754700193013667,0.7083,1
1461791613464252189,0.8707,1
1461822311645948623,0.6040333333333333,3
1461856562658492625,0.5795,3
1462069500740146989,0.6249,1
1462096152917832886,0.4529,2
1462100433281018339,0.67205,2
1462152810264953462,-0.296,1
1462160152826874767,0.9669,1
1462168678625312274,0.9695,1
1462186006047441121,0.4466,1
1462193211166090748,0.5814,3
1462203994698542903,0.8481,1
1462213237422376553,0.345275,8
1462218314244537915,0.9594,1
1462221858754490310,0.177225,4
1462235151393842393,0.9289499999999999,2
1462238482537451866,0.8746,1
1462313700535767961,0.949,1
1462316114416803470,0.21385,2
1462328020551519248,0.2711,4
1462335699445748706,0.9823,1
1462344301831886710,0.0,1
1462370738064942372,0.23841428571428572,7
1462398265691878998,-0.2109,2
1462400564904622317,0.49635,2
1462484122928092860,0.5613400000000001,5
1462498873660079376,0.16666666666666666,3
1462510157378443540,0.5291333333333333,3
1462529458748858433,0.94235,2
1462585100703744913,0.2774,1
1462618692772075988,-0.036,1
1462781026595712496,0.9506,1
1462873411938333074,0.8534,1
1462914992009869345,0.9609,1
1462919952311220260,0.8439,1
1462929098870421165,0.6705,1
1462930181606860474,0.4354,2
1462945750769063606,0.7495,1
1462945751127892709,0.8402,1
1462945885693045998,0.7206400000000001,5
1462945986280998528,0.21469999999999997,2
1462945998293699909,0.8148666666666666,3
1462946116667186871,0.8442,1
1462955719415506340,0.5985333333333333,3
1462955959966464039,0.08381666666666666,6
1462955960107691691,0.60026,5
1462956078865372953,0.6241,3
1462961879473369499,0.6249,1
1462965233660912776,0.0,1
1462968048185426348,0.9504,1
1462986401072028159,0.5859,1
1462997811476925287,0.9863,1
1463008363837960036,0.9908,1
1463013962310116992,0.0756,2
1463045218499737869,0.8957,1
1463057400935378620,0.6412666666666667,3
1463174561739583779,0.3612,1
1463221781235238420,0.9879,1
1463568630278550413,0.7411666666666666,3
1463718025717531535,0.9655,1
1463719181194868057,0.7635,2
1463719970525678129,0.9577,1
1463742820221751227,0.94485,2
1463767254853290040,0.7774000000000001,2
1463771046490151261,0.6199,3
1463795340501940032,0.8384,1
1463795893441809257,-0.03425,2
1463819299797781738,0.6114,1
1463862841721338262,0.33873333333333333,3
1463887493193097067,0.9098,1
1463959409319902024,0.30186666666666667,3
1463960077447249574,0.9151,1
1463975726416433103,0.9100333333333334,6
1464007780229290881,0.9245,1
1464008147604408854,-0.1594,2
1464008819617171658,0.87215,2
1464010658768433713,0.9596,1
1464036558779301932,-0.1839666666666667,3
1464046987958480290,0.6111333333333334,3
1464058607143560019,0.653775,4
1464073028709639464,0.9661,1
1464117340088785653,0.9819,1
1464160641498983647,-0.128,1
1464271314085530633,-0.02260000000000001,2
1464338372433535684,0.8915200000000001,5
1464344956519467734,0.9343666666666667,3
1464388691673359121,0.911,2
1464398358185119415,0.45955,4
1464398983372111825,-0.19393333333333332,3
1464434351068509730,0.9637,1
1464450907301257435,0.7520375,8
1464576784346936168,0.9885,1
1464604480380757380,0.5160666666666667,6
1464614498797746863,0.86685,2
1464615357721237115,0.9777,2
1464644855962218596,0.78955,2
1464657686965550134,0.9493,1
1464699596303043874,0.8562666666666666,3
1464785428187426184,0.9016500000000001,2
1465040612432662296,0.56936,5
1465040666628186889,0.318,2
1465106692139283802,0.7506,1
1465106933030269087,0.7613,3
1465135111827121524,0.7875,2
1465136789124105286,0.9893,1
1465137031322897287,0.9831,1
1465139813725148091,0.611175,4
1465146615843704093,0.9531,1
1465152401691436769,0.9313,1
1465166904626502068,0.90225,6
1465168253901549423,0.6244666666666667,3
1465169468852960144,0.9853,1
1465169664310572725,0.5106,1
1465171292398413855,0.5604666666666667,3
1465185924868067541,-0.017600000000000005,2
1465203223470706512,0.4913,2
1465234910039657084,-0.031233333333333325,3
1465241766744689886,0.93895,2
1465262298496427304,0.9674,1
1465262534560934413,-0.128,1
1465284212386768473,0.7609,3
1465306712873135595,0.9846,1
1465307365405225758,0.9441333333333333,3
1465309521868297743,0.9036500000000001,2
1465310767653301044,0.9571,1
1465319463785327154,0.9323599999999999,5
1465328251818433399,0.636,3
1465343200173046529,0.36816,5
1465745821504557881,0.8126,1
1465747310650748054,0.7814,1
1465772460500526950,0.9323,1
1465800285981104954,0.9168,1
1465840679660853279,0.8572500000000001,2
1465846645070181913,0.9889,1
1465847848176914313,0.0,1
1465856828166880880,0.5778,3
1465862023917871711,0.031,2
1465866343371780678,0.49666666666666665,3
1465872091596688965,0.9736,1
1465873589745944515,0.8342,1
1465880785776388578,0.9815,1
1465887007185206181,0.448,4
1465888766664736276,0.95,2
1465904702337629499,0.45005,2
1465921002091462858,0.9153,1
1465921939790227901,0.5719,1
1465937098244124016,0.91065,2
1465944873702887852,0.8282,4
1465991262985783304,0.9392499999999999,2
1466005492620353637,-0.4798,2
1466006243604385973,0.82584,5
1466009911365007554,0.8462333333333333,3
1466057604163691833,0.4863,2
1466068590695227728,-0.4738,1
1466071356390990756,0.9729,2
1466085051606368655,-0.0258,1
1466091897530439200,0.635525,12
1466297905135214834,0.0066999999999999655,3
1466468409477716648,0.6589,4
1466522208580226679,-0.296,1
1466531266998992561,0.8588250000000001,4
1466582929699874673,0.0,1
1466591359491460733,0.9395,1
1466612786156924865,0.11754999999999999,2
1466619343860182446,0.6915333333333334,6
1466633512479266446,0.9716,1
1466648621631602847,0.8834,1
1466663528739411092,0.0,1
1466664772451402818,0.8067333333333334,3
1466730520031129533,0.7056,1
1466750291127890862,0.9370499999999999,2
1466754645154809765,0.5363333333333333,3
1466760064378841501,0.636,1
1466799393245544475,0.9516,1
1466817533059598468,0.9153,1
1466820788422766494,0.8932,2
1466870312784219002,0.6464714285714285,7
1466901385374010791,0.7223666666666667,3
1466909994876636120,0.1258,2
1467157210390657577,0.9505,1
1467161342991460907,0.8905666666666666,3
1467169305499052609,0.0,1
1467189753845222683,0.6723,4
1467250157024914556,0.3818,1
1467259276084938524,-0.06519999999999998,2
1467261465076186329,0.955,1
1467264633617185891,0.8863818181818182,11
1467280745874232459,0.8439,1
1467296292488392762,0.6841,3
1467321204961598026,0.0,3
1467322302309619518,0.9272,1
1467341515199961663,0.5412,5
1467345645651328219,0.128,1
1467346994901240801,0.73615,2
1467351357629701929,0.9647,1
1467360557017707178,0.9857,1
1467370686571624576,0.7845,1
1467393422317839307,0.669,1
1467402879645894648,0.8573,1
1467412590170482108,0.4224666666666667,3
1467421884431096446,0.8586,2
1467422525444311806,0.8478,1
1467430508150719104,0.0,1
1467439841621051251,0.0,1
1467454860426013844,0.8054,4
1467460711150838386,0.6196666666666667,3
1467469640212635997,0.5859,1
1467491217321459620,0.8687,1
1467540479606709779,0.6124,1
1467551882181973984,0.47717,10
1467564356413930494,0.79835,2
1467572518699532058,0.0,3
1467588702570181996,0.8698333333333333,3
1467611453763460767,0.9346,1
1467975988646874497,0.4754,1
1467977190154660523,0.6291249999999999,4
1467998251440387072,0.90515,2
1468007341960297529,0.836,1
1468010839038353614,0.43556666666666666,3
1468024057235757663,0.29932857142857144,7
1468071775985539398,0.908075,4
1468135831569247152,0.6781666666666667,3
1468166823449587583,0.8304,3
1468205256880987966,0.9436,2
1468216840967038511,0.9855,2
1468227738099000663,0.5992500000000001,4
1468260256792751189,0.8813363636363637,11
1468332662815271875,0.765,1
1468461829521780460,0.94495,2
1468501347082571519,0.0,1
1468644790363116162,0.7384,1
1468650224162816380,0.5873666666666667,3
1468684817428016375,0.5346,1
1468708703945822415,0.5469,3
1468712427008659476,0.478475,4
1468714085623560210,-0.8481,1
1468721769698352065,0.9578,1
1468737721252905229,0.9618,1
1468752648800332897,0.7902,1
1468759162018510668,-0.5267,1
1468759204693852998,-0.4223,1
1468789266693707547,0.9388,1
1468805379499119508,0.0,1
1468808435013422518,0.5719,1
1468812710599892243,0.0,1
1468857822148836389,0.76956,5
1468901232606551305,0.9165,1
1468948993489509818,0.0,1
1468994301208697130,0.8904,1
1469036751538674168,0.0,1
1469098853368975198,0.73878,5
1469258032108739605,0.47875,2
1469285149326218629,0.7117,5
1469375353174752724,0.59295,4
1469429588618948072,0.5859,1
1469482432264175669,0.9379,2
1469501205275976164,0.9678,1
1469510255674364250,0.8685499999999999,2
1469547172504216171,0.0,1
1469548931000145738,0.6369,1
1469617352506001538,0.8020999999999999,3
1469631529408938689,0.7089,1
1469659859372733221,0.6347999999999999,3
1469661845303663840,0.80002,5
1469708129475152014,0.5719,1
1469712728979793528,0.6623,2
1469716514857874463,0.0,1
1469723579834177309,0.94815,2
1469731517154884370,0.49475,2
1469772867170844700,0.8264,1
1469837310733145313,0.9178,1
1469840681672495419,0.9055,2
1469895461290478935,0.07415,2
1470063087661499900,0.29332857142857144,7
1470137399551895488,0.6416,6
1470180142324272923,0.34,1
1470227444360513619,0.58255,2
1470243538403202718,0.5994,1
1470243590007360495,0.6241,3
1470244002865133570,0.4019,1
1470245030239272501,0.9286,1
1470245304813885881,0.49620000000000003,2
1470246180868378287,0.47735,2
1470246208737907356,0.95,1
1470246306603443086,0.22835,2
1470257691291829053,0.9412,1
1470259311509484601,0.6901,1
1470260811411054671,0.0,1
1470289736021911994,0.9524,2
1470301452977157308,0.44733333333333336,3
1470302578972694237,0.95455,2
1470304961614256980,0.2691,7
1470308314466474888,-0.48375,2
1470309878771364625,0.910225,4
1470312332278277231,0.79635,2
1470335327872742257,0.05135,2
1470355405271928257,0.5819333333333333,3
1470381652991989449,0.6107333333333332,3
1470404645449329303,0.0,1
1470408605578946238,0.7574,1
1470421629293959604,0.8271,1
1470462094122046652,0.29295,2
1470480494445171514,0.9786,1
1470523713914567026,0.6249,3
1470588526572829028,0.5413333333333333,3
1470742167742909503,0.5719,1
1470769683993057088,0.22938333333333336,6
1470845297173705730,0.9244,1
1470851094814330170,0.8012,1
1470860335446625441,0.0,1
1470939680811538975,0.699,1
1470947967386296913,0.6139,3
1470949975883658547,0.37002,5
1470950157984838437,0.8221,2
1470956354910482976,0.73704,5
1470958770459023845,0.9711,1
1470983349389613960,0.91,1
1470995306960499933,0.0,1
1471003977515480437,0.69415,2
1471032163192046605,0.575325,4
1471043879591729744,0.9555,1
1471071894159692215,0.6249,1
1471091126712965631,0.7713,1
1471112941896137341,0.9182,1
1471131922790798170,0.4404,1
1471137492722954061,0.8481,1
1471144125739875177,0.0,2
1471144795298457285,0.35355000000000003,6
1471188267009199359,0.4404,1
1471231985967800534,0.9742,1
1471347124551295906,0.841975,4
1471391404579934797,0.5682285714285714,7
1471469077179918705,0.9125,1
1471506815324609380,0.4567,2
1471585397489673887,0.9646,1
1471601558725292877,0.8991,2
1471614825181903333,0.719525,4
1471694885895662528,0.9313666666666666,3
1471701625539382930,0.69385,2
1471724616296672131,0.9649666666666666,3
1471754599383322328,0.6825,1
1471804085887236395,0.9765,1
1471954898546265429,0.6208333333333332,3
1471988349459647291,0.41969999999999996,4
1472010355881899506,0.78045,4
1472011896372882100,0.8544666666666667,3
1472015993870966785,0.80565,2
1472018826902554735,0.47791111111111106,9
1472262662337433366,0.8647666666666667,3
1472263879209921290,0.7941,1
1472271261527578095,0.886,1
1472289083993030659,0.9948,1
1472305273600324126,0.83565,2
1472333683681200024,0.6187,1
1472348274287471298,0.9238,3
1472365525646416727,0.05036666666666667,3
1472370642692506922,0.8225,1
1472379790609653786,0.8957,1
1472392914440061751,0.8268,1
1472395383709009196,0.20553333333333335,3
1472439961071953996,0.4883,6
1472525810854462870,0.8598,2
1472532632783061954,0.7506,1
1472622096247721100,0.4588,1
1472624341673408044,0.8481,1
1472763574387830893,0.7783,1
1472768698995683427,0.8890750000000001,4
1472793883710777003,0.4061,2
1473004617672134352,0.10115,2
1473027228692121694,0.9208,1
1473041375755699298,0.8881,1
1473048722514090162,0.83308,5
1473077657982217891,0.9478,1
1473107384809909791,0.4215,1
1473152437921686658,0.39355,2
1473183341283110285,0.8290500000000001,2
1473255228075203479,0.93955,2
1473272750585282151,0.7729,1
1473293576939206406,0.8481,1
1473305009445594795,0.8381,1
1473307236633544922,0.3466,3
1473369299307016240,0.74538,5
1473444383501186131,-0.03947500000000001,4
1473512452779409765,0.7772,1
1473612598340972052,0.4215,1
1473699372200373644,0.9331,1
1473712532960774682,0.5542,1
1473736032905462079,0.5093,1
1473759765771178557,0.59445,2
1473856618863282401,0.8100666666666667,3
1473877098051599232,0.25425,4
1473878226137877273,0.891,1
1473885347311861363,0.7712,1
1473945314121758582,0.9826,1
1473980751370811671,0.7106399999999999,5
1474015748240908503,0.743,1
1474016080823702352,0.563975,4
1474079129660925418,0.4944,2
1474080689393277636,0.0,1
1474129237939532432,0.367,2
1474131994465854951,0.9308,3
1474144532095016305,0.636,1
1474158642767189064,0.5017285714285714,7
1474353630322070652,0.96125,2
1474388405983182573,0.0,1
1474464544176793955,0.4991555555555556,9
1474474170672297083,0.5719,1
1474495168336660462,0.7781,2
1474513404864528415,0.941,1
1474528665005904699,0.8821333333333333,3
1474557835862149608,0.9633,1
1474615446965134199,0.40669999999999995,2
1474642288498618158,0.6431,5
1474648566644174507,0.5156499999999999,2
1474651710971095497,0.95235,2
1474675619141611187,0.8687,1
1474683104435445614,0.23961428571428572,7
1474710504807048175,0.9674,1
1474727958682456068,0.9612,1
1474781712356706308,0.9182,1
1474792530770000282,0.4374,2
1474808485064242744,0.8658,1
1474818941056520587,0.9648500000000001,6
1474874755840379363,0.8553,1
1474883650558638039,0.9061,1
1475194067633386384,0.802,1
1475226226159053498,0.0,3
1475243842716909788,0.0,2
1475248524705541838,-0.3246,3
1475288539009598441,0.0,2
1475288755040843693,0.9827,2
1475325199767665053,0.3667666666666667,3
1475361372990816556,0.9354,1
1475368586382467228,0.93285,2
1475401012199583006,0.9057,1
1475406667253735583,0.2758,2
1475414333902601818,0.0,1
1475441893498344834,0.10963333333333335,3
1475469312729498352,0.6337857142857143,7
1475475617524737402,0.42915,2
1475524329413202555,0.9755,1
1475534716610603991,0.98295,2
1475564627564614273,0.9196,2
1475583364572616023,0.9776,1
1475804585380166481,0.25966666666666666,3
1475903250179643964,0.6142333333333333,3
1475974077507047678,0.8395,1
1475983292833081940,0.9327000000000001,2
1475988118344733265,0.7367874999999999,8
1476003576051346300,0.8809,2
1476023502698683299,0.9109,1
1476058463300482082,0.778025,4
1476069167253588596,0.9695,2
1476080025795253883,0.646225,4
1476109309382594634,0.9728,1
1476111678070341315,0.68465,2
1476121629377928762,0.4922,2
1476123762216018159,0.9325,1
1476124597561330471,0.4215,1
1476129702024100179,0.6337285714285714,7
1476145948229746155,0.6239,1
1476146769098870889,0.4711,2
1476152903471325236,0.8172999999999999,2
1476154013978930250,0.656375,4
1476180533408057956,0.3953,2
1476205621521345827,-0.5574,1
1476263060009280163,0.6483666666666666,3
1476321025952235403,0.31245,2
1476333143569380870,0.46745,2
1476505285788777991,0.63615,2
1476610975415991796,0.6124,1
1476669559062563512,0.5719,1
1476673564352995571,0.218475,4
1476674442872891525,0.4266,2
1476681831139306844,0.9583,1
1476736221525167839,0.9177500000000001,4
1476762090036005766,0.9887,1
1476769122831128249,-0.6808,1
1476780575067182288,0.0,1
1476786235050577265,-0.26875,2
1476792918281790909,0.42343333333333333,3
1476805740721044534,0.34985,2
1476849243655775326,0.9622,1
1476856487063936866,0.6249,1
1476917739520960829,0.8316,1
1476919619782642838,0.7351,2
1476925605824878553,0.851,1
1476974110511122898,0.0,1
1477003030049501672,0.7845333333333334,3
1477063549594077289,0.1779,1
1477065701076791587,0.4404,1
1477292663526785006,0.7189142857142857,7
1477294626830727152,0.8856,1
1477311178679234556,0.9484,1
1477347171118004837,0.9391,1
1477358965087450663,0.9399200000000001,5
1477391654048927928,0.49713333333333337,3
1477393786441918439,0.5640666666666667,3
1477406082314033458,0.7184,1
1477448429413220938,0.0,1
1477450492542649774,0.0,1
1477462997485458726,-0.7572,1
1477465073811441968,0.8716999999999999,2
1477483786814401534,0.65095,4
1477489741463427410,0.0,2
1477490278500975848,0.5948666666666668,3
1477494976636116747,0.0,1
1477497032356810309,0.8649,3
1477499542326483334,0.7424,1
1477501392064193744,0.6884666666666667,3
1477510660508034365,0.24405000000000002,2
1477515577950550239,0.5994,1
1477518018295274117,0.0,1
1477520265594851184,0.64978,5
1477553838770575367,0.9697,1
1477554997701769685,0.8839666666666667,3
1477568240648619671,0.8665,1
1477570746313705512,-0.7891,1
1477594159020993680,0.0,1
1477607196681250904,0.4927,1
1477630980022075618,0.9855,1
1477643829369855274,-0.8074,1
1477722585236436393,0.4570666666666667,3
1477824490471248680,0.4391,1
1478027960589420056,0.9361,1
1478040861633408147,0.7407666666666667,6
1478059552955335170,0.8057888888888889,9
1478130271773618139,0.6772571428571429,7
1478132592976037045,0.0028000000000000247,2
1478136264547214411,0.9909,1
1478140065968723373,0.397275,4
1478142843181431091,0.4971,2
1478146256651968348,0.0,1
1478157570169558132,0.8402,1
1478197788133758960,0.9841,1
1478234134753191209,0.8885,1
1478234346853313956,0.6249,1
1478246308346691391,0.8834,3
1478248722515497903,0.9776,1
1478257579868911937,0.6249,1
1478280595392930827,0.8834,1
1478286340062636834,0.17435,4
1478304281325176098,0.9865,1
1478326165953333056,0.255,3
1478327113843506058,0.5045,5
1478342959657108350,0.9794,1
1478357282876852566,0.7643000000000001,5
1478415084496416655,0.3055,4
1478431623777939345,0.24573333333333333,3
1478466745878693147,0.85975,2
1478789492495505331,0.8017000000000001,2
1478822071368504273,0.802,1
1478885161463007374,0.5835,2
1478898584519401777,0.9193,1
1478918341095481346,0.9269666666666666,3
1478981786451752836,0.5189600000000001,5
1479014847924208121,0.827,3
1479055957515710712,0.9468,1
1479076008427217222,0.8622,1
1479095090671733771,0.9787,1
1479230624042056425,0.3043833333333333,6
1479241975398094870,0.0,1
1479243522226443025,0.8718,1
1479315249967855857,-0.5859,1
1479523732475307584,0.9577166666666667,6
1479536915517788376,0.92075,2
1479590360395423078,0.677075,4
1479611080789773008,0.8879333333333334,3
1479679715556807066,0.4391,1
1479714520016846753,0.36248,5
1479718595559403793,0.43435,2
1479731351099558035,0.6133333333333333,3
1479746941071315551,0.9383,3
1479754571492455840,0.8519,2
1479756790297479540,0.9839,1
1479767612705288399,0.40921111111111114,9
1479808395831220876,0.9649,1
1479820606182416471,0.9908,1
1479828790980945975,0.8478,1
1479850857056721245,0.86585,2
1479932634421988863,0.80676,5
1479944456895660050,0.9223,1
1480004475563382977,0.6696,1
1480292326683680589,0.47209999999999996,3
1480295947487955226,0.922,1
1480307647331048891,0.0,1
1480316680524058864,0.8331999999999999,2
1480337613173700303,0.75995,2
1480376249098322034,0.9744,1
1480376465411864027,0.9815,1
1480381876034446638,0.7579,1
1480398514096314074,0.8881,1
1480410556081795268,0.3344,2
1480424054284745677,0.807,1
1480479691647846130,0.0,1
1480486323869069799,0.46110000000000007,3
1480496219473928037,0.9788,1
1480521969232388139,0.7783800000000001,5
1480545943042762455,0.923,1
1480574857090697012,0.559,3
1480577768254898680,0.885,2
1480580115132668419,0.8392999999999999,2
1480600055467469087,0.8854,1
1480633433175844585,0.9792,1
1480645139624272678,0.49205,2
1480664280923974881,0.8641,1
1480693526878012391,0.7397666666666667,3
1480715013159204916,-0.5848,1
1480845933309418016,0.4516,2
1480958399188855981,0.85295,2
1480958406010925213,0.69225,2
1481043902711346984,0.49325,2
1481043940241073620,0.6775666666666668,3
1481070386373198035,0.8789,1
1481073628391696462,0.474,1
1481074400181884908,0.1976,3
1481085178509820453,0.5599666666666666,3
1481089351709886154,0.0,1
1481089872048363572,0.4715142857142857,7
1481130717525459480,0.7772,1
1481143681021209969,0.8431000000000001,3
1481155077893783777,0.7857666666666666,6
1481156945518244605,0.5894,2
1481157444680012574,0.6808,1
1481190533929046868,0.33393333333333336,3
1481223915671902102,0.9711000000000001,2
1481259039477277972,0.6467666666666667,3
1481269870151046221,0.8494,1
1481327948138012693,0.7459428571428571,7
1481328937615054003,0.7864333333333334,3
1481342769299963589,0.97265,2
1481391929375935316,0.7488999999999999,3
1481460776360174553,-0.06937999999999997,5
1481466119994922571,0.6144833333333334,6
1481669969917739093,0.4003,1
1481763707109657275,0.9716,1
1481765296359131115,0.9125,1
1481794166647096019,0.49335,2
1481821489401522052,0.8225,1
1481884139582186149,0.9149,1
1481914805889932939,-0.25,1
1481962995606666297,0.8402,1
1481973805900160451,0.7841,1
1481989313274041561,0.37214,5
1481996692215289911,0.4429,2
1482014069125778699,0.943,1
1482014775330280332,0.8687999999999999,3
1482015198093211081,0.9217,1
1482064662712337367,0.9502666666666667,3
1482066753321178390,0.9643,1
1482073282557429491,0.8689,2
1482073619666613688,0.7177,1
1482081505929976544,0.9574666666666666,3
1482116534119553167,0.8643,1
1482133407812632770,0.0,1
1482169219214489132,0.9221,1
1482341969188113978,0.9716,1
1482381094967241310,0.4754,1
1482408107749823627,0.7656875,8
1482429421451133011,0.9908,1
1482432228992028706,0.7897,1
1482432414514229787,0.3822,2
1482442007854339440,0.93325,2
1482447869531047329,0.9344,2
1482484869671905829,0.4213777777777778,9
1482492163316284306,0.0,1
1482513166961283664,0.0,1
1482515713384413072,0.0,1
1482528556620593475,0.9894,1
1482544387934986906,0.6486,1
1482599850662559742,0.8671000000000001,3
1482604159576219695,0.8313,1
1482613387770034775,0.7721285714285714,7
1482619045380679592,0.2023,1
1482627340414506755,-0.11315,2
1482661163845004502,0.5078,6
1482719409098955316,0.8827,1
1482721832801895780,0.16083333333333336,3
1482726967438280449,0.9805,1
1482757042300332573,0.917525,4
1482783670369819469,0.8689,1
1482839736267520654,0.9372333333333334,3
1482996311030489256,-0.09875000000000003,2
1483018177273385141,0.9804,1
1483103396401202733,0.8017,3
1483104545833954620,0.0,2
1483113112627395962,0.7496666666666667,3
1483134545281805293,0.7947,1
1483162281866823964,0.836175,4
1483242495257896368,0.96715,2
1483246284423711605,0.7988,2
1483280981366137347,0.46145,2
1483289109386060425,0.0,1
1483291811892427679,0.8942,1
1483309097194829013,0.9731000000000001,2
1483344180707713516,0.5316000000000001,4
1483352945792520891,0.5719,1
1483354848465202559,0.8433,3
1483364348991820358,0.33825000000000005,2
1483368263445695948,0.8130333333333333,6
1483368981441277687,0.5719,1
1483380149085856339,0.8043333333333332,3
1483463866921409059,0.6249,1
1483488289236728968,0.5498000000000001,5
1483518682323559253,0.8822,1
1483524597682726516,0.3907285714285714,7
1483541115208032937,0.3728,2
1483541995770855114,0.539675,8
1483869746501995996,0.9257,1
1483895905127773273,0.4966,2
1483967332127913567,0.6053333333333334,3
1483972854865241868,0.765,1
1483975399520818933,0.9752666666666667,3
1483979501274618069,0.5399,1
1483982317358104725,0.8638333333333333,3
1483984797757449530,0.5895666666666667,3
1483991531274943198,0.7578,2
1483997156853286104,0.892,2
1483999843642008213,0.78545,2
1484012698111218284,0.5861333333333333,3
1484044840797384258,0.8229428571428572,7
1484055674317747072,0.46713333333333334,6
1484086666766923146,0.70175,2
1484134449381097531,0.46014,5
1484156478877519077,0.891,1
1484161280463535331,0.9645,1
1484198493931200740,0.950725,4
1484325216386803283,0.6065333333333334,3
1484384268003926603,0.995,1
1484578756700899041,0.59234,5
1484585931808541639,0.7036,2
1484605364690561751,0.40017499999999995,4
1484689158623631008,0.9038,1
1484789382262135071,0.43571428571428567,7
1484800590483228716,0.8897,1
1484806908322082792,0.89785,2
1484826849426360943,0.8883,1
1484917360509992932,0.951275,4
1484921439945783608,0.9746,1
1484929383066733427,0.9324,1
1484930236898157497,0.5911,2
1484932409118836762,-0.128,1
1484981978107880133,0.6490333333333332,3
1485071259519233374,0.5851,2
1485091051388115001,0.27366666666666667,3
1485248726418213500,0.9292,2
1485336929667381394,0.16065000000000002,2
1485339409146488728,0.63655,2
1485357331889609027,0.6429,2
1485365173727998814,0.87826,5
1485370253763299399,0.7833666666666667,6
1485405145387881082,0.8258800000000001,5
1485436229897126726,0.49110000000000004,3
1485460723577435623,0.4881,2
1485478597777129791,0.5994,1
1485501292548854017,0.4416,2
1485504157346421542,0.3622,2
1485518824612890001,0.9221,3
1485523823619723355,0.9735,1
1485526573915775131,0.8898,1
1485527026254398118,0.9684,1
1485553884645303339,0.8999,1
1485572889317003589,0.9349333333333334,3
1485578134260234465,0.9473,1
1485584428930304284,0.451,2
1485650167383297117,0.8863833333333333,6
1485658632252375787,0.44376666666666664,3
1485659677545392561,0.944375,4
1485698980105400140,0.9091,1
1485716729935740788,0.0,1
1485914187381779626,0.0,1
1485957889882494768,0.08190000000000001,3
1485985017528763139,0.4274,2
1486002950675087911,0.8835500000000001,2
1486010948303058127,0.9797,1
1486040551055069563,0.9674,3
1486045281931859245,0.9661,1
1486092265955319884,0.81436,5
1486113158141485069,-0.2732,1
1486113171388776988,-0.8074,1
1486119682489353997,0.9818,1
1486134745472884369,0.396,4
1486142106649325131,0.863425,4
1486157081110960993,0.8366571428571429,7
1486174415457820611,0.9752,1
1486190152918762392,0.4812,2
1486196735591175934,-0.17695,2
1486201946284101988,0.6588,1
1486262282205285869,0.29295,2
1486262829809648202,0.6286999999999999,3
1486285077050953104,0.4753,2
1486288880258718460,0.39859999999999995,2
1486365853070122658,0.716,2
1486386793166914380,0.629375,4
1486389151984941867,0.7968,2
1486518103982202315,0.37750000000000006,4
1486558275748993216,0.0,1
1486692214472799212,0.9916,1
1486729319752023475,0.9468,1
1486750007272434329,0.0,1
1486765139860786370,0.5267,1
1486773999814917342,0.9754,1
1486842847557513917,0.0,1
1486845852256131592,0.5403800000000001,5
1486892348610787640,0.9400666666666666,3
1486919295721811522,0.5269857142857143,7
1486977111033753943,0.46269375,16
1487021090388629447,0.5785750000000001,4
1487062906369849404,0.8888,2
1487092737755744104,0.9540000000000001,3
1487098290632712247,0.9331,1
1487179236323200252,0.94625,2
1487182104039237592,0.765,1
1487238001581627862,0.0,2
1487447637039423181,0.4879,2
1487559684058205704,0.048949999999999994,2
1487580829064943747,0.9595,1
1487869561427005804,-0.3818,1
1487870966000169915,0.8481,1
1487883075317166204,0.9799,1
1487980030607371805,0.07675000000000001,4
1488006746847743768,0.5987333333333333,3
1488168421705678807,0.5513666666666667,3
1488170404247091163,0.6973,5
1488218462680661521,-0.0292,1
1488236541630405274,0.45995,2
1488279917100639507,0.92615,2
1488284513919278384,0.7003,1
1488284924381534163,-0.296,1
1488305547423130374,0.1511,1
1488362364456224527,0.6957,3
1488377283406826053,0.4727,2
1488384813278381962,0.9121,1
1488405504311157146,0.4939,1
1488431783977609119,0.9238999999999999,2
1488452893528109839,0.9405,2
1488487439895790450,0.5983,1
1488490244964809049,0.5719,1
1488493772433193307,0.5994,1
1488624151986188622,0.7184,1
1488687065533421874,0.9285,1
1488691077198175902,0.7565500000000001,2
1488706195139704513,0.7752666666666667,3
1488901825830483480,0.8834,1
1488915854385723347,0.375,3
1488917862137635745,-0.9041,1
1488933503062237647,0.7626666666666666,3
1488961198254604745,0.49490999999999996,10
1489105693112030867,0.9214,1
1489112232058656666,0.7906,1
1489126284914475906,0.622125,4
1489186389958323240,0.9229333333333334,3
1489191592943925636,0.8103999999999999,5
1489255686196165058,0.7955,1
1489277949780099369,0.74345,6
1489286549441139564,0.9768,1
1489302309933807108,0.3176333333333334,3
1489315459679308811,0.8957,1
1489601958118133534,0.5857,4
1489816364566092157,0.9402,1
1489831846430152111,0.7993333333333333,3
1489924657002140330,0.8143833333333333,6
1489943194180792969,0.6931666666666666,6
1489954905037307050,0.4588,1
1489994048993736944,0.8039499999999999,2
1490007867587845900,0.9303666666666667,3
1490020198264524231,0.9957,1
1490108356013316215,0.2741,4
1490123234792744598,0.6902833333333334,6
1490137224381546586,0.3715,2
1490167506726854163,0.4435,2
1490367203929296926,0.465275,4
1490368220808162878,0.92475,2
1490401517269190290,0.796,1
1490439567298510020,0.7444,2
1490443730759911972,0.9057,1
1490444597185420647,0.4927,1
1490450308560526614,0.9836499999999999,2
1490459757831440515,0.863375,4
1490462959958962889,0.5390333333333334,3
1490480336097657427,0.9210800000000001,5
1490490109116516240,0.40375,4
1490491218542630708,0.0,1
1490504125280319088,0.8121999999999999,3
1490519201976277819,-0.0276,1
1490543894295770656,0.89165,2
1490580783480536416,0.5997,6
1490623380399818661,0.0,2
1490656899310778375,0.47795,2
1490662554974441115,0.903,2
1490687021752534323,0.4038875,8
1490770035810513187,0.6249,1
1490771874586413585,-0.9267,1
1490775838844438707,0.541925,4
1490801989736303465,0.9469000000000001,2
1490859232827660967,-0.9136,1
1491089775905161868,0.87365,2
1491094600410964273,0.9474,1
1491141149206761639,0.0,1
1491255807062968040,0.9413,1
1491316891079447807,-0.2003,1
1491402688929936186,0.9473,1
1491413335823075543,0.38895833333333335,12
1491430094551429181,0.9433333333333334,3
1491485871134982988,0.9005000000000001,6
1491612846510996696,0.41616,5
1491655895031415936,0.67865,2
1491828042090363862,0.9346666666666666,6
1491838103485638377,0.0,2
1491839093683212516,0.37739999999999996,2
1491864575777972309,-0.2003,1
1491892255702432403,0.8184333333333332,6
1491927880334348536,0.8478,1
1491934154887857400,0.3446,5
1491949912330177719,0.9827,1
1491990453024527864,0.9299,1
1492021723164903708,0.0,1
1492034848029251741,0.8469,1
1492039651012427257,0.7116666666666668,3
1492074141598062018,0.9839666666666668,3
1492094048756734497,0.9541,1
1492122640010608956,0.5259,2
1492157149114252374,0.70085,2
1492163369124795119,0.6249,1
1492186123462424782,0.9755,2
1492212749419702860,-0.3143,4
1492232124222824563,0.64534,5
1492243562919645693,0.4628,5
1492261361758888079,0.8126500000000001,2
1492276769826245234,0.9761,1
1492542153929004185,0.6588,1
1492636686402998377,0.9101,1
1492637986017930509,0.47585,2
1492686684406660191,0.8090999999999999,2
1492715132006314264,0.6532,3
1492753076756586862,0.8957,1
1492762588404539353,0.9878,1
1492771279629718697,0.0,1
1492793692456067131,0.80845,4
1492817162174941401,0.44259999999999994,3
1492853026075166969,-0.5994,1
1492878999876737699,0.5840799999999999,5
1492918373449081632,0.9476,1
1492963933009558503,0.8658,1
1493053747580325333,0.6955,7
1493257865235894704,0.9545,1
1493288639370579572,0.9292,1
1493301813040519352,0.716125,4
1493324064828747940,0.8006500000000001,2
1493354287268665122,0.9412,1
1493385431395730329,0.90175,2
1493433332649019172,0.9399,1
1493458548546058730,0.7513,2
1493504721066579821,0.8779,1
1493516439732182710,-0.02184999999999998,2
1493525459681577951,0.76945,2
1493553530876826069,0.9521666666666667,6
1493582143936775800,0.89515,4
1493660610935955018,-0.0126,2
1493729546498669385,0.9652,1
1493755027843642658,0.454,2
1494109652322369892,0.7807714285714286,7
1494154442488497749,0.765,1
1494181942507524714,-0.15293333333333334,3
1494186294087092559,0.9757499999999999,2
1494231436003233523,0.3512666666666666,3
1494273183614224050,0.252675,4
1494294323946571445,0.7569250000000001,4
1494303338642461306,0.10314999999999999,2
1494312245090145627,0.14876666666666669,3
1494317335753470089,0.40046,5
1494323767646060539,0.5081,1
1494390792250782690,0.70888,5
1494406836321836084,0.8319000000000001,3
1494418927373555803,0.8957,1
1494421490290402917,0.62156,5
1494430946767022774,0.570375,4
1494528158349269330,0.9245,1
1494665092351093824,0.86895,2
1494731318606972619,0.9447,1
1494788830350125711,0.7001999999999999,2
1494821090587330256,0.9637,1
1494825948288126069,0.9796,1
1494893908975485807,0.7321333333333334,3
1494903255464641634,0.7156750000000001,4
1494911845372750658,0.6407666666666666,6
1494920976367286733,0.43134285714285714,7
1494926387983545407,0.9893,1
1494932731078334399,0.45931666666666665,6
1494937007124158583,0.67064,5
1494941999924428730,0.6464,7
1494984147368188029,0.6249,1
1494988675181434765,0.31043333333333334,3
1494992819794618125,0.54495,2
1495012492139522463,0.9199,1
1495026010202960970,0.5003333333333334,3
1495109070877058037,0.9851,1
1495110841185618652,0.9431,1
1495117555294235748,0.7746,2
1495140253853512273,0.3474,1
1495368708572691477,0.7995,3
1495398940764459845,0.9338,2
1495403056805567407,0.9648,1
1495493104556021613,0.717,2
1495499334337121075,0.91025,6
1495566046544224792,0.0,1
1495568647698391204,0.7845,1
1495624126148963598,0.9903,1
1495671611371088121,0.8268,1
1495799811733904421,0.9747,1
1495828092726851057,0.41009999999999996,3
1495831949811901521,0.9412,1
1495836852085797606,0.8176,2
1496022555306023111,0.7384999999999999,2
1496191816058183662,0.8402,1
1496239503304000634,0.061,2
1496255416585638416,0.6249,1
1496255958252771163,0.8256666666666668,3
1496257057186584826,0.9493,1
1496262676868640869,0.42195,2
1496322806689807608,0.8948,4
1496324901478313927,0.53,2
1496364395623322072,0.70175,2
1496392121113745251,0.8271,1
1496401012790994131,0.8701,2
1496483476239741595,0.915,1
1496483825387682462,0.6526000000000001,4
1496490753045589988,0.762,1
1496513599117901033,0.9485,1
1496525459521341705,0.9278666666666666,3
1496538315617311049,0.9517,1
1496538644727800928,0.72856,5
1496547046754532590,0.97365,2
1496586953840753622,0.746,2
1496589396160201653,0.0,1
1496768412800779640,0.83645,4
1496870077842046815,0.48123333333333335,3
1496882889597829529,0.4559,1
1496905941785492792,0.023050000000000015,2
1496917053842332338,-0.8552,1
1496919347387932360,0.9545,1
1496973890034859455,0.264275,4
1496997474375869396,0.6486,1
1497073799219346576,0.8814,2
1497100949660730984,0.902,3
1497114537564986606,0.9892,1
1497124013490702036,0.049750000000000016,2
1497136971854177685,0.9225333333333333,3
1497137911142581794,0.8964,2
1497257421343621125,0.7328166666666668,6
1497295810244768367,0.9343,1
1497310420640547570,0.7340857142857143,7
1497371817463430058,0.5267,1
1497426770944589903,0.4136,2
1497640190858192330,0.0,1
1497660453110094194,0.8805,1
1497686112598633256,0.775075,4
1497694403520640676,-0.6452,2
1497715109750744238,0.58795,2
1497742261389174601,0.9145857142857142,7
1497743903451195610,0.4436,3
1497763110820806982,0.93886,5
1497771238301299661,0.1147,4
1497801524502976880,-0.020125000000000004,4
1497804559905284694,0.1079,3
1497808729268101503,0.9274999999999999,3
1497846998173008366,-0.3169,1
1497868288014672776,0.6239,1
1497873567002461364,0.8895,1
1497881184703355466,0.9545,1
1497890463172920053,0.8400399999999999,5
1497928540251952780,0.8204,1
1498082996728260511,0.0,1
1498084618912219597,0.3612,1
1498084984190634211,0.9577,1
1498085403707102394,0.8555,1
1498200177915063175,0.9851,1
1498254930348012923,0.4431,2
1498258263731256919,0.39922,5
1498321352457889278,0.7867500000000001,4
1498366386370995055,0.0,1
1498380213799077874,0.3898,2
1498395596440293311,0.9040999999999999,2
1498406413516036219,0.9478,6
1498413068491580298,0.0,1
1498426473586105473,0.8484499999999999,2
1498427439422126627,0.93434,5
1498440480007996924,0.9205,4
1498454031689505298,0.7643,4
1498458203831535711,0.9511,1
1498466583730128860,0.5433333333333333,3
1498469114417017607,0.8082,7
1498485809507610990,-0.7845,1
1498488511426601136,0.7548,6
1498497578024425356,0.7371,2
1498503422089605343,0.12426666666666664,3
1498504200058554775,0.0,1
1498506999112251535,0.0,1
1498528272944503427,0.9484,1
1498561810588779239,0.6279875,8
1498563019906626835,0.9169,1
1498570943954968812,0.0,1
1498576698495618639,0.4592,2
1498576744553916015,0.7972,3
1498576783866234242,0.6466333333333333,3
1498578097802886983,0.7841,1
1498578444553525762,0.5563,1
1498598447803865929,-0.39315,2
1498604050538988239,-0.5439,1
1498613385891023973,0.7959,1
1498653030133154673,0.8129799999999999,5
1498678737980128367,0.73735,2
1498680261579142950,0.0,1
1498684713817923116,0.42195,2
1498694915300723172,0.44464,5
1498777305829541363,0.9268666666666667,3
1498791783373930317,0.30410000000000004,2
1498811357782038732,0.9565,1
1498844970138385409,0.7912,2
1498871777558823439,0.5719,1
1499075784330754760,0.0,1
1499165356105410293,0.7956,1
1499181710233862686,0.4665,5
1499221323051026925,0.7418,1
1499450160481250603,0.95745,2
1499456762281330492,-0.128,1
1499482457186780547,0.6942,1
1499487140955539943,0.7476666666666666,3
1499531017896839663,-0.4483333333333333,3
1499538002584396957,-0.4953,2
1499549404783422837,-0.2997,2
1499578407751373405,0.5984,2
1499803775863368415,0.64785,2
1499826476356918376,0.7739,2
1499831685056362999,0.87835,2
1499858199770219939,0.6180666666666667,3
1499864952256203298,-0.014499999999999994,6
1499872920818754330,0.9817,1
1499881926544745285,-0.2732,1
1499888869947453120,0.10349999999999998,2
1499889003406004541,0.3182,1
1499915514300134423,0.8481,1
1499940670487269770,0.9229,1
1500001651831839665,0.985,1
1500054217967232847,0.9505,1
1500161042330871593,0.38915,2
1500167927972092778,0.8241499999999999,4
1500169323207128546,0.9701,1
1500274052445865973,0.891,1
1500493349759804361,0.95015,2
1500500479879233898,0.8737,1
1500565204771055712,0.4812,2
1500568646569292191,0.7576999999999999,3
1500585772734774944,0.6997,1
1500616886651064732,0.8642000000000001,2
1500681460993505954,0.9777666666666667,3
1500725261540241972,0.4126,3
1500735318772298286,0.6749666666666666,6
1500739796319709501,0.7845,1
1500766653541577775,0.9437,2
1500771997761855715,0.6249,1
1500780311871136467,0.0,1
1500799513490580565,0.5719,1
1500808504014456157,0.54094,5
1500815841946047771,0.6249,1
1500826139038185967,0.21303333333333332,3
1500826184378654527,-0.0258,1
1500827265365413768,-0.858,1
1500861305572215399,0.8869,2
1500899632479518506,0.2579666666666667,3
1500944176567096610,0.8290500000000001,2
1500948769236066992,0.8706999999999999,3
1500988920822025753,-0.06583333333333335,3
1501090765218700492,0.9674,1
1501127837718953788,0.9044,3
1501222548256294606,0.41205,4
1501301560554009189,0.7268,3
1501307531949427965,0.8694500000000001,2
1501321534880219508,0.9705,1
1501339794538589800,0.0,1
1501352977483603579,0.7253,3
1501399389830685769,0.7952,2
1501427079379997654,0.26886666666666664,3
1501441078296031420,0.9738,1
1501482333074986315,0.8845833333333334,6
1501493980958777039,-0.32467500000000005,4
1501516081654171305,0.978,1
1501526983361548251,0.9402,1
1501558202212241921,0.8775,1
1501558243939955836,0.4332,3
1501582463305517119,0.0,1
1501592596085871106,0.643675,8
1501615419376375955,0.5859,1
1501615852359723305,-0.5848,1
1501645781596024013,0.92405,2
1501651937239345540,0.6704,2
1501687521323080774,0.8748,1
1501705581560934642,0.0,1
1501723100562351595,0.164925,4
1501729075618208842,0.784,1
1501731096167478544,-0.49335,2
1501733730756358521,0.5418499999999999,4
1501808577579439304,-0.148,2
1502019117840612036,0.0,1
1502060310692778406,0.9151,2
1502065526841208074,-0.18157500000000001,4
1502079680089242577,0.9594,1
1502099937889356434,0.75738,5
1502100178955650365,0.9021999999999999,2
1502102172604772742,0.06462500000000002,4
1502112267443450617,0.6139,3
1502141744433714391,0.9828,1
1502168355643727399,0.9381,1
1502178433755668198,0.7619,2
1502197078087449807,0.0,1
1502200509215775811,-0.0199,1
1502209881401071599,0.0,1
1502211798731120703,0.6784,1
1502274292248041380,0.9517,1
1502297552871741375,0.9837,1
1502302092624393905,0.611525,4
1502307066172703424,0.8481,1
1502412293241943670,0.89235,2
1502758621986202242,0.8847,1
1502759751117434257,0.9883,1
1502778599341459425,0.2526333333333333,3
1502798153244675309,0.9795,1
1502840522254322380,-0.0618,1
1502872117413929070,0.9923,2
1502892567858757568,-0.5994,1
1502902795124457193,0.92,1
1502909452872128839,0.9729,1
1502911386571961188,0.8976,1
1502911935816201505,0.9002,1
1502912544909756080,0.7778,1
1502912838073416587,0.011949999999999988,4
1502944920143770629,0.8174999999999999,3
1502961088763871713,0.212,3
1502964025822754731,0.7003,1
1502975877448476023,0.763,3
1503038011939816019,0.4498,2
1503059692532364098,0.609325,4
1503093416770521794,0.0,1
1503127712864773185,0.05066666666666666,3
1503436797351485866,0.9784,1
1503450580836132051,-0.21150000000000002,2
1503461305707505389,0.3812,2
1503468239854656738,0.0,2
1503470265248842865,-0.4568,2
1503476876203877561,0.012,1
1503502806565004332,0.4467,2
1503505551344225580,0.9119999999999999,3
1503546288647877102,0.6249,2
1503570441102868449,0.9231,1
1503651824929221809,0.9215,1
1503662025548602365,0.5695,2
1503668039676742588,0.708075,4
1503676318369872019,0.9524,1
1503683310630772352,0.4927,1
1503692417987221559,0.3182333333333333,3
1503732048783957576,0.9022,2
1503747866461922189,0.94504,5
1503754144786638456,0.9403,1
1503755352935802352,0.8478,2
1503787631245730504,0.802,1
1503792128918845620,0.0,1
1503810050510761135,0.7956,3
1503894712555127264,0.8772,2
1503914455863697046,0.9442,1
1504311095705790813,0.4319333333333333,3
1504345093853442507,0.0,1
1504363600595400970,0.6452142857142856,7
1504388358261485310,0.5202,4
1504391783255819962,0.8387,2
1504395963161443734,0.6247666666666666,3
1504484423645919004,0.7644,1
1504554216833861820,0.8173,1
1504586743278181508,0.796,1
1504621191745330063,0.18414000000000003,5
1504917830481410009,0.8735,1
1504929213267092298,0.9543,1
1505035690118448487,0.9633,2
1505059124479791047,0.9358,2
1505061658084695693,0.0,1
1505092434709355319,0.6453,4
1505093284436075551,0.4787,2
1505175248453876591,0.8881,2
1505177295405757558,0.5770333333333334,3
1505197174996537926,-0.9769,1
1505198786079698131,0.973,1
1505237521711388347,0.8261,1
1505246153312169545,0.6100625,8
1505254716806755183,0.8830199999999999,5
1505262740859642690,0.0,1
1505289218312683969,0.4019,1
1505298481438735262,0.7906,1
1505298556269939227,0.71652,5
1505310554210930120,0.9494,1
1505327322258668276,0.8126,1
1505375640460027173,-0.7579,1
1505386118822363875,0.17,2
1505578142624462793,0.9631,3
1505578292636889717,0.8736333333333333,3
1505582788863604781,0.6249,1
1505582840286440910,0.9875,1
1505582850417206902,0.898625,4
1505582876006377307,0.6249,1
1505594499796775102,0.6259,7
1505632899282228926,0.821,2
1505655120231520014,0.11782222222222222,9
1505672607727852539,0.906,1
1505678256986126801,0.46035000000000004,2
1505690922481752203,0.5219333333333332,3
1505708175242758024,0.9337,1
1505721390260284836,0.87695,2
1505724579924624286,0.9317,1
1505734251453962218,0.6369,1
1505744835578697739,0.5835,3
1505782204778196821,0.0258,1
1505798364461395961,0.0,1
1505808386637613602,0.9943,1
1505810400881358131,0.8357,1
1505880072289275701,0.23654999999999998,2
1505936641192834634,0.9299,1
1505942685202734748,0.8934,1
1505962704396299802,0.6249,1
1505962728204054375,0.6667000000000001,2
1506000846071103040,0.5447666666666667,6
1506001843355292575,0.35272499999999996,4
1506011539148039183,0.9223,1
1506013147972044718,0.48275,2
1506060503325906062,0.0,1
1506286913918068044,0.9012,1
1506294808997695253,0.9627,1
1506309429317183022,0.646,4
1506386049163453655,-0.9661,1
1506467522630297481,0.9596,2
1506475304063907628,0.8048666666666667,3
1506498377138253452,-0.4738,2
1506511798803313160,0.0,2
1506516957942223507,0.0,1
1506524496934546207,0.944,3
1506544409399909421,0.9775,1
1506546793746329146,0.8595999999999999,2
1506559644592729269,0.9944500000000001,2
1506559952419882335,0.9826,1
1506574142398373242,0.2732,1
1506606864079678928,0.7901,1
1506640109971825266,0.9412499999999999,2
1506640227411576261,0.4939,1
1506675727345535096,0.46003333333333335,3
1506704168724590341,0.9857,1
1506734809007320878,0.31501666666666667,6
1506741699007863874,0.9553699999999999,10
1507102168960579031,0.4215,1
1507126791973481282,0.0,1
1507127729215675263,0.8899,1
1507133816283625255,0.47465,2
1507140857807517519,0.7648400000000001,5
1507145680187854643,0.1013,2
1507151031976058274,0.9826,1
1507158091719244248,0.531,3
1507170717393545072,0.6239,1
1507187850661203966,0.8476333333333333,3
1507197058966184484,0.9117,2
1507218695141131705,0.3344,2
1507231326421174061,0.8504,2
1507233587318788869,0.6688,1
1507256698272271765,0.0,1
1507270836130460780,0.9768,1
1507278990595778198,0.9498,1
1507307299650046130,0.5423,1
1507330367676723543,0.975,1
1507391424641342975,0.7363500000000001,2
1507434684272084413,0.8031,2
1507841798293815743,0.053110000000000004,10
1507842630721215223,0.6249,1
1507851353950878051,0.5719,1
1507858310514126488,0.4598,7
1507908501868345873,-0.004599999999999993,2
1507923707919806774,-0.6124,1
1507932293667691015,0.9545666666666667,3
1507942398502020247,-0.20448333333333335,6
1507957605677543166,0.0772,1
1507972926043648285,0.7545,2
1507987366071466146,0.8473,1
1508006974170448436,0.17534999999999995,2
1508021203053531538,0.6249,1
1508037939826416430,0.7249,2
1508108505636881832,0.8743000000000001,2
1508112792469119215,-0.148,2
1508116018393956639,0.7783,1
1508122637577974587,-0.20413333333333336,3
1508130860664496177,0.13164,5
1508178841742625852,0.8164,1
1508200926384371610,-0.3373,2
1508208986262865621,0.36334,5
1508211202225983951,0.0,3
1508212313868528495,-0.5267,1
1508515488587130396,0.62658,5
1508521804813795551,0.0,1
1508567111966171004,-0.0446333333333333,3
1508634499567655064,0.4221,2
1508646473951071300,0.96885,2
1508648805157391342,0.9199,1
1508671392860292544,0.669625,4
1508700817112489744,0.58235,4
1508702601970094331,0.6361,1
1508703803773062951,0.9792,1
1508706303979957463,-0.9162,1
1508711216705384392,0.8037000000000001,2
1508731565962533891,0.9761,1
1508737265585079137,0.8932,1
1508740874068152821,0.9927,1
1508762801909536106,0.9773,1
1508782143365844494,0.7534000000000001,3
1508816220661847173,0.9483,2
1508900042872179492,0.7575777777777778,9
1508917085737424016,0.9966,1
1508930527945978377,0.4927,1
1508952779450309481,0.9485,1
1508968992360906907,0.7351,1
1508975340045289478,0.46759999999999996,2
1508981681512334778,0.6249,1
1509217078877966419,0.48612500000000003,4
1509239765460959247,-0.3544,1
1509326707538752562,0.752175,4
1509352625731444114,0.946,1
1509365597718965061,0.8578999999999999,3
1509386873455669852,0.93365,2
1509398681110802638,0.0,1
1509427716745609389,0.7752555555555555,9
1509437799029051230,0.2799,2
1509517817677281715,0.9210333333333334,3
1509526451608761600,0.6116666666666667,9
1509600511632420564,0.9795,1
1509662613351056101,0.9510666666666667,3
1509922503290851930,0.9917,1
1509951793530525440,0.7424,2
1509955316575812878,0.9267,1
1509975006869031304,0.13255,2
1510013624695376724,0.836,1
1510025674995085889,0.6072285714285715,7
1510035278504816402,0.6249,1
1510043262954251332,0.6786333333333334,9
1510048793492168477,0.6784,1
1510147829323662050,0.005866666666666687,3
1510203708921929472,0.9290333333333334,3
1510214999845506558,0.5023,1
1510246385789825736,0.070925,4
1510274029008981652,0.6078,6
1510281137314035152,0.8024666666666667,3
1510307598769913616,0.88655,2
1510365139619284598,0.7717,1
1510432895067632693,0.61205,4
1510649519704891371,0.802,1
1510660045276606272,0.7184,1
1510672911011820058,0.0,2
1510753136245761244,0.9163333333333332,3
1510762618498454226,0.7473,5
1510769058481840888,0.7896799999999999,5
1510813645072948134,0.9477,1
1510825146790772461,0.6597,1
1510835953353781592,0.300525,4
1510850501318543749,-0.012599999999999981,3
1510883470492739964,0.9359,1
1510896146444143158,0.9036,1
1510900561691677904,0.8432,2
1510934070876426002,0.9509,1
1510934652613758529,0.9230499999999999,2
1510935187959062742,0.24635,2
1511011228939961054,0.9904,1
1511052011582137645,0.80345,4
1511084790984543739,0.7054199999999999,5
1511154712899917021,0.0,1
1511191242608201665,0.8454,6
1511319151228429869,0.9446,6
1511339396033726807,0.8678,1
1511346274124037197,0.9652,1
1511358790866326613,0.7826,2
1511382220584244889,0.5994,1
1511410312655047992,0.7579,1
1511410922985833723,0.7408,1
1511439159639620893,0.967,1
1511440830236115954,0.4232666666666667,3
1511448027345412322,0.758875,8
1511454691146827380,0.296,1
1511456806923247902,0.9244,1
1511470395089493488,0.8246,1
1511473867437769225,0.5346333333333333,3
1511491713992749935,0.9523,1
1511508779766284471,0.0,1
1511559607585991552,0.128,1
1511575248495225493,0.8588,1
1511579176612518782,0.42905000000000004,2
1511586246736553127,0.9368000000000001,2
1511599942861962845,0.98135,2
1511636561014849253,0.8749333333333333,3
1511651930413885387,0.8217,1
1511706688869272060,0.6249,1
1511740828316757038,-0.1025,1
1511787216916911593,-0.4158,2
1511806489118812340,0.9047,1
1511816743235441008,0.0,1
1512045274846873606,0.0,1
1512151021214595653,0.627,2
1512155546332846573,0.6353,1
1512156419540829625,0.947125,4
1512203380805274499,0.5416,2
1512211078673677446,0.4848,2
1512247921142562457,0.9274,1
1512257896457388002,0.0,1
1512268010249226328,0.6249,1
1512272751322876413,0.4368666666666667,3
1512281927633067954,0.73365,2
1512292868036967810,0.5594,3
1512299814728839928,0.9203666666666667,3
1512345662843640580,0.6458,1
1512365056460523179,-0.9661,1
1512379995083430969,0.46225,2
1512413348315739440,0.7783,1
1512444875487385442,-0.7964,1
1512454062788463120,0.8221333333333334,3
1512492829107287943,0.9059,1
1512512669563027650,0.864825,4
1512559219561935222,0.6243,3
1512583060230005457,0.965,1
1512861164645131803,0.7579,1
1512878775956306728,0.2202,2
1512889122595687818,0.8885,1
1512920480450534666,0.5744666666666667,3
1512930402395119994,0.6696,1
1512958480032294968,0.765,1
1512979986696204918,0.9824,1
1512983160805575542,0.10730000000000003,2
1513004235105143269,0.9265166666666667,6
1513017482906207345,0.4044666666666667,6
1513021470083203575,0.847,1
1513024809306361767,0.949075,4
1513048745196616355,0.9526,1
1513072135904577768,0.9684,1
1513105793552283079,0.6624333333333333,3
1513118813907908765,0.009750000000000036,2
1513126976852128946,0.68115,2
1513175341122313236,0.92245,2
1513177821236791697,0.47465,2
1513267853640651582,0.43343333333333334,3
1513346159471039960,0.0,1
1513524581970567777,0.6340250000000001,4
1513570189065937133,0.9386,1
1513597702759149270,0.3303333333333333,3
1513609523913952935,0.5722799999999999,5
1513617314392456872,0.2023,1
1513691318935669671,0.4166,3
1513694054631062791,0.9371499999999999,2
1513721931510134684,0.9708,1
1513725584941203726,-0.2003,1
1513727900847926214,0.1139,1
1513753589364676176,0.7994666666666667,3
1513755688048198211,0.7351,1
1513774397675445457,0.5326333333333334,3
1513782998303916841,0.9636,1
1513803895266119461,0.8745,1
1513827855165892704,-0.3544,2
1513863719365457379,0.69215,4
1513901086451950674,0.70645,2
1513918449510517794,0.8762,1
1514007925169376927,0.90815,2
1514104378943149230,0.569825,4
1514371449814638390,0.29719999999999996,3
1514381963224596702,0.4558333333333333,3
1514412096518669361,0.8731083333333333,12
1514443643102387777,0.9787,1
1514452102942801297,0.7342500000000001,2
1514508814777666453,0.73585,2
1514617567056382779,0.7598333333333334,3
1514643516567569029,0.478175,4
1514684971635072014,0.43263333333333326,3
1514703335884189967,0.7964,1
1514720674319228000,0.9887,1
1514748731767573243,0.5267,1
1514757953380157596,0.0,1
1514771723603820426,-0.9806,1
1515030332461392062,0.6249,1
1515051936255130803,0.45305,2
1515078257562566231,0.9188000000000001,2
1515081296148525709,0.4158,2
1515125522469918973,0.8904333333333333,3
1515174855943610701,0.9201,1
1515271021657667070,0.9392,1
1515292300475871047,0.9743,1
1515296515077871692,0.8481,1
1515320704992609072,0.483325,4
1515345282666893105,0.7639,1
1515397118806720468,0.6249,1
1515398014559371216,0.3986,5
1515398446153053061,0.90625,2
1515399268775523395,0.92725,2
1515420604092521621,0.8339,1
1515427054800389578,0.836,1
1515510608130162291,0.9551499999999999,2
1515565035622409068,0.4749666666666667,9
1515565299299563152,0.17125,4
1515741934474300801,0.5900333333333333,3
1515808590851980331,0.0,1
1515815087086533079,0.31245,2
1515818517750479528,0.9078,1
1515827599879674623,0.7152000000000001,2
1515831849554966658,-0.12739999999999996,2
1515845986307127378,0.8114,1
1515847784853877525,0.8705,1
1515848431895597059,0.2202,2
1515852030028550052,0.9875,1
1515852034457145940,0.6249,1
1515852082585851865,0.8687,1
1515858266707080732,0.9706,3
1515862272261479144,0.07306666666666668,3
1515874557534035877,0.4958,3
1515878854782192201,0.2818333333333333,3
1515899302906232084,0.8221,1
1515906298238965673,0.6197,3
1515909870343566893,0.50455,4
1515928997265755645,0.9355,1
1515947097072454993,0.48235,2
1515970001931717971,-0.11839999999999999,5
1515981812795222740,0.7777,1
1515989424299693572,0.8711333333333333,3
1516006875488990547,0.7003,1
1516048043520382455,0.0,2
1516086136101851193,-0.148,2
1516098114424127971,0.9377,1
1516120720147810208,0.5562,1
1516166184602833946,0.9696000000000001,3
1516183473008049389,0.23277499999999998,4
1516193189425918508,0.48,3
1516452755517776963,0.9178999999999999,6
1516455116626641107,0.9296,1
1516474003991481816,0.89845,2
1516484688509675985,0.0,1
1516487317092530785,0.4404,1
1516492882829126098,0.708825,4
1516497481545589834,0.8953,1
1516519075378916071,-0.4782,1
1516552314490772537,0.9579500000000001,2
1516563185166220386,0.77995,2
1516563187912322874,0.8932,1
1516571094685885903,0.5924333333333333,3
1516575207909301212,0.8518,4
1516595132989254824,0.5697333333333333,3
1516601296151630027,0.33853333333333335,3
1516603680058726837,0.0075333333333333545,3
1516612991036965637,0.9534,1
1516633349256872059,0.0,1
1516650248057424085,0.9775,1
1516654225362044759,0.43325,2
1516676587457148765,0.9632,1
1516710768755126863,0.2859333333333333,6
1516716645688873450,0.8316,1
1516740526047814702,0.9485,1
1516765457502060373,-0.0046499999999999875,2
1516797303159297805,0.9277666666666667,3
1516828921896624465,-0.8979,1
1516845713207787048,0.054266666666666664,3
1516856569859239373,-0.0011499999999999844,2
1516856651096671312,0.3744,7
1516858173341373245,-0.296,1
1516860053843008141,0.89846,5
1516862177492407103,0.79035,4
1516866016152321965,0.3392,2
1516867617510926391,0.18695,4
1516873636567469878,-0.7906,1
1516881563946729085,0.8555,1
1516882192411713697,0.418725,4
1516885016710169058,0.8807,1
1516888343692108295,0.23645,4
1517154495911937981,0.9823,1
1517173653544637338,0.5267,1
1517207174763633215,0.2403,4
1517226678635161192,-0.19846666666666665,3
1517248938942439226,0.3355,4
1517260937682589974,0.965,1
1517263802006095015,0.9593,1
1517277291954306705,-0.5994,1
1517280336775858972,0.30465,2
1517289571669148047,0.9271,1
1517317919210810481,0.64365,2
1517318950717860781,0.0,1
1517327104888328986,0.77398,5
1517327356197240034,0.9225,4
1517356602805778511,0.9516,1
1517356888133257717,0.6793750000000001,4
1517375568399310147,-0.2905,1
1517389002366206474,0.67362,5
1517389623193559238,0.9953,1
1517408952565226848,0.48798888888888886,9
1517461582359365581,0.9714333333333333,3
1517467909582862882,0.57745,4
1517504710533665288,0.4242,7
1517682875902058666,0.6826,2
1517692672700133668,0.3182,1
1517697176476976398,0.885,1
1517884267030775065,0.9794,1
1517931937671202686,0.9778,1
1517939134350207039,0.4404,1
1517944023505242029,-0.9136,1
1517949889379092354,0.4215,1
1517950697288960118,0.57285,2
1517951427945619129,0.8655,1
1517965795637177396,0.9776,1
1518036893176286031,0.9522666666666667,3
1518060459803237148,0.8168199999999999,5
1518067526111110056,0.4694,2
1518093108241390540,0.7347,5
1518114510409867171,0.9182600000000001,5
1518146754989462636,0.87475,4
1518157102392955744,0.323425,4
1518158158569710512,0.4559,1
1518161070094563662,0.8953,1
1518169116145807382,0.0,1
1518303116803039239,0.5245,2
1518315215261870874,0.5994,1
1518444195233760556,-0.002024999999999999,4
1518611525254729563,0.9313,1
1518672146962643196,0.0,1
1518678674081033754,0.87955,2
1518691896564382748,0.705225,4
1518707283166666523,0.7666666666666666,3
1518709156312789378,0.2732,1
1518713799269739503,-0.49245,2
1518713977609986076,0.73755,2
1518714253241744862,0.5994,1
1518714308183625236,0.6478,1
1518721314000752648,-0.3412,1
1518780874296461750,0.9727,1
1518784198145299240,0.0772,1
1518799338825668000,0.7819666666666666,3
1518799496883498838,0.6796625,8
1518807552509704389,0.71595,4
1518809947004150757,0.893,1
1518812229898481289,0.8018333333333333,3
1518813370058198975,0.4768,4
1518831674781727644,0.765825,8
1518845467174835436,0.644425,8
1518856405916471697,0.9515666666666668,3
1518858186891125900,0.49145,2
1518863611917786296,0.8515599999999999,5
1518864578154723790,0.6254,5
1518907443668785561,0.939,1
1518911865205637606,0.45205,2
1518933651223774105,0.6707,2
1518939477043204502,0.7778,1
1518963896316879727,0.9921,1
1518986119471359123,0.9374,1
1519122262576216740,0.9905,1
1519405637774637861,0.82755,2
1519479783979290957,0.6161,2
1519480146454133188,0.88375,2
1519516213493535399,0.5487666666666667,3
1519532201362241514,0.8775,1
1519563241919944631,0.9711,1
1519563457477611402,0.0,1
1519596850890132712,0.0,1
1519608903474658991,0.833075,4
1519637895370414418,0.36990000000000006,3
1519663518023963256,0.7258142857142857,7
1519702468948892215,0.0,1
1519726383471582305,0.4003,1
1520052272550303657,0.4908,2
1520174807799061852,0.95285,2
1520196666699401928,0.9712,1
1520219768187898226,0.9863,1
1520274298887763048,0.7506,1
1520282228526650512,0.875,2
1520316438213568188,0.0,2
1520350141657850477,0.41523333333333334,6
1520371182700776059,0.24690000000000004,2
1520377938280607375,0.689075,4
1520394772309881571,0.26226666666666665,3
1520398783031431018,0.0,1
1520402621319788659,0.943,2
1520403084555835369,0.3497333333333333,3
1520414264556173885,0.441725,4
1520446475398239817,0.9599500000000001,2
1520449803804239985,0.7783,1
1520849277866134166,0.4588,1
1520882833388110612,0.0,1
1520937328993418414,0.9722,1
1520938836618361997,0.5074666666666666,6
1520960574611470964,0.90375,2
1520973779244898325,0.9092,1
1521035483025098943,0.40053333333333335,3
1521036254750538339,0.92545,2
1521042354525917756,-0.2997,2
1521050241307388181,0.43326666666666663,3
1521069153439975738,0.8169,1
1521085806979881680,0.29295,2
1521086495719151921,-0.8612,1
1521086726235371637,0.36366666666666664,3
1521115313582615785,0.0,1
1521119940510066804,0.022400000000000003,2
1521121760806097021,0.9704,1
1521225550152639416,0.0,1
1521249266067076620,0.9523999999999999,3
1521268889995169139,0.989,1
1521282395888268887,0.0,1
1521563513783636348,0.7501,1
1521584990652698639,0.7538857142857143,7
1521592840126975231,0.9704,1
1521620675708062239,0.9359,1
1521621809662493073,0.91445,2
1521630178581364399,0.7237250000000001,4
1521656417266634142,0.8691333333333334,3
1521705441877753492,0.34,1
1521712338297578427,0.0,1
1521829679681767326,0.9531,1
1521954291072945883,0.8126333333333333,3
1521979152751560715,0.33525,2
1521997338051152532,0.7576428571428571,7
1522197543417342853,0.12892,5
1522270701667689376,0.322,3
1522279094903180671,0.8201499999999999,4
1522314764152863967,0.4927,1
1522317491807374591,-0.1901,1
1522333367775901567,0.2247,1
1522376796635405206,0.8832,1
1522388464459361105,0.0,2
1522401955577745314,0.54,1
1522402418350187330,0.0,1
1522426630767295237,0.9864999999999999,2
1522468037448250444,0.0,1
1522470594860146741,0.96,1
1522486785722687153,0.9764666666666667,3
1522505076979593164,0.0,1
1522562472260016095,0.6597,1
1522575170563278974,0.9667,3
1522619161836914550,0.921,1
1522623349565002021,-0.055400000000000005,5
1522968674388946076,0.23796666666666666,6
1523070369514611703,0.9699,2
1523081374779205146,0.0,2
1523103234663670548,0.0,1
1523121067925712221,0.8883,1
1523130672641358382,0.9682,1
1523155905711680171,0.4684333333333333,3
1523170804887988072,0.436,2
1523191080674944944,0.70575,2
1523195268813431751,0.21075,2
1523196780532218649,0.71445,2
1523197223858444572,0.7629666666666667,6
1523198252995868983,0.9677,1
1523201416019024386,0.9865,1
1523208876872823557,0.9385,1
1523222745794170308,0.6239,1
1523229221385718232,0.9633,1
1523248996448751044,0.4417,2
1523256917003148767,0.2749,3
1523261356318411670,0.6036833333333333,6
1523264654987763295,0.8304,2
1523266702457910134,0.4994,3
1523268444007314322,0.35745,8
1523271933505365937,0.4705363636363637,11
1523286645403348715,-0.7003,1
1523376041315777488,-0.128,1
1523429931713655362,-0.28595,2
1523503107348491920,0.9835,1
1523775080623728627,0.8099000000000001,2
1523837928443423411,0.18217999999999998,5
1523853674488505157,0.17,2
1523856459780735869,0.46125,2
1523862445425994000,0.43629999999999997,3
1523870043348151708,0.9476,1
1523882176754450420,0.044900000000000016,3
1523883640337741054,0.9371,1
1523935153466555378,0.31195,2
1523944220259946210,0.642,4
1523945231724061176,-0.7351,1
1523969701919362266,0.836,1
1524043079484244004,0.9399,1
1524051741574757001,0.8825571428571429,7
1524107162117591481,0.80412,5
1524119771221952739,0.97065,2
1524123732412229621,0.46668000000000004,5
1524227445342719594,-0.384,1
1524246952757606722,0.9123666666666667,3
1524478638141466630,-0.1806,2
1524490557332589062,0.6249,1
1524502313201704578,0.9008333333333334,3
1524522684888708014,0.8882,3
1524544097811269786,0.6884,1
1524550770945072850,0.2962333333333333,3
1524661229029050052,0.29625,2
1524663697428081636,0.46435,2
1524693898394678319,0.0,1
1524714860902293856,0.5165000000000001,3
1524747356176923619,0.8481,1
1524765815405475061,0.9781,1
1524780417550060795,0.7425,1
1524791362856534479,0.8305,1
1524806464454511565,-0.2665,1
1524806970980971834,0.9796,1
1524826581462512024,0.9134,1
1524931248700487840,0.886,1
1525105998631643057,-0.9041,1
1525149193179770951,-0.5994,1
1525158229757235607,0.07615,2
1525179865074422192,0.895,4
1525263095458480998,0.9954,1
1525275721909175560,0.33675,2
1525290657506718798,0.8955,1
1525336552965824598,0.8122,1
1525355447436695066,0.602225,4
1525365056425824664,0.51,2
1525370100647403467,0.9551,1
1525374054628893344,0.9464,1
1525414766359950420,0.8225,1
1525498303391883308,0.8765499999999999,4
1525501585976265073,-0.05295,2
1525668033335295912,0.35358,5
1525877350868025446,0.913975,4
1525934862508237298,0.9410499999999999,2
1525944456764943847,0.6597,1
1525955061750816824,0.8805666666666667,3
1525991295628202817,0.9753,1
1526004120018584040,0.0,2
1526009894414524039,0.8313,1
1526035261522440012,0.9934,1
1526066766494251797,0.8807,1
1526076160434102341,0.9343,2
1526118379634820133,0.6361,1
1526125262508440733,0.9676,1
1526128826368878652,0.9001,1
1526141667729050563,0.9466,1
1526145971730842101,0.0,1
1526152804988883994,0.9815,1
1526165151694371033,0.16852,5
1526234856004147400,0.39978,5
1526290537215468572,0.25383333333333336,3
1526311664882166454,0.65054,5
1526329229538335209,0.4927,1
1526340351587424519,0.9863,1
1526448305152238709,0.07885000000000003,2
1526511438711402395,0.0,1
1526618423942195200,0.8522000000000001,4
1526635925075452939,0.35397500000000004,4
1526636009639644056,0.871,2
1526662038428501355,0.1959666666666667,3
1526690714177092438,0.4404,1
1526692048504501708,0.93285,2
1526694217749893483,0.9516,1
1526728177925023744,-0.03970000000000001,2
1526778365720585967,0.0,1
1526779799109111672,0.96395,2
1526785200390626145,-0.0447,3
1526819791098907790,0.9061,1
1526836773301065374,0.6937,2
1526842712287607155,0.952925,4
1526842925869071273,0.5232,2
1526867796550725843,0.0,1
1526870437773663927,-0.128,1
1526877877881688991,-0.8481,1
1526888788739979645,0.9346,1
1526888825376973731,0.94065,2
1526897062060005285,-0.030299999999999994,2
1526983062792428400,0.6810499999999999,2
1526984632466464461,0.9766,1
1527009004691627410,-0.8916,1
1527235428582569899,0.8873500000000001,2
1527286891970278211,0.9016,1
1527325740483171257,0.9511666666666666,3
1527385233492358816,-0.9509,1
1527400021378901442,0.9595,2
1527400315001216429,0.4315,3
1527400416991369843,0.7684,1
1527400726531647706,0.84295,2
1527438638834851426,0.4215,1
1527439660077358633,0.9919,1
1527441318834659010,0.0,1
1527450851903562375,0.08045000000000002,4
1527454403299291826,0.0,1
1527475893927848777,0.8397,1
1527489142045754120,0.84975,2
1527497001512368013,0.8443,2
1527498679784661932,0.2202,2
1527505223746784745,0.6552285714285714,7
1527530963977311292,0.44015,2
1527544899544728156,0.9441,1
1527578211707840934,0.9173,1
1527579220346119031,0.4311,2
1527631641911912439,0.277175,4
1527632133291450126,0.6249,1
1527633630634384143,0.27636,5
1527639755341903733,0.46662,5
1527668790465960412,0.9476333333333334,3
1527672641518033314,0.70285,2
1527754771839471567,0.0,1
1527759976372430343,0.9962,1
1528033488891309406,0.9701,2
1528107759747298213,0.0,1
1528123695720321070,0.887,2
1528139303819646333,0.9477,1
1528140426223644572,-0.93985,2
1528147022561544464,0.5423,1
1528164904618482447,0.8684499999999999,2
1528165392033313161,0.9577,1
1528182653940922016,0.95625,2
1528213417551722414,0.7853,2
1528229270338196290,0.4337,4
1528245118689610992,0.6588,1
1528257385519193410,0.4862,2
1528267613509017280,0.9325,1
1528275926728597917,0.609,3
1528317610938574226,0.870825,4
1528324468365445111,0.6249,1
1528344712563133384,0.6588,1
1528354455297663432,0.6908,1
1528357328247653652,0.77925,2
1528421332389048633,0.7235,2
1528436677231223617,0.0,2
1528442618668335413,0.5719,1
1528451673644660762,0.9148,1
1528452580698718507,0.812,2
1528506284500812568,0.8313,1
1528543502529883261,0.7233,1
1528730487193937624,-0.296,1
1528808840213358581,0.9485,1
1528810269789948458,0.15526666666666666,3
1528815540362922199,0.8984,1
1528820335953998067,0.8255333333333333,3
1528872478254107098,-0.5358,1
1528873856273819600,0.7885,2
1528877705189310026,-0.008000000000000007,2
1528885438744946069,-0.04490000000000002,2
1528914652189179020,0.5721666666666666,3
1528957097266181148,0.26615,2
1528997273127872615,0.8091,2
1529022512758531427,0.0,1
1529059483399973734,0.2997,2
1529060932253329194,0.88105,2
1529076910580004686,0.8517333333333333,3
1529086812427695855,-0.296,1
1529114460866650086,0.5563,1
1529177088308735499,0.901,1
1529208833043209776,0.0,1
1529212016495876267,0.89445,2
1529517761743152018,0.9868,1
1529572136837550890,-0.4568,2
1529642297408929459,0.8433999999999999,3
1529665343558970089,0.47685,2
1529667516076355419,0.7049,2
1529690628950626314,0.6908,1
1529771206894878882,0.8382000000000001,4
1529814542750506273,0.0,1
1529815307708758789,0.0,1
1529877558117922062,0.9737,2
1529883955892599352,0.9652,3
1529890802655192811,0.9042,1
1529892714385344012,0.7906,1
1529911576785932520,0.9707,2
1529927223067703267,0.91295,4
1529928166092433527,0.2023,1
1529929461355842255,0.37125,2
1529933814636718080,0.9894,1
1529956480888907315,0.671,2
1530189218548302692,0.9621,1
1530283870271748651,0.29188333333333333,6
1530325598049422632,0.8674,1
1530344368552018946,-0.40440000000000004,3
1530401261086057777,0.0,1
1530411269958862436,0.8437,4
1530411661026547558,0.9772,1
1530423162362997126,0.9273,1
1530451314769834949,0.9583,1
1530480746571377211,0.9649666666666666,3
1530487073419095055,0.07584999999999997,2
1530584793984417938,0.06895,6
1530601210485851286,0.8410500000000001,2
1530651366501855932,0.20015,2
1530659608732778648,0.8673,2
1530691535678238067,0.7579,1
1530999703186015184,0.2764,2
1531058821733972683,0.9628666666666668,3
1531096951083103541,0.6486333333333333,3
1531098260531646185,0.7579,1
1531109464216758710,0.9073666666666668,3
1531129271484532992,0.4845,2
1531164774447058082,0.9837,1
1531178547962432551,-0.26075,2
1531181007064733023,0.9136,1
1531210268702237111,0.96175,2
1531230802672058842,0.9667,1
1531232598726213715,0.8544333333333333,6
1531240903868372355,-0.9136,1
1531293712694629144,0.9552,1
1531344996564192810,-0.2398,1
1531352614342970583,0.9558,1
1531354907441070045,-0.9025,1
1531358702826223914,0.4404,1
1531377256057457248,0.8737,1
1531404654319128885,-0.125,2
1531408499813597473,0.9128,1
1531707800987995129,0.04425000000000001,2
1531711083450361145,0.0,1
1531714571604364965,-0.6956,1
1531721467748716064,-0.012500000000000011,2
1531728689999128942,0.0,1
1531748661495634672,0.7351,1
1531756132425653249,0.899,1
1531761072492779943,0.8629333333333333,3
1531771805228461574,0.9682,1
1531775686859485629,0.4158,2
1531785486231102501,0.98515,2
1531797007456738643,0.46943333333333337,3
1531812901197084053,0.0,1
1531817910714004041,0.72585,2
1531819447128386232,0.6114,1
1531878541883945660,0.7902,1
1531894634153440977,0.9687,1
1531894914772632082,0.6411857142857142,7
1531894972861731302,0.7152,1
1531900929184851320,0.9752,1
1531908445797189138,0.476,2
1531912088838105142,0.7811833333333333,6
1531915442471699858,0.4404,2
1531917438602216791,0.8398,1
1531920114604634741,0.6876,2
1531923479177399462,0.125,2
1531925002936842711,0.6249,1
1531926876737053750,0.9516,1
1531932890409834786,0.82585,2
1531941323324696818,0.0,1
1531943060762001198,0.8873333333333333,3
1531959191894315715,0.9411,1
1531985592736840034,0.5709,1
1531993587418408297,0.9941,2
1532024642066116948,0.9788,1
1532031887131754288,0.0,1
1532051300592201693,0.0,1
1532168363374054979,0.94485,2
1532223877599557687,0.8016,1
1532395763533523601,0.8271,1
1532401101896248466,0.7692333333333333,3
1532435037582731211,0.9309,1
1532487292649938217,0.8271,1
1532507417573585983,0.46985,2
1532519902550325316,0.0,1
1532530601002618744,0.47206666666666663,3
1532546400679937887,0.1189,1
1532589046587787885,0.5994,1
1532627790729012802,0.9426,2
1532631260097043876,0.2784333333333333,3
1532645835712381659,0.416525,4
1532671054506984110,0.2221625,8
1532673863747699045,0.9136333333333333,3
1532697226127942795,0.8221,1
1532697242902239434,0.0,2
1532707622368931456,0.12040000000000001,3
1532711402950366991,0.42496666666666666,3
1532729093011456963,-0.9156,1
1532755775804123275,0.96915,2
1532761444293889528,-0.064,2
1532799853838202459,0.5209,2
1533135997048009709,0.57256,5
1533154429349548171,0.6249,1
1533164310359822149,0.11085,2
1533181244746747838,0.7484,1
1533183133570544363,0.08302500000000002,4
1533185220491988809,0.76155,2
1533203062313025428,0.0258,1
1533217972010626927,0.9765333333333333,3
1533234342213274533,0.9926,1
1533250667033180683,0.75525,2
1533267721657889122,0.9500000000000001,3
1533281113290113598,0.6354000000000001,3
1533315717580182690,0.5994,1
1533470047924945311,0.74142,5
1533534277600641228,0.44425,2
1533601268675740465,0.7495,1
1533642125606311353,0.8607,1
1533887174090750887,0.6493,3
1533912481312649641,0.836,1
1533926287966605207,0.9964,1
1533986011838882468,0.9755,1
1534020411938882429,0.48935,2
1534054948672250042,0.0,1
1534059675018767533,0.92955,2
1534087128640423666,0.5719,1
1534107654844232472,0.4121,2
1534126539357752646,0.9704,1
1534156652431975080,0.39830000000000004,3
1534205728997963560,0.7496,1
1534595537215526895,0.58655,6
1534626486677535509,0.47015,2
1534678025497274175,0.5615,3
1534743637850706482,0.7109,2
1534775300263209423,0.014333333333333309,3
1534780170883160500,-0.2787,2
1534785159994631755,0.4576,1
1534794437680717293,0.0,1
1534803000724390046,0.74615,2
1534854355040101914,0.9118,1
1534865615026164814,0.5994,1
1534897760099959712,0.37284999999999996,6
1534909868287291538,0.459125,4
1534913503788358608,-0.865,1
1534927338503261809,0.67035,2
1534963733878097402,0.868,2
1534965450028000933,0.86565,2
1534977775366745171,0.52595,20
1535016212737955182,0.0,1
1535066003514521038,-0.3595,1
1535072850631681086,0.8779,1
1535078745477568288,0.0,1
1535250954448071539,0.9834,1
1535321259471733513,0.7920499999999999,2
1535345576515385976,0.9703,1
1535348819008571713,0.9716,1
1535352401723285700,0.765,1
1535379539403040361,0.9556,2
1535417289219275012,0.6082666666666666,3
1535435510321620825,0.8856,1
1535478077237004119,0.9323,1
1535488224967572068,0.9621,1
1535527083496674005,-0.03059999999999996,2
1535560256747713492,0.9837,1
1535577349099540471,-0.5719,1
1535580060875685285,0.5689333333333333,3
1535591917676722447,0.8585,1
1535593929643559315,0.66734,5
1535608304369473645,0.7529499999999999,6
1535617607512357695,0.43705,2
1535634697615002329,0.8572333333333333,3
1535639817423731311,-0.5707,1
1535651299084601870,-0.12956666666666666,3
1535654874501556829,-0.31470000000000004,3
1535657230904262775,0.9099999999999999,2
1535661096105546542,0.47833333333333333,3
1535661475478916047,0.5261666666666667,3
1535661978723911772,0.0,1
1535719849486810549,0.4452,3
1535733615349054353,0.9962,1
1536091996483443572,0.9791,1
1536092358673870597,0.8939,1
1536119599197139542,0.9032,1
1536121195223305389,0.387775,4
1536122129797166938,0.0,1
1536146219672250404,0.014499999999999957,2
1536155026373559871,0.839,2
1536215134337311330,0.5755,2
1536290743873880745,0.9614,2
1536322185254000168,0.9755,1
1536328546839384322,0.9577,1
1536454875887523909,-0.016450000000000006,4
1536596800590150919,0.5459999999999999,3
1536766669892610024,0.612,4
1536795573310942357,0.38585,2
1536808922240053639,0.10456666666666668,3
1536873466416719640,0.5093,1
1536952098401286429,0.8714,1
1536958134787932393,-0.253,3
1536961914260795621,0.8657666666666666,3
1536970457612156921,0.4886,2
1536980139431163248,0.36766666666666664,3
1536986052994622905,0.9741,2
1536998111964283146,0.0,1
1537009468770930872,0.9812,1
1537011937106114557,0.46773333333333333,3
1537038163531922282,0.516075,4
1537045001569223439,-0.8316,1
1537064047278556746,0.0,1
1537066094063844937,0.0,1
1537067532925612594,0.6892,1
1537074900572131972,-0.318,2
1537079775778863687,0.9454,1
1537185130751199787,0.45603333333333335,3
1537200039225227860,0.0,1
1537464244563943354,0.0,1
1537476367165022236,0.9712000000000001,2
1537485780122722333,0.0,1
1537494425231207378,0.9201,1
1537498355247213220,0.9022,1
1537500611054882928,0.8625,1
1537500887624846553,0.5719,1
1537506740147092069,0.84675,2
1537542435035148844,0.6791,2
1537559003071346492,0.8398,3
1537561360407867912,0.8081499999999999,2
1537572662845708642,0.9155,2
1537583189730176583,0.7989999999999999,2
1537594320674918899,0.9198999999999999,2
1537609999750427645,0.9869,1
1537615102881113305,0.9855,1
1537623875042120287,0.83135,2
1537631741438018154,0.9744,1
1537637477934589826,0.7862,4
1537638621430812637,0.5772,3
1537685940566390676,0.9716,1
1537697697356099883,0.8572000000000001,3
1537743123351693387,0.2135,1
1537759114251424299,-0.765,1
1537763476294756233,0.36724,5
1537768688682016699,-0.8827,1
1537776383580854433,0.0,2
1537829569006645370,0.19299999999999995,2
1537937424523813717,0.6523,4
1538007563998162587,0.4404,1
1538294759463943434,0.8881,1
1538295519879437710,0.16375,2
1538326627085697707,0.7326,3
1538339142888296858,0.8925333333333333,3
1538344560896371862,0.31942499999999996,4
1538348469534623850,-0.0772,1
1538348567898763158,0.6588,1
1538348734733433564,0.9432,1
1538364240822045783,0.0,2
1538364750678318255,0.0,2
1538381227097171227,-0.7218,2
1538395197237173657,0.30333333333333334,3
1538418323547957875,0.7177,1
1538422571260447171,0.8604499999999999,2
1538453778105569481,0.8519,1
1538456115145464844,0.9209,1
1538457574372807280,0.945,1
1538465532726572429,0.9573,1
1538525440027373750,0.6910000000000001,4
1538528524422306278,0.5859,1
1538562312561395377,0.91865,2
1538577331791460595,0.4511,2
1538635026047840024,0.8779,1
1538661094949661805,-0.26733333333333337,3
1538726616151250882,0.47965,2
1538845176792921017,0.30258333333333337,6
1538972370294074280,0.4404,1
1538976597623750257,0.7664333333333334,3
1539008588704256353,0.5814333333333334,3
1539043427161350915,0.9186,1
1539051112474046344,0.9447,1
1539055249096034509,0.0,1
1539093238776466562,0.9743,1
1539114126287367660,0.844575,4
1539116274883837208,0.5531,2
1539148354177706366,0.8625,1
1539170970675224447,0.8576,1
1539172156388426139,0.5813333333333334,3
1539190320585986082,0.6265999999999999,3
1539250513522129734,0.8694166666666666,6
1539254741053617907,0.7251,1
1539273896390977525,0.0,3
1539276984353519546,0.9949,1
1539285309248294015,0.9083,5
1539374464968358699,0.9548,1
1539760135539446632,0.9372499999999999,2
1539774231109030077,0.64205,2
1539805876752408571,0.98675,2
1539816664462518686,0.9276,1
1539818312252514805,0.87425,2
1539947642593348784,0.922,1
1539959933198669809,0.2023,1
1540008520628016069,0.9705,1
1540036093269802489,0.8302,1
1540105941768475914,-0.8545,2
1540139294274300020,0.0,1
1540392622686190841,-0.128,1
1540462116423712393,0.8856666666666667,3
1540472739310404335,0.8656,1
1540509886232116478,0.5596,2
1540516166034396396,-0.9761,1
1540536464213026799,0.8023,2
1540698446584652295,0.9857,1
1541162602148810193,0.0006333333333333376,3
1541175326730855006,-0.064,2
1541267390350904462,0.7571333333333333,3
1541291066550177329,0.9516,1
1541293184193351471,0.8309833333333333,6
1541299748466499358,0.624,1
1541319025080954578,0.3416,2
1541341559169908875,0.3399,2
1541360458747025853,0.0,1
1541365261445732213,0.921,2
1541383891328711976,0.9829,1
1541420455093502104,0.7658,2
1541525231974649478,0.8782000000000001,2
1541541051480521939,0.8343666666666666,3
1541811261300055424,0.8404,1
1541870711419749385,0.7927,1
1541887081951922410,0.765,1
1541887657449122056,0.0,1
1541896324667814665,0.4215,1
1541896331650039728,0.9237,1
1541919875950163003,0.97845,2
1541924236724031890,0.9517500000000001,2
1541940861107991959,0.9722,1
1541958262289204473,-0.872,1
1541986516206603268,0.6328,3
1542034522089878191,0.8268,1
1542049175917601855,0.6239,1
1542082881598516939,0.9110333333333333,3
1542083654242663181,0.31245,2
1542109256979417384,0.9134,1
1542261095602404318,0.836,1
1542278015668969632,0.0,1
1542351478987812187,0.9213,1
1542645955163626863,0.876,1
1542670228904931992,0.836,1
1542692828344668727,0.57125,2
1542700761214348076,0.7902999999999999,3
1542701080536930278,0.0,1
1542720562353399198,0.8979,1
1542737655535857106,0.9034,2
1542740686526160017,0.7783,1
1542742615550109407,0.975,1
1542753199684052386,0.8442,1
1542774538663914379,0.8663,1
1542815721953379556,0.51546,5
1542816102732858994,0.8335250000000001,4
1542818770287948626,0.0,1
1542836874459904980,0.9925,1
1542849855266455295,0.9259,1
1542960421079764872,0.9775,1
1542960555393128164,0.8296333333333333,3
1543068142193532032,0.7375,2
1543260514081430336,0.2714,1
1543271370636751408,0.6239,1
1543277699899835945,0.0,1
1543283398050578106,0.5411,1
1543318860944127265,-0.3595,1
1543380504163319559,0.8088500000000001,2
1543394491664316018,0.6369,1
1543438928726489196,0.78855,2
1543451229042871749,0.0,1
1543508154866346511,0.9402,1
1543529127378391881,0.9332,1
1543529249346650959,0.36634,5
1543547146078762182,0.5719,1
1543582156938474230,0.5719,1
1543589432047755334,0.4892666666666667,3
1543606366741327759,0.6124,1
1543609172869640976,0.2613666666666667,6
1543638914232346517,0.4439333333333333,3
1543640318068879362,0.8622,1
1543760183465610201,0.7845,1
1544067766971658913,0.9978,1
1544079356818351599,0.8938333333333333,6
1544128230380399627,0.0,1
1544162964990028580,0.4658333333333333,3
1544226114812367846,0.0,1
1544271375418042267,0.8932,1
1544362184014887480,0.5859,1
1544371870006335777,0.4559,1
1544499307492498481,0.796,1
1544755552674535433,0.510825,4
1544775988161438135,0.5374,2
1544799225682044245,0.28385000000000005,4
1544810076801861384,-0.4724,1
1544831881419252308,0.8716,1
1544850229974810078,0.38139999999999996,2
1544852358624415224,0.34,1
1544906973400002156,0.7003,1
1544935951707558378,0.88945,2
1544979345380817043,-0.148,2
1545013515288818307,0.9855,1
1545046541566114429,0.9808,1
1545053145221504991,0.8268,1
1545055652809249585,0.7783,1
1545133708910681023,0.8481,1
1545196142072224248,0.9496,1
1545221853463760250,0.6365500000000001,2
1545238960572103316,0.4905,2
1545442428846034326,0.23306666666666667,3
1545472325343029165,0.44245,2
1545535386406762562,0.893,1
1545589226178413785,0.581175,4
1545592308547165506,0.9593,1
1545714350958235615,0.6731166666666667,6
1545714751031049689,0.0,1
1545720941644692554,0.7178,1
1545728278342242027,0.9423,1
1545739890581543177,0.4703,1
1545759871691812267,0.8462,1
1545761978587087552,0.982,1
1545775284580717811,0.9509,1
1545804971291564437,0.0,1
1545808715100512959,0.42135,4
1545822186869054988,0.8221,1
1545850232799986398,0.9712,1
1545921019601258045,0.5832,2
1545967153687123356,0.8561666666666667,3
1546086806519601770,0.5994,1
1546252668060532624,0.8038333333333334,3
1546255716764525656,0.6588,1
1546263969487988317,0.0,1
1546299047990791016,0.69845,2
1546326787693488233,0.6364333333333333,3
1546332968951036938,0.9817,1
1546394321195624162,0.807,1
1546399565288731018,0.9062,1
1546421639284853985,0.7264,1
1546429557924159657,0.6079166666666667,6
1546445695420837892,0.0,2
1546460710110710344,0.031133333333333308,3
1546485576373361298,0.5719,1
1546487271977649460,0.8356,1
1546491103319542717,0.8570500000000001,2
1546493987793111999,0.512475,4
1546500879227727650,-0.9643,1
1546504464066381559,0.43125,2
1546578472994867976,0.8585,1
1546586652616192551,0.4063,2
1546632065407646647,0.8807,1
1546663098495616910,0.7439666666666667,6
1546916447035382253,0.6588,1
1546941748106503095,-0.2003,1
1546956855803764501,0.03865000000000002,2
1546963310629107310,0.7258,1
1546971417294957943,0.46855,2
1546977665224451107,0.5217499999999999,4
1546988727781366409,0.9401,1
1546988852447403497,0.9686,1
1546989211057763393,0.9118,1
1547004688224951528,0.4828,2
1547026339708482206,-0.29364999999999997,2
1547038120500182602,0.9161,1
1547084749539332563,0.891,1
1547092608191563155,0.6233,1
1547096256846191169,0.9059,1
1547099554094316077,0.966,1
1547141227479117890,0.40073333333333333,3
1547141424719568374,0.9808,1
1547171966310944967,0.0,1
1547199276332142429,-0.4854,1
1547204693824974932,0.9245,1
1547226834456780421,-0.128,1
1547261153125662543,0.9435,1
1547267657045609243,0.4524333333333333,3
1547278723618184254,0.41565,2
1547285589621986977,0.8402,1
1547375031845048046,0.8545,2
1547614261347231276,-0.954,1
1547623958034253880,0.8469,1
1547671602240860508,0.8439,1
1547694084964603536,0.8932,1
1547718725431511392,0.9924,1
1547719093682904467,0.8312666666666667,6
1547725921193165060,0.93475,2
1547728504759397910,-0.6876,1
1547736425587884001,0.9018999999999999,2
1547837497304942083,0.6288750000000001,4
1547838443625715139,0.0,2
1547846016583224095,0.9354,1
1547888463592711822,0.0,1
1547955227006329454,0.8016,1
1548013290848005819,0.9705,1
1548018460109547244,0.9715,2
1548076701851962950,0.9813,1
1548132409533382294,0.72256,5
1548187164970054219,0.329,3
1548204700508857653,0.9716,2
1548208894669587231,-0.8316,1
1548415296567507601,0.8598,2
1548431902971933255,0.8395,1
1548475892716542745,0.9654,1
1548499782507436828,0.9806,1
1548502477554034012,0.8445999999999999,3
1548512431720873250,-0.26525,2
1548537527745064594,0.9387,1
1548551456690101858,0.6943,2
1548557200864396532,0.8027,2
1548572783626085294,0.9392,1
1548591665111880941,-0.44955,2
1548606301975931345,0.7056,1
1548619114695292746,0.872,1
1548632580898789084,0.5932999999999999,2
1548687961728966176,0.87525,2
1548703141368366251,0.1984,1
1548750565753171586,0.2331,2
1548787038830859705,0.8221,1
1548791418733941640,0.855,1
1548799822625898868,0.636,1
1548808191990806237,0.7264,1
1548812860874243284,0.78625,4
1548838873963273149,0.8805,1
1548998887268862562,0.605225,4
1549137460211062039,0.0,1
1549156993628576092,0.9575,2
1549161909989851968,0.0,1
1549168638011432002,0.4904,2
1549192903589981839,0.9022,1
1549260752457699443,0.9151,1
1549318249489427959,0.9315,1
1549337244876458888,0.6249,1
1549742819314214315,0.9168,1
1549927131027043588,0.7425,1
1549938559077761935,0.8979,1
1549975279092610696,0.72375,2
1550022040826623082,0.9736,1
1550022582798201491,0.9124399999999999,5
1550041259441573722,0.794,2
1550125121780211929,0.35445,2
1550191074987705545,0.8828,1
1550195922064391515,0.944,1
1550196861485714166,0.1789,2
1550281316830204689,0.79975,4
1550296354401198678,0.85145,2
1550380747900482239,0.7333999999999999,3
1550384940345859669,0.9766,1
1550521244268849395,0.9913,1
1550573756080965770,0.60275,2
1550582790223628077,0.0,2
1550583480349266647,0.667625,4
1550605325364865069,0.0,1
1550610340287766125,0.6249,1
1550637201471490511,0.5913666666666667,3
1550746223002756939,0.8957,1
1550789845017640584,0.9087000000000001,2
1550791481462691349,0.8915000000000001,3
1550799959922397923,0.79765,2
1550809973317252329,0.7351,1
1550840980264746737,0.730925,4
1550843460992164862,0.6114,1
1550847045834993760,0.8856,1
1550851998330234853,0.4811875,8
1550882507200946639,0.27815,2
1550905369780287673,0.10115,2
1550931512834288800,0.7645,1
1550977101490950851,0.6033666666666666,3
1551077116963606695,0.8808,2
1551303695784010064,0.9509,1
1551337173228237262,0.23700000000000002,2
1551372654185180205,0.0,1
1551373464049526928,0.9652,1
1551407276308686564,0.67325,2
1551479471174052157,0.9707,1
1551481976774674641,0.8882,1
1551487237292048121,0.8479,1
1551503513516301025,0.6597,1
1551526808154783956,0.0,1
1551554485718877071,0.9785,1
1551588268884263046,0.006374999999999992,4
1551646451342130095,0.8316,1
1551693454310168513,0.5576,3
1551738205332184876,-0.9478,1
1551967176222884010,0.7425,1
1551971639238078074,0.38506666666666667,3
1551979627842523190,0.6249,1
1552032200488107417,0.0,1
1552059499981329788,0.9636,1
1552069510868842773,0.6032500000000001,2
1552074709200925330,0.7351,1
1552081058913386971,0.9582,1
1552107604800473805,0.0,1
1552118704518305212,0.5463,4
1552141912975367146,0.960575,4
1552149347928179718,0.8126,1
1552170762431501872,0.9758,1
1552175350205981799,0.9417,2
1552188435268700068,0.4404,1
1552189640875189133,0.932,1
1552212016188363748,0.50685,4
1552212772521862135,-0.5574,1
1552221693084636267,0.6497166666666666,6
1552231476332805121,0.9858,1
1552242102526743986,0.7223499999999999,4
1552278142861910686,0.9536,1
1552279062328653690,0.9134,1
1552284450268980346,0.3294,2
1552321554722120353,-0.16686666666666664,3
1552330941908347534,0.0,1
1552348427885065294,0.9322,1
1552380454087379423,0.1582333333333333,3
1552386171412041115,0.9025,1
1552392572357053786,0.9394,1
1552393855386178585,0.8011,1
1552427144962550317,0.5155,2
1552497077415073214,0.8126,1
1552688279385028407,0.9348666666666666,6
1552747309533647018,0.48445,2
1552763120358922708,0.8046,2
1552768330802433479,0.9122,2
1552788661358039089,0.6249,1
1552848645644421384,0.9696,1
1552867557376590854,0.61025,2
1552879096504319146,0.4927,1
1552884383419743172,0.8074,1
1552891352684167139,0.9393,1
1552895993655692615,0.7563500000000001,2
1552942674415798294,0.8264,1
1552949091048547970,0.0,1
1552977128579804093,0.5755600000000001,5
1552989426152107710,0.9493,1
1552997383972525739,0.6911499999999999,2
1553028867294078446,0.5267,1
1553031907089919909,0.944,1
1553050524126429640,-0.2514,3
1553067392276086062,0.9842,1
1553096398282051360,0.2612,7
1553096655313218765,0.9733,1
1553099236307087426,0.7202999999999999,2
1553113136732096943,0.9364,3
1553118051692339532,0.07555,2
1553127545554328633,0.64105,2
1553128310685544521,0.9322999999999999,2
1553150358117819622,0.6572666666666667,3
1553162980586751024,0.55415,2
1553203058179395328,0.5719,1
1553272479185960170,0.807,1
1553464744503062362,0.4404,1
1553475271361092583,0.8204,1
1553480044165180553,0.5719,1
1553544474940481202,0.9475,2
1553587091136216028,0.9674,1
1553599628007431688,0.8097666666666666,3
1553682096192458540,0.9856,2
1553686031905453346,0.22405,2
1553701136423508446,0.21350000000000002,2
1553725045927865780,0.9945,1
1553736500664145896,0.07124999999999998,2
1553799223117345610,0.9707,1
1553820517402068378,0.9012,2
1553835194253005112,0.9775,3
1553837563555785718,0.0,1
1553870577142580465,0.9832,1
1554184106263614370,0.9245,1
1554235635990010697,0.0,1
1554264880327583032,0.8676,1
1554282181879926838,0.7482000000000001,3
1554283938396347932,0.5081,1
1554385592974808171,0.2714,1
1554388749266099237,0.2082,2
1554431467664538771,0.9702,1
1554431851087037336,-0.2732,1
1554462282628053378,0.8176,1
1554488222714447451,0.45735,2
1554506093978725659,-0.03520000000000001,3
1554664880572814498,0.9813,1
1554701085152993979,0.01539999999999997,2
1554895944121141036,-0.5994,1
1554909821544008598,0.9678,1
1554970752643728874,0.4507,2
1554977732988995052,0.09915000000000002,4
1554984406056979970,0.9027000000000001,2
1555014132167291118,0.5765333333333333,6
1555014220377569269,0.6708666666666666,3
1555019426057900639,0.966,1
1555023342069234957,0.45995,2
1555079945754938981,0.8570500000000001,2
1555083721237808264,0.99465,2
1555087698278348281,0.49445,6
1555127726354565280,0.6924999999999999,2
1555145308193106095,0.0,1
1555148616013238498,0.63065,4
1555149881913620791,0.7945,1
1555151439098667274,-0.128,1
1555154919571241566,-0.06362499999999999,4
1555155384700807507,0.485575,4
1555173789644960776,-0.5256,1
1555224981864400936,0.94465,2
1555251115456345858,0.9931,1
1555302960347962381,0.7717,1
1555333426804296384,0.47015,2
1555403966186700508,0.556025,4
1555406707258069132,0.9121,3
1555497562198527081,0.0,1
1555612238750663295,0.37355000000000005,4
1555687849099580023,0.88505,2
1555713213433156527,0.5994,1
1555720757434615183,0.807,1
1555802941703808180,0.9497,1
1555867577581099208,0.4199,1
1555869651876994766,0.9803,1
1555968707393642841,0.6311,2
1555982434150223108,0.9698,2
1555983289457409920,0.39265,4
1556023125621083063,-0.1503,1
1556060352949008294,0.647,1
1556332731108522672,0.8852333333333333,3
1556353659209289883,0.20156666666666667,6
1556369651077280150,0.125425,4
1556428301418283218,0.945,1
1556449753736733455,-0.047150000000000025,2
1556451725555875827,-0.6808,1
1556458677040959117,0.3137666666666667,6
1556463011911719831,0.9544,1
1556467132017415248,0.0,2
1556470740377621088,0.5574,1
1556471678673351817,0.0,1
1556472227372408804,0.6249,1
1556473326365777201,0.31367500000000004,4
1556481001360708538,0.315625,4
1556522388968236823,0.9921,1
1556546898093813495,0.1591,2
1556567813136773028,0.29329999999999995,3
1556580806388920445,0.9839,1
1556583961535556104,0.968,1
1556588862748158141,0.8547,1
1556639360982867430,0.89495,2
1556665094640955283,0.48488,5
1556691577776646972,0.8313,1
1556712833521662820,0.9541999999999999,2
1556725272133202020,-0.8316,1
1556730898286613322,0.9195666666666668,3
1556757095015335480,0.3291,1
1556793146916261975,0.11333333333333334,3
1556822513625276377,0.5411,1
1557032218752094091,0.9061,1
1557107614783073005,0.9513,1
1557144891906101612,0.9239,3
1557146536910286552,0.8151,1
1557149973517441875,0.0,1
1557150802279808562,0.8287666666666667,3
1557161642530558382,0.9631,1
1557204913382884411,0.9773,1
1557224426656252352,0.48045,2
1557251102359956738,0.3182,1
1557256648878248735,0.5362333333333333,3
1557340646618509041,0.17020000000000002,3
1557352390037410910,0.8789,1
1557381513435292949,0.8462333333333333,3
1557382688892321472,0.5181,3
1557404049009267756,0.8951,1
1557411067379593677,0.91265,2
1557414750253963999,0.9762,1
1557455272475966400,0.8769,2
1557484689132631501,0.91215,2
1557526999702943101,0.85056,5
1557759473375294574,0.0,1
1557862705836275900,0.9387,1
1557882296749060307,0.9828,1
1557901588805557630,0.4928,2
1557924375759976714,0.9578,1
1557992204554148349,0.5719,1
1557995927167569636,0.5719,1
1558006513745310865,0.4003,1
1558015799024465950,0.5366,2
1558044287747911937,0.4754,1
1558050260496827360,0.82275,2
1558063970410192610,0.9521000000000001,3
1558080419260839073,0.9668,1
1558087940173723146,0.9586,1
1558128654577013170,0.9558,1
1558142146695188020,0.9594,1
1558289483804659859,0.96335,2
1558297713739770969,-0.8074,1
1558464799329654008,0.4215,1
1558509363295705673,0.0,1
1558577858259880846,0.0,1
1558614556776985078,0.0,1
1558621018687451041,0.0,1
1558627178659602236,0.8839,3
1558660190812982764,-0.431,1
1558667861013498171,-0.2891,1
1558669021479889515,0.9163,4
1558675819883067796,-0.0516,1
1558688420823594511,-0.7783,1
1558700685167043774,0.063,2
1558717082154477986,0.9244,1
1558738471641070991,0.9382,1
1558746073034329846,0.16825,2
1558877220463751152,0.0,1
1558900987395016541,0.9758,2
1558916534394685966,0.7119,10
1558922743032418333,0.0,1
1558945377488172492,0.5212333333333333,3
1558967815581683896,0.9853,1
1558979743678769089,0.128,1
1558991099691920437,0.7644,1
1559095986393609355,-0.9217,1
1559233073486686916,0.928,1
1559291815424890825,0.1513,1
1559301464351912583,0.8542000000000001,2
1559360239566466656,0.9792,1
1559381865118688287,0.9846,1
1559408599320239095,0.16240000000000004,2
1559416871801760711,0.1779,1
1559433305148045055,0.206525,4
1559470739309322320,0.9423,1
1559494658575905121,0.7191571428571429,7
1559513825369356919,0.19290000000000004,3
1559515611465802171,0.11086666666666667,3
1559516974472728797,0.9413,1
1559518283402247844,0.6858333333333334,3
1559519689137759980,0.8335333333333333,3
1559521495343245567,0.8534999999999999,2
1559523339668590779,0.8861,2
1559536404226406037,0.9749,1
1559571806841221184,0.865825,4
1559580633961894085,0.3982,2
1559784846359598428,0.13155,2
1559852243849154748,0.9896,1
1560003390009612035,0.0,1
1560028462406668613,0.9828,1
1560058831461311645,0.9238999999999999,4
1560062444911150242,0.9277500000000001,2
1560173451038254163,0.5994,1
1560174560058095124,0.7896,1
1560179822273483455,0.9648,1
1560181969005749902,0.9296,1
1560182308181994025,0.8979,1
1560244677520397987,0.923,1
1560273065641657700,0.7939,1
1560336549067545579,0.9696374999999999,8
1560349388659104566,0.8185,1
1560364740241582912,0.92,1
1560389679648279263,0.9355,1
1560436760982492452,-0.296,1
1560476095574074556,0.9682,1
1560515737702576543,0.81765,2
1560812881104307722,0.9625,1
1560845281037456907,0.8439,1
1560869867688851254,0.7034666666666666,3
1560883027965974112,0.9485,1
1560892530025068347,0.9737,1
1560922031027535005,0.7032,5
1560943883428578393,-0.6705,1
1560953503537402291,0.7252000000000001,2
1560957330134937735,0.6082666666666667,3
1560960703305560819,0.71625,2
1560969573520194365,0.6160833333333333,6
1560971280790078561,0.8131,3
1560972676632993876,0.8745499999999999,2
1560976095803844531,0.41312499999999996,4
1560980406493061788,0.6609,2
1560983004827515361,0.8777,1
1561034363830398684,0.95905,2
1561046321938246270,0.9839,1
1561052810226511493,0.9956,1
1561115314651457200,0.5994,1
1561153273578935834,0.009350000000000025,2
1561508985107546540,0.79365,2
1561529441495486670,0.9127,1
1561544215183170299,0.968,1
1561580603998188486,0.9371,1
1561651369771067785,0.4801,2
1561669000273980255,0.908,1
1561674321176076152,-0.90945,2
1561705834437965298,0.9883,1
1561719000433301793,0.8776,1
1561720722208603409,0.3708,2
1561750006709200509,0.7428666666666667,3
1561750783073786645,0.0,1
1561769955873706364,0.34,1
1561816384949510367,0.9918,1
1561831633497319936,0.8882,1
1561871186977527301,-0.0014333333333333604,3
1561872326596968026,0.2202,2
1561903290140742476,0.42560000000000003,4
1562038117430528894,0.29673333333333335,3
1562109644404963251,0.9503,2
1562116934734653399,0.9158,2
1562219582142122354,-0.044350000000000014,4
1562229207151191341,0.9426,2
1562349197943676910,0.5653400000000001,5
1562349672836056147,0.67235,4
1562368080871200668,-0.14394,5
1562375057119875160,0.20015,2
1562378753134990455,0.0,1
1562380820583589863,0.8433,1
1562387780031118025,0.8074,1
1562389623832975915,0.879,2
1562394091957576005,0.0366,1
1562417452986262462,0.5972,3
1562422884189810794,0.8531,2
1562425581794378812,0.20578333333333332,6
1562428856369159315,0.0,1
1562468398560748898,0.8948,1
1562468517013367812,0.70015,2
1562471937621362675,0.9055,1
1562473955497980486,0.8619,2
1562506791384530346,-0.15115,2
1562511295509242774,0.0,1
1562515785225337376,0.9727,1
1562518349376643939,0.0,1
1562531463873970953,0.5106,1
1562547915138366323,0.9543,1
1562606020712113284,0.8921333333333333,3
1562610242636963505,-0.4627,1
1562614785331777232,0.9557,1
1562617189567322572,0.3442,2
1562702477669312402,0.5980749999999999,4
1562898579921063631,0.8560000000000001,2
1562949918413920025,0.6249,1
1562988940053082864,0.024633333333333323,6
1562991880018804425,0.34,1
1562998174137741472,0.9585,1
1563041360189961269,0.346725,4
1563054414518859701,0.6892,2
1563057088768917228,0.9925,1
1563058071749194409,0.0,1
1563065631546334628,0.5568333333333334,3
1563074749375450994,-0.9136,1
1563097609430652526,0.2202,2
1563130806315709118,0.7985000000000001,3
1563189837185252742,0.9022666666666667,3
1563275459072763458,0.8777,1
1563297318935041565,0.26335,2
1563326359070545686,0.83765,2
1563338885712142247,0.4703,1
1563375065421598498,0.9881,1
1563396915187048655,0.06755000000000001,4
1563576248236895125,0.08228000000000002,5
1563758094283472428,0.48755,2
1563761415653328832,0.836,1
1563772470120864605,0.9038,1
1563779860820058260,0.8076333333333333,3
1563789107984406622,0.82685,4
1563812030127358722,0.4084,2
1563814746883279208,0.9601,1
1563840318743820458,0.92115,2
1563859302326325274,0.9792666666666667,3
1563863972098770897,0.7435499999999999,2
1563889948534525074,0.7712,1
1563921168736700503,0.4615,2
1563923691008928853,0.8756,2
1563927255786326029,0.939675,4
1563940140168268956,0.052549999999999986,2
1563973403600476268,0.5158333333333334,9
1564003500412061538,0.9099,1
1564039947618737706,0.9652,1
1564324093710389546,0.4945,2
1564343400832621069,0.8885,1
1564357577545373491,-0.08662500000000001,4
1564420217955571147,0.8324,1
1564480321251178809,-0.7783,1
1564505102619912669,0.75265,2
1564509927887043993,0.8979,1
1564562943237906962,0.0,1
1564572417548548955,0.7982,2
1564575883106294062,0.8316,1
1564604602893335313,0.9192,1
1564609789953407457,0.29263333333333336,3
1564731588936591407,0.46195,2
1565048458594527523,0.87185,2
1565078888151206384,-0.27115,2
1565097332981918326,0.8816333333333333,3
1565149650057071127,0.032799999999999996,2
1565161197039206499,0.2484,1
1565216901343797664,0.0,1
1565250605285852186,0.8316,1
1565421820586492085,0.4404,1
1565422337020163024,0.9588,1
1565456402448773726,0.1753,8
1565479385625453950,0.0,1
1565491870208184712,0.4243666666666666,3
1565509366365674758,0.49432,5
1565583301573541765,0.9621,1
1565751396338020795,0.07756666666666663,3
1565752052974957886,0.485,2
1565774767507518906,0.6283500000000001,6
1565982887005326818,0.96785,2
1565991365079571785,0.5994,1
1566029139953948218,0.7906,1
1566051485511813952,0.9081,1
1566052717777306609,0.8996,1
1566071751940768005,0.8946,2
1566098322833437437,0.945,3
1566113435132732981,0.04620000000000002,2
1566159620340320615,0.9274,1
1566192390713996805,0.29263333333333336,3
1566304242035084347,0.95105,2
1566471132248382396,0.7959,1
1566486716176885351,0.85785,2
1566590680522672945,-0.7003,1
1566593827437942319,0.21415,4
1566659629166449830,0.8478,1
1566711328188029658,0.9889,1
1566769064607932103,0.9547,3
1566828057400296536,0.61815,2
1566836005812635089,0.91,2
1566873142731468497,0.9928,1
1566926463749458407,-0.17615,4
1567141771806983375,0.5883,13
1567184248169785226,0.9001,1
1567301701756232254,0.0,1
1567317727567878185,0.9556,1
1567322182979162729,0.8126,1
1567331076636457336,0.1478,1
1567402839720182957,0.8316,1
1567407695500136956,0.9593,4
1567447488118665704,0.0,1
1567454035219049161,0.96625,2
1567475709322201017,0.9387500000000001,6
1567479156592664284,0.7579,1
1567496566299822657,0.8221,1
1567510784017924158,0.9210666666666668,3
1567546240092544949,0.4404,1
1567568005759905783,0.974,1
1567568739204436834,0.8119,1
1567584302647915409,-0.023400000000000032,2
1567596088682156452,0.765,1
1567596529157411484,0.6901,1
1567610541679108976,0.9744,1
1567616956947521115,0.9441,1
1567622313937749821,0.7334499999999999,8
1567626623290773948,0.9722,2
1567634013276246840,0.9637,1
1567829794488604103,0.296,1
1567991774278160823,0.3457666666666667,3
1568001017881493647,0.7338666666666667,3
1568004568821893500,0.9728,1
1568008471863242635,-0.9623,1
1568010090317854067,0.91885,4
1568013455648972299,0.626525,4
1568051862399255075,0.0,1
1568066299640211260,0.9883,1
1568124579907888369,0.45298,5
1568179179098084896,0.8378666666666668,3
1568186301700469315,0.8225,1
1568188751708421997,0.4215,1
1568191207935123602,0.9481,1
1568200742515484152,0.77188,5
1568208419550676430,-0.028500000000000025,2
1568211573012458843,0.7264,1
1568216974959451441,0.7105,6
1568296756688039817,0.9787,1
1568310778158891503,0.6249,1
1568332478221583604,0.42543333333333333,3
1568379154540078991,0.9872,1
1568380527226149660,0.0,1
1568741437402925751,0.63635,2
1568742720712410955,0.72465,4
1568797646760151757,0.9042,1
1568808216094734994,0.13830000000000003,2
1568811506021327616,0.3294,2
1568817513341745014,0.7643500000000001,2
1568831235506050987,0.297,4
1568833032772878109,0.774,2
1568837897944323741,0.6808,1
1568839135030182469,0.8979,1
1568851941204476171,0.9962,1
1568852955883644557,0.945,1
1568955068876935777,0.7983333333333333,3
1568959983981514366,0.9229499999999999,2
1568960747527362922,0.342825,4
1568971180757968485,0.0,1
1568983744185307035,0.743,1
1569001675274257582,0.4404,1
1569024208665809983,0.6496999999999999,2
1569040673712030374,0.4779,2
1569044010387251940,0.9912,1
1569045047889744439,0.6136,2
1569073768290779589,-0.636,1
1569077001721033754,0.9689000000000001,2
1569130309457774570,-0.03356666666666667,3
1569137384509634285,0.0,1
1569159265315398290,0.9782,1
1569164408219558617,0.9574,1
1569268522936868918,0.9331499999999999,4
1569466518172450311,0.0,1
1569473072176190694,0.3797,3
1569477380085023610,0.49215,2
1569486449007504809,0.4637,2
1569486978164689726,0.68215,2
1569512250385105691,0.34,1
1569529493578036276,0.8986,1
1569636490796969750,0.7867,2
1569658071401581541,0.10497999999999999,5
1569660752063166633,0.9658,1
1569672273622202271,0.729,5
1569689043458452775,0.85895,2
1569708670204327772,0.9403,1
1569713232737076448,0.10115,2
1569725115996938841,0.9802,1
1569729766515379672,-0.743,1
1569760574053166259,0.9733,1
1569776699953605225,0.6096,1
1569786932934333802,0.6705,1
1569941772410360761,0.0,1
1569998448278507207,0.9794,1
1570229565693300196,0.9856,1
1570265213287533955,0.9302,3
1570270835617115776,0.8204,1
1570279362748729057,0.8832,1
1570369150210303208,0.17853333333333335,3
1570387236912584343,0.47705,2
1570398686154122377,-0.2152666666666667,3
1570412767286936202,0.45095,2
1570460433369838750,0.5930142857142856,7
1570477686239308629,0.4826,2
1570860205437703946,0.9946,1
1570894922484788221,0.9639,1
1570919806700870703,0.97765,2
1570981986282767841,0.8425,1
1570991859895835632,0.9161,2
1571009763897468133,0.8813500000000001,2
1571011185675112691,0.711225,4
1571011606415563984,0.9459,1
1571026110966370684,0.1531,1
1571097570472962120,0.9400999999999999,2
1571129151982380910,0.3182,1
1571140944366095315,0.6748,2
1571177727671127191,0.0,1
1571210724401426932,0.4194,3
1571211479715675860,0.0,1
1571234578404327499,0.2187,3
1571309472311448741,0.0,1
1571434708350069861,0.862,1
1571549063719534722,-0.8316,1
1571600691689064213,0.6595,2
1571650609463304235,0.9712,1
1571674250535554150,0.23835,2
1571689844415509048,0.0,1
1571691617794532851,0.9856499999999999,2
1571692153679036707,0.6588,1
1571730579633867633,0.9514,1
1571738116332804571,0.9431,1
1571742612939482624,0.9294,1
1571748980165488332,0.9516,1
1571753540305007637,0.6418333333333334,6
1571759647237994758,0.986,1
1571870228118216102,0.8357,1
1571875972997185346,0.9663,1
1571880802800396188,0.0,1
1571887359586448891,0.85145,2
1571897059196144831,0.9745999999999999,2
1571968703851637709,0.8748,1
1571985739209925572,0.71655,4
1572034016257272075,-0.6002,1
1572293686947277446,0.8409000000000001,5
1572344216613561212,0.93475,2
1572351080219645276,0.8439,1
1572381392373445765,0.0,1
1572431418045862665,0.6249,1
1572436909502561524,0.9346,1
1572487522259359132,0.9208,1
1572527706318546326,0.8336,2
1572544498575336196,0.49135,2
1572550603539122270,0.355,1
1572550671592579846,0.675375,4
1572584996458166544,-0.4931,2
1572620388790483937,0.25658749999999997,8
1572626923925751293,0.1806,2
1572669477971624357,0.32156666666666667,3
1572700096277271350,0.80655,2
1572731995890305763,0.5859,1
1572898856647745767,0.743,1
1572924900526902253,0.9742,1
1573115720797851384,0.11345999999999998,5
1573129063994505508,0.28372,5
1573146129721961878,0.8399,1
1573168288102248510,0.8555,1
1573193736051912772,0.9368000000000001,2
1573233715650431295,0.9768,1
1573244241033069124,0.9517,1
1573246605317863928,0.25156666666666666,3
1573261458795119937,0.6249,1
1573264940689019274,0.5822666666666666,3
1573330556662244259,-0.1989,1
1573332061367050215,0.0,1
1573351318071106500,0.9836,1
1573368665243363082,0.31245,2
1573370122578148248,0.9868,1
1573429069834723386,0.8442,1
1573443297607625218,0.9889,1
1573450015568451172,-0.8549,1
1573474018551821403,0.7973,5
1573563759507399319,0.32985,2
1573800916537798945,0.945,1
1573846778852339637,0.9168499999999999,2
1573871545608180144,0.9575,1
1573884707761670298,0.8637999999999999,2
1573896755905740878,-0.56995,2
1573897834075917793,0.9351,1
1573901074326184660,0.62625,2
1573923951615864402,-0.3011,1
1573967097410816780,0.6249,1
1573996448599434811,0.8485999999999999,3
1573998189771000404,0.0,1
1574096510243273203,0.7906,1
1574130309268166632,0.590525,4
1574188333601277611,0.9352,1
1574577899046000407,0.25,1
1574710475540591399,0.12227999999999999,5
1574736459587761699,-0.5267,1
1574839031789780876,0.20523333333333335,3
1574861908666138287,0.8442,1
1574959358742931284,0.646,2
1575097164772353015,0.7841,1
1575172369269751590,0.5719,1
1575222507845471811,0.9609,1
1575230092142192333,0.0,1
1575232972526007532,0.9292,1
1575273616062981690,0.9239,1
1575355274204233419,0.886,1
1575370696369709771,0.6563,3
1575377743592574480,0.2787,2
1575381714327070447,0.6064666666666666,3
1575388547458324607,0.9758,1
1575438555849963655,0.4716,2
1575451555810303774,0.0,1
1575454722263032664,0.5994,1
1575488363332320544,0.19063333333333332,3
1575512780046458773,0.5106,1
1575525388410714775,0.4588,1
1575536712872565879,0.0,1
1575628197141226849,0.5719,1
1575640947364055168,0.7646,4
1575950119788355886,0.50615,2
1575951878802286984,0.9638,2
1576006728500128743,0.64185,2
1576018197196040203,0.7906,1
1576024796228935961,0.8901,1
1576033506063016764,0.7003,1
1576036804318468149,0.0,1
1576039952361235050,0.454,2
1576043471652877762,0.636,1
1576098941509322784,0.7282500000000001,2
1576212138351831462,0.9316333333333334,3
1576259994204512242,0.765,1
1576440018802902517,0.9216,1
1576565282236600908,0.4754,1
1576698689026365955,0.9042,1
1576702828781517151,0.7726,2
1576718056700653436,0.68,1
1576752934793178324,0.0,1
1576774025708539060,0.624,2
1576780029935684603,0.9565,1
1576802380420474789,0.0,1
1576851926417847127,0.9924,1
1576885099549427849,0.5155,4
1576886676219000642,0.9728,1
1576924343667010300,0.9856,1
1576975673296541221,0.65585,2
1576993282129984162,0.7356,2
1577109703252771706,0.9918,1
1577167580607151566,0.9706,3
1577373600703408696,0.74265,2
1577453805645669068,0.3612,1
1577488682946671522,0.8271,1
1577505680430999541,0.8969,2
1577557351068456314,0.4826,2
1577564801777950987,0.9348,1
1577573798906914310,0.8176,1
1577574573343093181,0.7956,1
1577582705915581021,0.1691,2
1577617954949960996,0.5886,3
1577633201778145138,0.8732,2
1577805728825946407,0.9098,1
1577853450011372568,0.8225,1
1577907404086495748,0.8190833333333334,6
1578100819587562217,0.937,2
1578118756361947278,0.0,1
1578142120137615736,0.93665,2
1578164766320196172,0.6998500000000001,2
1578164845264026485,0.8066,1
1578196751365006197,0.7177,1
1578246556920790526,0.9746,1
1578246938232455542,0.5283,3
1578264271273545384,0.6249,1
1578284466477249466,0.49495,2
1578309273081535153,0.9382,1
1578321587702212551,0.836,1
1578354080549328589,0.2751166666666667,6
1578434939730629161,0.7365,3
1578442685680825626,0.3031,3
1578525990678604590,0.8834,1
1578534103854622218,0.9735,1
1578536411456557454,0.28235,2
1578566450881252634,0.8368500000000001,2
1578812271233686222,0.9601,1
1578824490542465036,0.5483666666666667,3
1578854314099379601,0.46035,2
1578876307874315138,0.95245,2
1578966035389021031,0.7863,2
1578967845362903941,0.36725,2
1578968915945128377,0.541275,4
1578970195243972205,0.9824,1
1578971251598843752,0.463875,4
1578972435793946221,0.7133499999999999,2
1578975551078774354,0.8516,1
1578977495499655712,0.38956,5
1578990834578319022,0.90665,2
1579013781430953649,0.7773,1
1579020140566687287,0.861,1
1579049288814961888,0.82575,2
1579056756460044419,0.9821,1
1579060600449255981,0.5719,1
1579088064202682689,-0.5487,1
1579113408949921378,0.9585,1
1579122060996361157,0.0,1
1579149529476796636,0.8024999999999999,3
1579155899120537575,0.9836,1
1579162611895827377,0.5507,2
1579258507616766403,0.11315,2
1579314950381728899,-0.8316,1
1579327630527065582,0.6517,3
1579337956159145898,0.4404,1
1579379475890990580,0.8350666666666667,3
1579396591321079901,0.88375,2
1579444795301092901,0.9743,1
1579559650915579724,0.7416,1
1579563512691268087,0.515825,12
1579601632684969022,0.7774,2
1579603525715500749,0.90345,2
1579607312929301772,0.4967,2
1579622402539937295,0.8268,1
1579630210991802561,0.021049999999999985,4
1579644469996716469,0.7047555555555556,9
1579644613729750773,0.9787333333333333,3
1579646947370767449,-0.9485,1
1579652247333998220,0.73364,5
1579663789359625186,0.96835,2
1579663946831165275,0.5983,1
1579677800998557400,0.793725,4
1579694009837150335,0.8210333333333333,3
1579719691863278700,0.7645,1
1579745901969807404,0.9976,1
1579796164662529065,0.52416,5
1579818021411190189,0.9557,1
1579872382675488740,0.39175,2
1579915499002151949,0.5287333333333334,3
1579958242358386366,0.96445,2
1580017744859121918,0.4888,2
1580288326672158442,0.6249,1
1580317367586044201,0.9401,1
1580411373348943897,0.9199,1
1580424441515684407,0.9707666666666667,3
1580426050316540383,0.9828,1
1580428310665709205,0.9562,1
1580469293396561063,0.6981,1
1580695776434414959,0.59365,2
1580715899564235719,0.5719,2
1580730523202094485,0.91325,2
1580833414505525031,0.9488,1
1580961080519349603,0.25,1
1581002590288407820,0.89465,2
1581010553201630858,0.9852,1
1581121543121662096,0.6588,1
1581134588856876641,0.961,1
1581185852034021223,0.4404,1
1581227523751859854,0.01984999999999998,2
1581261500963471417,0.6124,1
1581267354855583857,0.9812,1
1581354462479328618,0.91785,2
1581364421406978955,0.5608666666666666,3
1581373969279092684,0.45305,2
1581378239177447213,0.8481,1
1581398065550150567,0.0,1
1581500959533726829,0.9810666666666666,3
1581534123983913122,0.31753333333333333,3
1581768205103942362,0.8581,1
1581768555190262746,-0.5574,1
1581769202645110077,0.8011,1
1581770733855514549,0.0,1
1581810210078394300,0.4856,2
1581872427558930908,0.5497833333333334,6
1581891078445073270,0.7351,1
1581917147624718802,0.4856,2
1581927944760530949,0.24635,2
1581947483247072168,0.495,2
1581975992178460534,-0.064,2
1582034489264645528,0.81326,5
1582125798899510966,0.8169,1
1582137932896044886,0.9056,1
1582141081490231612,-0.7783,1
1582149839454490339,0.8452999999999999,2
1582176581391223745,0.7906,1
1582220721179892979,-0.8837,1
1582497369088707164,0.43935,4
1582506625194153643,0.891,1
1582516426924562028,0.5990666666666667,3
1582518725914400627,-0.3164,1
1582519242714359137,0.6267,2
1582560140114005832,0.5298499999999999,2
1582567542182422408,0.447975,4
1582591089007420634,0.7096,1
1582595428559174094,0.9838,1
1582600846456737788,0.7117,10
1582601532403302479,-0.255,2
1582621091406307131,0.7929999999999999,2
1582625755214776481,0.556175,4
1582636662639896555,-0.06745000000000001,2
1582671291545571406,0.636,1
1582684546186164701,0.7516499999999999,2
1582698892408855029,0.0,1
1582708028053512947,0.2202,2
1582709211479261202,0.9674333333333333,3
1582714475409647612,0.42775,2
1582716228217114099,0.28745,2
1582716600864769160,0.9638,1
1582779866502032428,0.6114,1
1582814250590748781,0.1298,1
1582830452552429573,0.9338,1
1583002299147641364,0.9153,1
1583177057579101326,0.8942000000000001,2
1583185969722460721,0.26289999999999997,3
1583210661765874325,0.9343,1
1583222448784608851,0.3612,1
1583254033692587917,0.0,1
1583267467165954917,0.9934,1
1583282056423652462,0.6697,1
1583297887600721176,0.3651,5
1583319070149714904,0.47614999999999996,2
1583319553504219138,0.528025,4
1583327906947875217,-0.7003,1
1583340343089200653,-0.07485000000000003,2
1583341202103161918,0.7783,1
1583341562979285718,0.9305,1
1583342475095821861,0.34,1
1583344922663214260,0.7316,1
1583346409053472531,0.9032,1
1583354704707959269,0.9757,1
1583357360705250802,-0.296,1
1583361122871651702,0.765,1
1583362361861464509,0.5423,1
1583364053859226238,0.71875,2
1583364235743461159,0.7579,1
1583367976560135697,0.59455,2
1583402118072492379,0.92645,2
1583402552766167859,0.9008499999999999,2
1583411285544604447,0.9377,3
1583428145142861335,0.488,2
1583439864535941939,0.9128499999999999,2
1583602853921406685,0.0,3
1583672612863662771,0.89915,2
1583837872379072572,0.45335000000000003,4
1583999500195235914,-0.9451,1
1584000343988170577,0.7304,1
1584017121377612983,0.5574,1
1584079051908566339,0.45042,5
1584111572053075308,0.9189499999999999,2
1584139352916082436,0.977,2
1584199502644498300,0.25061999999999995,5
1584222441858885656,0.30905000000000005,2
1584848396203451114,0.4384,4
1584891660043901364,0.9300999999999999,2
1584902019999342909,-0.5837,1
1584908174899324417,0.6249,1
1584953493936473914,0.350825,4
1584961555247458151,0.5994333333333334,3
1585007174819603641,0.681825,4
1585023668011512625,0.9369,1
1585048593414796384,0.9209666666666667,3
1585259587299710924,0.9689,1
1585459741760238060,0.59325,2
1585487160019808420,0.7184,1
1585519258494566289,0.9227000000000001,2
1585549055887146903,0.44483333333333336,3
1585572119235022272,0.6239,1
1585655910993653839,0.2456,2
1585674463226697509,0.5106,1
1585724878320014935,0.6808,1
1585733322136180840,0.8737,1
1585747141075273908,-0.9454,1
1585776615206343430,0.4199,1
1585813450605860420,0.9527,1
1585841342633142867,0.4201,1
1585963132158085167,0.51678,5
1586231891058260810,0.9118,1
1586258446143596516,0.43826666666666664,6
1586260651199104320,0.31373333333333336,3
1586263161002434112,0.6983,2
1586295657586415047,0.9147,1
1586359041938331280,0.932,3
1586406431344147438,0.61995,2
1586494127709130534,0.7291000000000001,2
1586552448622957355,0.7269,1
1586579594557202937,0.7645,1
1586758738566724799,-0.07784999999999997,2
1586847539408138688,0.0,1
1586885086113600658,0.9898,1
1587007024960667853,-0.4158,2
1587018259150974222,0.9768,1
1587075181798045359,0.4727,2
1587122250676989204,0.7604500000000001,2
1587125129025259498,0.7645,1
1587171072446806784,0.874,2
1587218160832709960,0.9792,1
1587290956231310709,0.8996,1
1587341971449144232,0.4404,1
1587576514709814818,0.5719,1
1587686142328960090,0.87045,2
1587691837841226320,0.93855,2
1587692340411812851,0.05049999999999999,2
1587712910579080822,-0.9485,1
1587746585628123708,0.7964,1
1587798149787606182,0.98,1
1587942216086035419,0.9796,1
1587948477170502127,0.9709,1
1588003818218192164,0.7964,1
1588013659669417978,0.8074,1
1588123510175109167,0.22212,5
1588278188270758656,0.5499,3
1588312470163203196,0.13780000000000003,2
1588439248552365607,0.891,1
1588465644064463643,0.7184,1
1588531701164919112,0.8869,2
1589107487365274066,0.9317500000000001,2
1589111971522472586,0.4215,1
1589179247916331674,0.8519,1
1589191090833213645,0.8588,1
1589222478143725786,0.7096,1
1589376337598235423,0.0,1
1589386655934540459,0.9041,1
1589430806260089145,0.42245,2
1589444308760571311,0.9895,1
1589797323952304633,0.8979,1
1589832615284174100,0.9664,1
1589832755620454170,0.7841,1
1589844547741988416,0.03949999999999998,3
1589861647906501447,0.9412,1
1589883508980462766,0.6050666666666666,3
1589908627948381916,0.9565,1
1589968662267651550,0.8183,2
1589974413871175503,0.2732,1
1590060400220803132,0.9297,2
1590205884477721445,0.5244,1
1590441594254946247,0.8271,1
1590448911650113550,0.9922,1
1590452398650940519,0.6808,1
1590539366064062333,0.987,2
1590884686141484036,0.969,1
1591012338988374375,0.5859,1
1591291014455993911,0.7964,1
1591370007656296961,0.9397,1
1591475143719430495,0.89375,2
1591903626710662503,0.875,1
1591923306427102075,0.9612,1
1591934695534158554,0.6861999999999999,2
1591970078174864457,-0.296,1
1591989176992444880,0.32593333333333335,3
1592035039612851789,0.552025,4
1592055137732286067,0.9954,1
1592055658624360447,0.8703,2
1592080452020969784,0.3155,2
1592080644200472365,0.5736,4
1592110825910606857,0.9098,1
1592239130375372544,0.0,1
1592247675837457498,0.8749,2
1592354995472126823,0.7859,2
1592628105562257240,0.84805,2
1592660975424165782,0.765,1
1592676113890494627,0.9061,1
1592681096295533824,0.781,2
1592718461896499310,0.0,1
1592768491158550484,0.786,2
1592795800262453633,0.9602999999999999,2
1592824307014133032,0.8516,1
1592842665627978503,0.54,1
1592846551839796925,0.0,2
1592861982799419385,0.5859,1
1592862087520792320,0.8402000000000001,2
1592864140757499544,0.71912,5
1592866671822554535,0.885,1
1592871292914701528,0.9209,1
1592873603969930596,0.29595,4
1593019631521154499,0.31245,2
1593197025036477521,0.4035,2
1593393698933443527,0.3612,1
1593406231216488505,0.29245,2
1593438619866181520,0.7726999999999999,2
1593453613815885784,0.3612,1
1593504853923067553,0.95,1
1593604808784237153,0.9876,1
1593618045066623526,0.8837,1
1593623123023225666,0.93,1
1593669411804517032,0.0,1
1593670567480371609,0.2817,4
1593708543537604771,-0.9442,1
1593803519724963605,0.9515,1
1594112816604904742,0.4404,1
1594154333530293473,0.2023,1
1594165447907732940,0.5647,1
1594179587317653364,0.9485,1
1594189942658114362,0.88175,2
1594213492080579630,0.9182,2
1594252344698261886,0.8934,1
1594257568619055069,0.570275,4
1594260286245160717,0.7096,1
1594296559270751102,0.5574,1
1594493395068803838,0.9284666666666667,3
1594783351956500322,0.9654,1
1594789822542517736,0.987,1
1594938461550474570,0.0,1
1594946096294643656,0.976,1
1594968495673594927,0.8603,1
1594977973590606082,0.8834,1
1594979653366258778,-0.1635,2
1594983863883749478,0.3825,2
1595008004907349756,0.76675,2
1595045778670429116,0.9344,1
1595054221838603917,-0.15609999999999996,2
1595091794629246983,0.9022,1
1595130229825609344,0.802,1
1595158662839745668,0.31195,2
1595190940272351950,0.8185,1
1595552821051299477,0.7882000000000001,3
1595558376428423455,0.6486,1
1595562796241429902,0.2202,2
1595607140983855596,0.90635,2
1595613237427991150,0.976,1
1595623251234069991,0.96555,2
1595633303184208389,0.4849666666666667,3
1595642162974425086,0.44995,2
1595658649714070780,0.8786666666666667,3
1595708970869471514,0.523425,4
1595723267315504430,-0.2537,1
1595770269129812666,0.4771,2
1595771138358887700,0.0,1
1595850994254525193,-0.2003,1
1595971922892412566,0.7773,1
1596165415237408326,-0.1471,2
1596218178061265432,0.6249,1
1596220690348206702,0.9861,1
1596299920608376954,0.011799999999999977,2
1596423544331727306,0.9551,1
1596539195418115936,0.4215,1
1596561008266101205,0.9883,1
1596948098550699648,0.431,1
1596997485631134245,-0.9136,1
1597024540780649112,0.8402,1
1597069799148379445,0.0,1
1597090020160039181,0.5856333333333333,3
1597154886548297798,0.7113666666666667,3
1597328270581416979,0.31245,2
1597332107659823972,0.7906,1
1597368650312116399,0.5462333333333333,3
1597388096133495352,0.7351,1
1597428300996491848,0.6369,1
1597654389288435200,0.45985,4
1597735466566071370,0.0,1
1597737389707213563,0.8439,1
1597739272304365174,0.7774,1
1597765325647889816,0.9183,1
1597775443523455829,0.8817,1
1597805009537963780,0.9719,1
1597848905029367511,0.8931666666666667,3
1597974561513224223,0.9232333333333332,3
1598046445636181910,0.659,1
1598495339091525792,0.8555,1
1598528121179964023,0.8518,2
1598541356584325549,0.63635,4
1598588327559113265,0.807,1
1598597809664951369,0.9184,2
1598599581828071018,0.85835,2
1598652040196554200,-0.4392,2
1598722159188812868,0.5527333333333333,3
1598767194195386480,0.8953249999999999,4
1598789087021850885,0.9421,1
1598825184467658236,0.7343999999999999,2
1598864935695443162,0.9325,1
1599133199704246338,0.9661,1
1599161571561201877,-0.7603,1
1599185566676902213,0.9617,1
1599207408820985519,-0.03939999999999999,2
1599207935139777546,0.7943,1
1599217265044608007,0.0,1
1599282567312185318,0.35885,2
1599293403725174191,0.9619,1
1599296193159085513,-0.9371,1
1599297562631370445,0.49387500000000006,4
1599307545085403562,-0.28374999999999995,2
1599317002710365458,0.75545,2
1599467954049971108,0.9658,1
1599600125189053584,0.8622,1
1599902236677668858,0.8934,1
1599907282922956911,0.9534,1
1599912695344796037,0.9152,1
1599923777720919940,0.296,1
1599961578599849377,0.7579,1
1599975150527636154,0.4735,1
1599975345490230828,0.96045,2
1599977111738176110,0.76695,2
1599999559812004118,0.8793,1
1600018779103192894,0.8999,1
1600021166422125703,0.9422,1
1600022801203981373,0.9344,1
1600029875892004235,-0.20525,2
1600036668942420722,0.9581999999999999,2
1600070079850740499,0.632875,4
1600081066807815360,0.8742,1
1600085287488095293,0.001300000000000005,3
1600099023983298637,0.4019,1
1600102099873020065,0.875,1
1600109871909021164,0.9096,1
1600119677181118323,0.9674,1
1600141135308373859,-0.4101,1
1600166466720761506,0.3953,2
1600566757104338540,0.836,1
1600654247297301612,0.861,5
1600668045679737233,0.2083,3
1600703207735453587,0.8508,2
1600715636928478851,-0.9485,1
1600761333521132628,0.8692666666666667,3
1600802283277472665,0.9915,1
1600805814773248870,0.430525,4
1600846097582725508,0.5719,1
1600859929964503507,0.5446500000000001,2
1600869625561043511,0.923,1
1600883666499123831,0.8658,1
1600900497589501744,0.9467,1
1600924703042128053,0.4192,2
1600935317559995343,0.965,1
1601004069792835080,0.33999999999999997,4
1601038947300832664,0.5719,1
1601059697439388146,0.4754,1
1601320220734077190,0.91835,2
1601391129996311217,0.90825,2
1601394609328754948,0.9313,1
1601456443840017632,0.9654,2
1601471052338362244,0.886,1
1601587248310457770,0.9808,1
1601665453600878147,-0.7783,1
1601799602068486940,0.175325,4
1602024232122277787,0.90995,2
1602113084823252606,0.9595,1
1602116762939273011,-0.7992,1
1602142141079532941,0.8481,1
1602185960966778508,0.1409,3
1602188177524551616,0.0,1
1602192279001254091,0.80865,2
1602241748367779905,0.9458,1
1602268423101547289,0.8923,1
1602328605006816832,0.9959,1
1602389998628890089,0.42825,2
1602417800983944588,0.9896,1
1602430095437825329,0.7717,1
1602441902808668970,0.8573500000000001,2
1602479131258841904,0.5574,1
1602772156813186766,0.87635,2
1602783789584435775,0.9732,1
1602844175371842469,0.6543,2
1602852563472223583,0.0,1
1602854152316567213,0.5411,1
1602856163323182707,-0.11649999999999999,4
1602871116322295413,0.47425,2
1602877808224376211,0.0,1
1602907479690824587,0.1272,1
1602923028221803869,0.0,1
1602966579143707865,0.4134,2
1603002980448194382,0.9042,1
1603034198325066765,0.09556666666666667,3
1603105637136772628,0.9898,1
1603127958589156250,0.9493,1
1603131496037866500,0.9456333333333333,3
1603478712403830994,0.8906000000000001,3
1603496841117193305,-0.17975,2
1603496866537155333,0.833175,4
1603514041813720505,-0.9403,1
1603529023993252578,-0.3612,1
1603553016952986412,0.89835,2
1603573268187179863,0.0692,3
1603586193521234130,0.4199,1
1603599327718552959,0.9042,1
1603601075089541871,0.0,1
1603626104463144535,0.8718,1
1603633827748683953,0.014249999999999985,2
1603694194433004071,0.0,2
1603702582169485762,0.3612,1
1603704877379679842,0.851,1
1603721814357628318,0.7906,1
1604166170970758824,0.8290500000000001,2
1604224357697683970,0.6684625,8
1604240498215945383,0.6908,1
1604271217560771217,0.49505,2
1604280853970848927,0.545675,4
1604281594184237561,0.9697,1
1604395836110248957,0.8214,3
1604447506910488880,0.7684,1
1604513164557328744,0.9824,1
1604609559041548771,0.9716,1
1604632137998424400,0.9152,1
1604658050988701657,0.9159,1
1604663304944547726,0.661875,4
1604678765781707297,0.5326500000000001,2
1604680572171159469,0.0,1
1604692707757121115,0.5286666666666666,3
1604705490001958092,0.6705,1
1604854372552748070,0.93635,2
1604912719445459272,0.0,1
1604935466095342195,-0.07655,2
1604957616752327903,0.8625,1
1604963763492245133,0.2942,1
1604966140724597200,0.4043,1
1604969695809771739,0.9755,1
1604972350613771012,0.6996,1
1604974990316396422,0.0,1
1604992040789312770,0.92195,2
1605022638317294693,0.9078666666666667,3
1605035273583236763,0.48875,2
1605037040635566503,-0.838,1
1605061750648521305,0.43283333333333335,3
1605062991591955197,-0.10203333333333332,3
1605070979090306696,0.9304,1
1605081705698592847,0.0,1
1605142213984645793,0.7178,1
1605146994283969979,0.0,1
1605164415481336952,0.9652,1
1605212200920323288,0.0,1
1605286996483777669,0.48225,2
1605307337871446957,0.34,1
1605329170505821648,0.8235333333333333,3
1605651221454914407,0.9714,1
1605699618199817679,0.4574,1
1605721759939396043,0.5557,2
1605734801464938851,0.9467000000000001,2
1605743222068045290,0.9414,1
1605758629467281692,0.8402,1
1605781540160286283,0.8271,1
1605813962921027148,0.9790000000000001,2
1605830408555519068,0.9481,1
1605857262646355012,0.7776666666666667,3
1605865826636778153,-0.296,1
1605872719024445318,0.0,1
1605882649442425477,0.9571,1
1605892854822897921,0.9633,1
1605949956273044945,0.944,1
1605968376600020887,0.872675,4
1605981253361993575,0.23920000000000002,2
1605983799469780993,0.6361,1
1606007174673819832,-0.4574,1
1606030338449324656,0.9866,1
1606065196558044606,0.05770000000000003,2
1606112160333193293,0.0,1
1606177145264139317,0.7253,1
1606444518741202896,0.52448,5
1606444943535675419,0.9668,1
1606473835241938676,0.0,1
1606493307418465695,0.9748,1
1606525422062472966,0.9714,1
1606609741138671392,0.9107000000000001,4
1606642316257267533,0.6972499999999999,2
1606684583084063193,0.0,1
1606697150606591432,0.9001,1
1606701030211586963,0.743,1
1606796412179742250,-0.9241,1
1606796809891422794,0.0,1
1606804197671022696,0.9647,1
1606809336332937134,0.9423,1
1606953225615284595,0.9571,1
1607066034841291436,0.4404,1
1607105116730548374,0.16862000000000002,5
1607155792606628029,0.8591,1
1607185239162197827,0.9927,1
1607192212766708163,0.9695,1
1607221511064200748,0.28626666666666667,3
1607240424373791960,0.668925,4
1607244009384558431,0.9644,1
1607247200379785471,0.4215,1
1607253269906950239,-0.3454,2
1607260559158685224,0.9965,1
1607267762287630236,0.26055000000000006,2
1607276057786212987,0.8481,1
1607341235809140595,0.23846666666666663,3
1607350471805181488,0.9377,1
1607475802403123905,0.5859,2
1607476555858176987,0.97105,2
1607497312826938402,0.9185000000000001,2
1607522824663184759,0.12849999999999995,2
1607535521995055795,-0.30625,4
1607562732407589620,0.9382,1
1607567320850301995,0.7778,1
1607854901443716403,0.9575,1
1607859614765795301,0.4571666666666667,3
1607951357849812405,0.8442,1
1608042303904410740,0.8157,1
1608049084088172434,0.09105000000000002,2
1608051856779054603,0.6369,1
1608070041211998955,0.0,1
1608083670624737269,0.7078333333333333,3
1608122733153227194,-0.296,1
1608140691469984820,0.9232,1
1608178449395430835,0.9403,1
1608239384965000341,0.27975000000000005,2
1608584830813556330,0.7590333333333333,3
1608631881463125033,0.9170499999999999,2
1608724506453874090,0.454,2
1608725002333877042,0.0,1
1608729584455476387,0.5721333333333333,3
1608739706030383026,0.33966,5
1608743116229519930,0.5204333333333333,3
1608749726500143845,0.9014,2
1608782578516590597,0.9598,2
1608800845724922930,0.9148000000000001,2
1608805356680200783,0.39775,2
1608899442410578258,0.7603500000000001,2
1608918120546401319,0.9589,1
1608936815794272134,0.378575,4
1608985995247158702,0.9605,1
1608993912100404563,0.0,1
1608998216507694943,0.156225,4
1609008534968486730,0.6414666666666667,3
1609011389600521524,0.9086,3
1609023846827621627,0.0,2
1609370685972419611,0.9694,1
1609379206206955899,0.7956000000000001,2
1609445252922279762,0.0,1
1609460419497428816,0.802,1
1609468020138762490,0.9569,1
1609478020549506346,0.3827,1
1609481357541147805,0.9225,2
1609483556960560597,0.5841666666666666,3
1609495979261061595,-0.17975,2
1609502175464986282,0.9037999999999999,2
1609523145135028029,0.9603,1
1609561247576146046,0.36005,2
1609573711483492074,-0.5574,1
1609576594808363086,0.8858,1
1609579136400044150,0.0,1
1609583077933566100,0.43590000000000007,2
1609583921521554088,0.0,2
1609585066781604771,0.9246,1
1609587679324700916,0.6808,1
1609598340470609601,0.8934,1
1609599146383700650,0.3951,2
1610035181276532876,0.46155,2
1610205151885886636,0.765,1
1610213887750762667,0.742,1
1610257201692691326,0.5691333333333334,3
1610257600037577367,0.6301333333333333,3
1610273884858093288,0.7939666666666666,3
1610279036410431899,0.7117,2
1610295683908685271,0.8472,7
1610433250036687524,0.74118,5
1610486862956096758,0.95415,2
1610640705952812119,0.8776,1
1610764178237463369,0.7501,1
1610799595612961886,0.0,1
1610895438221056603,0.6416333333333334,3
1610916566017374916,0.7841,1
1610985884412153660,-0.128,1
1611041940714716070,0.0,1
1611222830296897881,0.9694,1
1611363433657765374,0.0,1
1611437681086622008,0.8455,1
1611508640190703656,-0.26335,2
1611526620429355008,0.90105,4
1611569460531679533,0.6789999999999999,3
1611569873463204728,0.982,1
1611574107015118009,0.9423,1
1611638639780211760,0.9538,1
1611643318818792126,0.9766,1
1611651452087008040,0.91995,2
1611738922666534947,0.8834,1
1611797398283024612,0.29446666666666665,3
1611809636985276907,0.7464,2
1611835683981706866,0.7845,1
1611963885369009014,0.983,1
1612132526871697018,0.61498,5
1612153066025862809,0.12888,5
1612160519621278802,0.9795,1
1612178742103121584,0.5749500000000001,4
1612261956415413087,0.798275,4
1612264848770870641,0.9723,1
1612291833976981668,0.8221,1
1612292234820659650,0.9769,1
1612331445042918310,0.0531,1
1612335633958204671,-0.7494,1
1612344449268223174,0.54015,2
1612346831699325956,0.30455,4
1612348724400911522,0.8821,3
1612357855173559384,0.6341333333333333,3
1612379375409670941,0.9908,1
1612387795499868188,0.8661,3
1612401130225446490,0.0,1
1612479487796226253,0.52245,8
1612492048437730118,0.9891,1
1612567475913850426,0.9229,1
1612578533547732697,0.9485,1
1612667856439196693,0.16455,2
1612879127741629569,0.765,1
1612882394101141121,0.6249,1
1612938571371697789,0.9622,1
1612976614307759307,0.9299,1
1612992605320766398,0.7841,1
1613003983525812799,0.9594,2
1613007099538606507,0.1245,1
1613020977113072544,0.6705,1
1613086086984390254,0.2202,2
1613100513569545736,0.9828,1
1613122890158794877,0.4754,1
1613133156480953739,0.5719,1
1613138596471605125,0.5465,3
1613153404053640828,0.9229,1
1613225359763051306,0.008950000000000014,2
1613229473999673141,0.9493,1
1613240585512744258,0.9298,1
1613261063972937213,0.9177,2
1613313873727042820,-0.27115,2
1613330685654499990,0.4019,1
1613346264535608442,0.9578,1
1613597285088206221,0.9401,1
1613606662256329831,0.8979,1
1613609064164209797,0.0,1
1613626521983104294,0.9564600000000001,5
1613628986088113062,0.8308,1
1613634685457684793,-0.08925,2
1613655750246411933,0.8241999999999999,3
1613694294581226722,0.392,2
1613704766040569578,0.9571,1
1613718766836029486,0.12005,2
1613727343613713978,0.908,1
1613736777751257059,0.60872,5
1613758973159075332,0.9826,1
1613774577848524207,0.9732,1
1613779952736695392,0.8176,1
1613794636552512971,0.21905000000000002,2
1613861076063790038,0.8338,2
1613879897698408587,0.9577,1
1613882183761067190,0.7506,1
1613893248420323162,0.9381,1
1613954271671227204,0.9628,1
1613977527052752990,0.7363999999999999,2
1613990106565063176,0.9855,1
1613994956167371573,0.9081,1
1614055125617110403,0.6249,1
1614062967933967218,0.5602499999999999,2
1614066725260357483,0.76805,4
1614191715338032508,0.4753,1
1614192215279205932,0.8251,1
1614423687846026833,0.0,1
1614486661594205637,0.9144,1
1614501143447948104,0.7906,1
1614538468733601224,0.296,1
1614674377160187243,0.3612,1
1614705693684407051,0.92395,4
1614735435371336022,0.7858499999999999,2
1614736761950169796,0.43545,2
1614755139703876023,0.1007,1
1614761920883075982,0.5917666666666667,3
1614764757999574663,0.5377000000000001,4
1614776842573253586,0.8158,1
1614785467428627964,0.9533,1
1615108154240929939,0.6523,2
1615123285021535072,0.9548,1
1615124202359029099,-0.0756,2
1615124202450010549,0.6353875,8
1615124202492209393,0.771375,8
1615124202683615765,0.6588,1
1615124202691980244,0.76,2
1615124214043927117,0.908,1
1615124214070822286,0.0,2
1615124218738213310,0.9337,1
1615124218742649942,0.3765,3
1615124227076493350,0.0,1
1615124227261213378,0.6528499999999999,2
1615124230436637780,0.8047,1
1615124258170264179,0.5561499999999999,2
1615124258448741659,0.0,2
1615124260116631703,0.39805,2
1615124349782828527,0.9178,1
1615124349950149114,0.54635,2
1615124351140380009,0.9134,1
1615124427579839441,0.0,1
1615124427616232684,0.3342,2
1615124427778372695,0.8329,3
1615200020091581248,0.6017250000000001,4
1615205251593143046,0.9382,1
1615208342886475246,0.8591,1
1615212075138298827,0.0,1
1615215844882199651,0.8555,1
1615225703774038745,0.8356,1
1615236498187002979,0.7947500000000001,2
1615238405410898479,0.9932,1
1615305743136993695,0.9231,1
1615309390999597188,-0.6369,1
1615317814292402649,0.0,1
1615324560560018974,0.5984,1
1615334690419963872,-0.9862,1
1615348945004804466,0.6588,1
1615403049445730419,0.6249,1
1615406796067589149,0.9577,1
1615516653334799229,0.6008333333333333,3
1615562834660036934,0.4814,2
1615777606676541972,0.9938,1
1615931038346638080,0.81172,5
1615931153180343368,0.7896,1
1616000972561003362,0.71065,2
1616008478861727279,0.0,1
1616012667000006275,0.14245,2
1616042737474935483,0.4404,1
1616054173930828166,0.745,1
1616105030497348653,0.9821,1
1616139260352722830,0.8957,1
1616216834110458492,0.6155666666666667,3
1616271262869647188,0.837,2
1616529728331920132,0.9829,1
1616592244677516954,0.93,1
1616616432517858309,0.966,1
1616633771871830154,0.5983,1
1616634174486592148,0.9871,1
1616662735731957835,0.9415,1
1616678447299365797,0.8799666666666667,3
1616708912535494819,0.9020333333333334,3
1616721430764846824,0.0,1
1616740863073279817,0.9294,1
1616742358107420502,0.9847,1
1616746126234150319,0.4404,1
1616792670724813629,0.0,1
1616807174409405678,0.6892,1
1616821363555534758,0.9385,1
1616832871215922938,0.5994,1
1616847118176396666,0.5116999999999999,3
1616863310167727509,0.1531,1
1616864158857346841,0.936,1
1616887032842543852,0.87585,2
1617129473207238310,0.0,1
1617141223766799695,0.4903,1
1617182595897030655,0.9822,1
1617256125573793876,0.9801,1
1617306368093973301,0.979,1
1617324558615892015,0.914,1
1617425759319352515,0.3953,2
1617466295449671176,0.9681,1
1617552768005221187,0.0,1
1617579468969098657,0.0,1
1617587048553197700,0.9022,1
1617591627148371346,0.93,1
1617594550089872124,0.9387,2
1617595849507742295,0.8039499999999999,4
1617599622797680430,0.6249,1
1617603835410259917,0.0,1
1617614703568090868,-0.05765000000000001,2
1617647764480950840,0.8639,1
1617681646241740026,0.0,1
1617976987654309498,0.53182,5
1617989448169099671,0.9552,1
1617997947186978360,0.6705,1
1618075526346811706,0.8835333333333333,3
1618083168759559760,0.28595,2
1618093509158976707,0.7783,1
1618105285706845087,0.5458500000000001,2
1618133185422800991,0.79085,2
1618145609167971879,0.7670333333333333,3
1618158116783636586,0.5267,1
1618162616836418181,0.2263,1
1618179354971324604,0.4404,1
1618196150311932401,0.9285,1
1618214429640023532,0.9939,1
1618264732184169870,0.2265,4
1618265905001435713,0.0,1
1618283488732889215,0.16033999999999998,5
1618297659330677107,0.45745,2
1618365233620012571,0.9107,1
1618374859208998951,0.0,1
1618389714755946639,0.4549,2
1618390200861391251,0.836,1
1618390641537430716,-0.128,1
1618724183023709274,-0.4327,1
1618730895402539965,0.6603333333333333,3
1618747023268241175,0.9446,1
1618747392246391898,0.9459,1
1618756315056527863,0.957,1
1618761944119667997,0.18556666666666666,3
1618789175260275393,-0.3612,1
1618802943223865800,0.8316,1
1618813821601104847,0.7964,1
1618857420652001323,0.5244,1
1618891466941587596,0.47106000000000003,5
1618900285494533000,0.0,1
1618929775762183214,0.4629,2
1618933414047863434,0.7717,1
1618940171074824278,0.9114,1
1618949972431778913,0.9164,1
1618963411256761156,0.9307000000000001,2
1618970363098018638,0.6068,1
1619002571362489556,0.9742,1
1619008431926082035,0.07543333333333334,3
1619015260488683226,0.6908,1
1619036901084646516,0.4761,2
1619042881731464720,0.7624,2
1619086733588655916,0.5719,1
1619423246342164374,0.7101666666666667,3
1619453404882413635,0.4159625,8
1619471908847844377,0.93,1
1619558892159803148,0.35295,2
1619578004147641583,0.939,1
1619585601329817249,0.6413000000000001,3
1619588364111812027,0.9622,1
1619599570206585374,0.77125,2
1619702889654421683,0.8966000000000001,2
1619727853479732534,0.92675,2
1619728807561111188,0.9218000000000001,3
1619833880256880640,0.6705,1
1619837577816800327,0.35693333333333327,3
1620073140677329402,0.7067,1
1620288659455134635,0.05135,2
1620365174047056926,0.39254,5
1620391614870462195,0.9559,1
1620400458272647966,0.94725,2
1620404025133237222,0.618375,4
1620428663303901863,0.8117,1
1620496266052459166,0.79175,2
1620590213870714279,0.6997,2
1620593453996014702,0.6745000000000001,2
1620616313373825072,0.9624,1
1620945065714558622,0.4404,1
1620964528477751219,0.7644,2
1620969417337206950,0.0,1
1621069845178982095,0.18026666666666666,3
1621074592802106639,0.9692,1
1621087899939151348,0.7494,1
1621105623093926320,0.7477600000000001,5
1621181921852336935,0.9647,1
1621192553599792888,0.28485,2
1621278158895835292,0.769925,8
1621290587208203246,0.8169,1
1621344386496635733,0.9401,1
1621646084323725239,0.4897,2
1621696600847581877,0.796,1
1621846016668726024,0.798225,4
1621863884564862341,0.2187,2
1621895917040657351,0.9371,1
1621928955399456121,0.1968,3
1621952920235227127,0.9914,1
1621958563246901724,0.4703,1
1622413308948826468,0.16716666666666666,3
1622430721253895494,-0.5994,1
1622436786785579505,-0.3991,1
1622442398188431511,0.7783,1
1622454942881933464,0.795,1
1622476985667704452,0.6326666666666667,3
1622493636344306795,0.9186,1
1622555594156150674,0.8248500000000001,2
1622561179361498247,0.8807,1
1622675436781690138,0.89165,2
1622675770595199693,0.88245,2
1622676773676973928,0.521625,4
1622772348858203682,0.9216,1
1622970820090689776,0.95,1
1623084741206532356,0.8858,1
1623127182359449750,0.0,2
1623176902760507245,0.82775,2
1623183197978168067,0.8746,1
1623188106110260706,0.0,1
1623188132948818799,0.62975,2
1623257885294847540,0.8546999999999999,3
1623282477535217570,0.8199,3
1623294914758358213,0.70365,2
1623310996246559809,-0.0258,1
1623311025374364393,0.43220000000000003,2
1623325740021389577,0.99285,2
1623372225592298420,-0.9184,1
1623452806664587543,0.4525,2
1623455307634304471,0.5827,1
1623680530791157392,0.66705,2
1623767350742226305,0.617,2
1623792691000109054,0.60345,2
1623821117476015689,0.0,1
1623907497664802163,0.9471,2
1624018692453544170,0.4643,2
1624018701466156846,0.6905,1
1624045341678680740,0.9798,1
1624049281208436783,0.3964,5
1624154794224077984,0.9705,1
1624192169342562483,0.9482,1
1624230623016328701,0.9688,1
1624231519507375758,0.9109,1
1624436658402804457,0.959,1
1624478184694489772,0.364725,4
1624503866273763964,0.945,1
1624525128628249685,0.7964,1
1624580402981111520,0.0,1
1624610892429740991,0.68015,4
1624647577991693386,0.47335,2
1624678050867732931,0.9601,1
1624687265407924831,0.6808,1
1624768485240484309,0.817,1
1624847522447987700,0.4921,2
1624863153096121722,0.8434999999999999,2
1624920550954434949,0.9689,1
1624926109279279981,-0.8316,1
1624932561623502317,0.7096,1
1624996799558694590,0.728425,4
1625004791900284974,0.5268666666666667,3
1625260450904554806,0.2888,3
1625272520464210167,0.9747,1
1625272734136841699,0.9098,1
1625320286872326305,0.8503,1
1625322370607535795,0.22444999999999998,2
1625352455585859854,0.85205,2
1625387092729045704,0.9794,1
1625388437923412597,0.9053,1
1625435302093240698,0.48445,2
1625435564495129018,0.9802500000000001,2
1625445619412401443,0.9631000000000001,2
1625528205184292690,0.8689,1
1625534518849349446,0.9972,1
1625623985685727604,0.4158,2
1625984607920244326,0.6588,1
1625995936418994386,0.9081,1
1626088745681435159,0.0,1
1626103048941613140,0.48765,2
1626106376824438057,0.9132,1
1626179291817337922,0.4019,1
1626256279203077023,0.7579,1
1626280973294986237,0.9824333333333334,3
1626303233109737610,0.5588,2
1626434868082135832,0.6908,1
1626451406561537266,0.40205,2
1626475181046857842,0.0,1
1626674005974479578,0.997,1
1626745187828246953,0.36592499999999994,4
1626793219579881168,0.0,1
1626838815350813859,0.0,1
1626840093505807653,0.0,1
1626853632183580345,0.9441,1
1626863696427187470,0.8202,2
1626876665528791176,0.9273,1
1626891305121568214,0.4404,1
1626925115304156021,0.0,1
1627021289671222692,0.984,1
1627053449260058485,0.9517,1
1627073305115034147,0.9744,1
1627085076959164378,0.82715,2
1627085272128236032,-0.8957,1
1627085306483580342,0.96155,2
1627085783485448353,0.5302,2
1627086846056705204,0.0,1
1627443386004044631,0.9089,1
1627474577035435055,-0.9062,1
1627508087612253916,0.0,1
1627511845778849467,0.8297,1
1627516413815487807,0.9796,1
1627525002322717301,0.9259,1
1627543637162105423,0.9743,1
1627547200380930690,0.0,1
1627549211249794005,0.40985,2
1627560521849323293,0.8290500000000001,2
1627583410157391900,0.39577999999999997,5
1627602376982617489,0.7989999999999999,2
1627745903874328640,0.923,2
1627756967075871040,0.995,1
1627759653914826370,0.8802,1
1627801098463674347,0.7906,1
1627954271248413291,0.4754,1
1628211440268982117,0.8655999999999999,4
1628236809401533212,0.0,1
1628239542732781745,0.90795,2
1628271854542086634,-0.148,2
1628301854904001666,0.27990000000000004,2
1628311845305115904,0.8990666666666667,3
1628312786196346739,0.0258,2
1628320028617561637,0.1635,2
1628321026886798060,-0.6939,1
1628435664410899391,0.9898,1
1628436636122371546,0.9934,1
1628439708867630678,0.85845,4
1628494020980522359,0.0,1
1628496738080652164,0.9793,1
1628511713634635562,0.9022,1
1628550275000602672,0.5974,2
1628596494651577726,0.8199000000000001,2
1628766534625608228,0.8826,1
1628847282357082678,0.0,1
1628861881587847089,0.979,1
1628867551303400025,-0.05469999999999997,2
1628914151440414000,0.8748,1
1628984206306696725,0.944,1
1629006168143802373,0.9773,1
1629031440271348735,0.3871,2
1629034584931454523,0.8591,1
1629044932564061525,0.8439,1
1629047583282241903,0.5981333333333333,3
1629074483069455361,0.9097,1
1629085882428854281,-0.48325,2
1629105843567635989,0.6608499999999999,2
1629108545999446112,0.4754,1
1629111931729904944,-0.2732,1
1629151727642594079,0.85725,2
1629179343663356763,0.5015999999999999,6
1629243424553994174,0.9484,1
1629246667146433816,0.9247,3
1629275170044832110,0.9696,1
1629303544721233156,0.59095,2
1629318248274443881,0.9882,1
1629429193435219506,0.9775,1
1629508696444240891,0.3541,2
1629516172561865018,0.7657,1
1629554484993597491,0.8773,2
1629584623617206051,0.836,1
1629627071200984651,0.7263,2
1629634620184712149,-0.296,1
1629636137993299388,0.6249,1
1629661825693605875,0.6249,1
1629675687098040040,0.9349,1
1629676270898999735,0.8707,1
1629695921311234575,0.9588599999999999,5
1629701454609170648,0.92,1
1629715098328629264,0.9704,1
1629715955131598605,0.9055,1
1629736470067910911,0.5859,1
1629749842011468054,0.9697,1
1629753945386936705,-0.089,1
1629757829852921428,0.624,1
1629763807767993733,0.3062,2
1629763896696162457,0.41675,2
1629763998205205317,0.0,3
1629764093851538601,0.7933,2
1629764191311550125,0.00949999999999999,3
1629769192644498709,0.95255,2
1629789187090662127,0.8271,1
1629794046942004589,0.7178,1
1629822056776377063,0.9497,2
1629840781695380121,0.96542,5
1629865239599670992,0.0,1
1629915482209954126,0.03205000000000002,2
1630034635130087589,0.63045,2
1630036227807664289,0.16516666666666666,3
1630038545559402913,0.41796,5
1630051106831384833,0.0,1
1630089749698174453,0.9551,1
1630279068730845080,0.19063333333333332,3
1630353678763472387,0.76265,4
1630353993244854116,0.9811,1
1630396308714335054,0.9588,1
1630399658580435355,0.0,1
1630417522461880418,0.7705,2
1630419303687300124,0.57035,4
1630462679353299701,0.61156,5
1630464091533151035,0.2382,1
1630473792965824378,0.9533,2
1630488089035093865,0.836,1
1630495174861297848,0.949,1
1630496485864603240,0.8216666666666667,3
1630516801038358780,0.34,1
1630764109623648945,0.5709,1
1630942329148829675,0.9048,1
1630956789087657358,0.4215,1
1630997783877111638,0.6011333333333333,3
1631059841191379343,0.5859,1
1631076167175691559,0.9828,1
1631201586307968478,0.8744999999999999,3
1631204192658430933,0.9325,1
1631233506285407149,0.8622,1
1631251459310397158,0.9796,1
1631301187289080398,0.8126,1
1631310851122645420,0.3715,2
1631416870598274354,0.9127,1
1631423762706708127,0.23005,2
1631766975984944714,0.7351,1
1631811743021461929,0.84705,2
1631874462975439304,0.8519,1
1631876904677235692,0.882,2
1631888832465961843,0.8954249999999999,4
1631916288996724186,0.8655,1
1632038756212105804,0.8738,2
1632093237227673808,0.593,3
1632100878125340542,0.8705,1
1632113368856077855,0.9841,1
1632116559938252189,0.9524,1
1632153654205804027,0.9587,1
1632170474979183417,0.8683,1
1632400847798553366,0.7696000000000001,2
1632465931455811332,0.7697,2
1632500278460765187,0.9626,1
1632508881234557745,0.96855,2
1632532292397811616,0.9183,1
1632545363325039332,0.8655,1
1632548334129588298,0.0,1
1632557954641915359,0.8883,1
1632566318753960495,0.5899,2
1632572226169163866,0.72,2
1632685208307399031,0.862,1
1632685348232096806,0.9371,1
1632730781137190707,0.85275,2
1632747981159784589,0.81785,2
1632749118862599948,0.9894,1
1632787635257095916,0.9468000000000001,2
1632825917905570881,-0.6808,1
1632859266430001298,0.2531,4
1632873165050120768,0.6245,2
1632909328580924937,0.765,1
1633099466814377781,0.9775,1
1633194980068091755,0.4738,2
1633201783929403425,-0.0258,1
1633201939444639781,0.09849999999999998,2
1633202109715013440,0.6908,1
1633202503424236584,0.0,1
1633203497401207993,0.951,1
1633203719492142249,0.70055,2
1633216843696251934,0.9686,2
1633228330318736592,0.4588,1
1633232338080411985,0.3303,3
1633241076243926854,0.6908,1
1633256118909396598,-0.5423,1
1633268242520376840,0.0,1
1633269001706747416,0.9905,1
1633278421560102033,0.6588,1
1633279462813201047,0.7673333333333333,3
1633297951264010436,0.4754,1
1633337995028275093,0.14676666666666668,3
1633356710980439101,0.9136000000000001,3
1633366292173446239,0.8522333333333334,3
1633368974625886213,0.4593,2
1633424792468680806,0.0,1
1633452325174528878,0.95155,2
1633504945815674345,0.765,1
1633544519390612345,0.9315,1
1633595890357004773,0.4895,2
1633596049850205604,0.5994,1
1633634965399290775,0.5574,1
1633713368349080304,0.09119999999999998,4
1633733107900536508,0.3548333333333333,3
1633912622072518255,0.0,1
1633961648381660368,0.0,1
1633966242294549162,0.2869,1
1633976503073908192,0.9391,1
1633976656462061170,0.5719,1
1633979356237028657,0.5527000000000001,3
1633989864851131941,0.9451,1
1633996424693015722,0.9337,1
1634021994245109727,0.9422,1
1634022297657703679,0.9183,1
1634036344050674102,0.0,1
1634055496028598883,0.9658,2
1634075187331529068,0.7044,2
1634102626500545958,0.48515,2
1634111513798057829,0.5719,1
1634147194945218422,0.9773,1
1634155371127976713,0.0,1
1634174907266778919,0.9813,1
1634214589027356188,0.9304,1
1634230093129896203,0.9899,1
1634291087569340801,0.25245000000000006,2
1634403821940885917,0.9861,1
1634517360013661273,0.9538,1
1634539004553998063,-0.296,1
1634605800209009677,0.9508,1
1634611842380898288,0.9841,1
1634617279195746152,0.8858,1
1634660780555871891,-0.5574,1
1634672662808920829,0.2726,3
1634702145947532634,0.6858333333333334,3
1634703875999449764,0.8412000000000001,3
1634788164907489963,0.6495,2
1634796084273890780,0.967,1
1634810046689373893,0.4969,2
1634810463192495532,0.8402,1
1634810753853723809,0.9016500000000001,2
1634818828432490505,0.9661,1
1634821837711581936,0.9763,1
1634827846104537340,0.8383,2
1634873812333426312,0.9761,1
1634885812700889181,0.8952,1
1634892889771494491,0.9231,1
1634939060615350954,0.9087,1
1635079236641173952,0.4454,2
1635090328897987574,0.6249,1
1635122102684895034,0.6249,1
1635130253450692411,0.23003333333333334,3
1635413974569985487,0.47376666666666667,3
1635486733031892506,0.29773333333333335,3
1635501527942689048,0.9689,1
1635532278379496974,0.0,1
1635543097400781017,0.965,1
1635546632676294889,0.8955,1
1635567070324275797,0.765,1
1635571598273111410,0.9132750000000001,4
1635578800141305461,0.669,1
1635579311153806559,0.7118,2
1635579312067701755,0.4911,2
1635579313481848603,0.8922,1
1635616014760268655,-0.8316,1
1635634499938557493,0.6694,1
1635663861918271105,0.42873333333333336,3
1635675263126416258,0.8685,1
1636147229894791034,0.8866,2
1636149054712276955,-0.148,2
1636172718376974121,0.8204,1
1636190466764203578,0.0,1
1636233514780157863,0.0,2
1636243249211081300,0.4199,1
1636314556516472607,0.9897,1
1636326124619280162,0.9947,1
1636345816666049252,0.8897,1
1636510760622273633,-0.21894999999999998,2
1636570283452108837,0.9728,1
1636662795578198072,-0.9136,1
1636821173775797720,0.9087,1
1636849038049661527,-0.5423,1
1636946109116552111,-0.5934,1
1636964848773335299,0.958175,4
1636992318642850434,0.4454,2
1637026572235036955,0.6976,2
1637040801075237245,0.8151,1
1637048507942267227,0.4404,1
1637065726164612384,0.9365,1
1637157340829173612,0.6249,1
1637260423861110151,0.9875,1
1637484731218676737,0.9763,1
1637572101152202351,0.81915,2
1637656509639254652,0.97065,2
1637678959398248758,0.7214,2
1637688446899416840,0.9073,1
1637734416235309389,0.8126,1
1637760778514484613,0.9401,1
1637825574241119253,0.9843,1
1637923963900742172,0.9933,1
1637973063784677212,0.5983,1
1638215540526579817,0.9459,1
1638269911396960165,0.3414,3
1638304575440700697,0.9559,1
1638321139910828370,0.9167,1
1638321804202039963,0.9492,1
1638323144191225259,0.4258,2
1638323170136744901,0.9872,1
1638330787747827705,0.8826,2
1638405490264786437,0.935,2
1638422018245654346,0.7506,1
1638462975688912617,0.8576,1
1638484841631113172,0.9582,1
1638499020095751005,0.95465,2
1638502570027833595,0.8922,1
1638510949630344890,0.5707,1
1638518285415647274,0.0,1
1638550342592621828,0.0,1
1638555504770811556,0.0,2
1638592943424929473,-0.07749999999999996,2
1638612060648968052,0.2069,1
1638621580549841705,0.8908,1
1638625137333271556,0.765,1
1638641003749267294,0.9342,1
1638712277850657253,0.7639,1
1638769485308546840,0.7267,1
1638839288036758057,0.9592,1
1639038167663129137,0.2997,2
1639045744524229745,0.6776,1
1639052323309999050,0.9612,1
1639073185295730293,0.5481499999999999,2
1639073972136428869,0.4958,2
1639168562845616747,0.9735,1
1639176318969535818,0.6757500000000001,2
1639190777968264605,0.743,1
1639193972457573602,0.7845,1
1639215522947068591,0.8341,1
1639248660520060578,0.8948499999999999,2
1639286882518861475,0.9686,1
1639326507839879454,0.9712,1
1639413632127904210,0.9614,1
1639502780857814132,0.7579,1
1639611865788285697,0.9846,1
1639647353075555037,0.9661,1
1639713845015697098,0.9881,1
1639725059707001252,0.8625,1
1639753294114220058,0.0,1
1639753350263329412,0.0,1
1639837910105782805,0.0,2
1639859576094111548,0.9774,2
1639873896854632553,0.9555,1
1639892755520862294,-0.5267,1
1639948924191459946,-0.29025,2
1639952708015663070,0.9296,1
1639953668282810829,0.6239,1
1639993579228598372,0.6249,1
1640000641571359972,0.9374,1
1640012704718871255,0.7773,1
1640425485927938169,0.6453,5
1640514932154534491,0.9524,1
1640515859866964378,0.9422,1
1640540365342905120,0.9492,1
1640542253868594344,0.9326,1
1640558900678518819,0.7892,1
1640603454199024096,0.8659,2
1640624978272699316,0.4311,2
1640634317919751063,0.2838,2
1640651841992744010,0.9337,1
1640670801132390175,0.5934,3
1640672824276056988,0.4862333333333333,3
1640689498868891000,0.9441,1
1640703355216610472,0.9663,1
1640725768555620361,0.86115,2
1640734933946224748,0.94285,2
1640851555284456989,0.2423,3
1640878485307233989,0.9037333333333333,3
1641199389172381545,-0.4745,2
1641223534830065321,0.9231,1
1641240402217045307,0.9392,1
1641251082667021368,0.9601,1
1641256119404668882,0.42115,2
1641272370334508359,0.9677,2
1641276779057869470,0.6809666666666666,3
1641281265299616499,0.37042,5
1641291950740821669,0.75075,2
1641292565030421524,0.8834,1
1641304954014625650,0.9244,1
1641335419095398387,0.7401625,8
1641626427763967218,-0.4215,1
1641823399961761360,0.8523499999999999,2
1642008739040119599,0.6464,4
1642016704848384113,-0.296,1
1642110754751041388,0.98,1
1642111558547023474,0.41100000000000003,4
1642163407632860457,0.5719,1
1642172747029731707,0.9183,1
1642178842866423520,0.9739,1
1642234581332030187,-0.148,2
1642315421297393712,-0.4215,1
1642633033251179846,0.9345,1
1642635847393249144,0.9324,1
1642650261475807135,0.9349,1
1642675837120367979,-0.6705,1
1642687961036195113,0.9929,1
1642696630853156889,0.9654,1
1642707043781771044,0.9422,1
1642730611586112766,0.4404,1
1642777347041385958,0.4955,2
1642794447463244042,0.49095,2
1642807857308624030,0.9274,1
1642820818504822958,0.9266,1
1642825953415641119,0.8834,1
1642838615905990105,0.8215,1
1643174157565138711,0.742,1
1643362511888624306,0.6249,1
1643369289217770393,0.8578,1
1643374643435681637,0.91435,2
1643422987712809513,0.836,1
1643428458776928222,0.7955,1
1643461303493835111,0.6249,1
1643479278058398780,0.8387666666666668,3
1643525744079425235,0.904,2
1643549955278965251,-0.296,1
1643561153642561037,-0.10215000000000002,2
1643574325888037802,0.9796,1
1643580423854471274,0.9824,1
1643583810059336141,0.7379,1
1643586688165025813,0.0,1
1643587134437335910,0.7671333333333333,3
1643680382721011540,0.9743,1
1643692766459787249,0.4215,1
1643693247375006349,0.9947,1
1643706363208049318,0.9973,1
1643815359701529063,0.9703,1
1643826127557452278,0.8591,1
1643956652078380257,-0.8331,1
1643959538654722139,0.9586,2
1644110155983342972,0.8439,1
1644113743540547111,0.0,1
1644116198061732655,0.0087,1
1644118051808646316,0.474,1
1644140199496761203,0.8678,1
1644140720291605943,-0.9928,1
1644141497051156587,0.9705,1
1644143756839014666,0.9485,1
1644145977424800443,0.0,1
1644147857522060909,0.8516,1
1644148158636373860,0.6249,1
1644182150585876803,0.3715,2
1644207849272692657,-0.8016,1
1644209425791170384,0.6249,1
1644210078028572791,0.79025,2
1644227555898423498,0.8401,3
1644239407286591205,0.3501,1
1644266982241986737,0.9258,1
1644280388970507600,0.4784,2
1644282239091239513,-0.8439,1
1644363607358892359,0.995,1
1644383500494676286,0.9691000000000001,3
1644436624279594296,-0.2118,1
1644494557815788559,0.9861,1
1644549785732378667,0.9848,1
1644557282321835944,0.7045,1
1644819124265765508,0.9505,1
1644838026346275263,0.8658,1
1644840708107718562,0.9228,1
1644850637248048815,0.9438,1
1644862093777180829,0.0,1
1644886554714663059,0.9684,1
1644891375902281229,0.9835,1
1644921498274982038,0.63305,2
1644921498314182182,0.561725,4
1644927496571889275,0.8582,1
1644990154667538461,0.807,1
1645042412325259416,0.855,1
1645048342907067162,0.9422,1
1645094170229913919,0.8834,1
1645166138723673698,0.9018,1
1645203462901824564,0.0,1
1645487943213622875,0.4124,2
1645512593877404562,0.76145,2
1645553098779430251,0.9382,1
1645558412790072348,0.9955,1
1645560644121017470,0.9542,1
1645587284365612466,0.38725,2
1645616150119519043,0.98205,2
1645652183961739498,0.7111666666666667,3
1645652451514178825,0.8885,1
1645746609321406537,0.7345,1
1645790348307170465,0.8264,1
1645810957853610703,0.0,1
1645817780528465497,0.0,1
1645828278547993363,0.9978,1
1645909739276900799,0.87995,2
1645930034648443119,0.6732499999999999,2
1646253067460065581,0.9321,1
1646258133556547399,0.9575,1
1646278250885289599,0.4215,1
1646488174573992206,0.86115,2
1646497123975147481,0.8553,1
1646517095850063189,0.9623,1
1646565982667059866,0.0,1
1646609572991946122,0.42195,2
1646688194785567247,0.9917,1
1646771706218768339,0.0,1
1646854047120244970,0.7791666666666667,3
1647050756215386699,0.4404,1
1647063338495044695,0.8018,1
1647108492872481233,0.7003,1
1647142219535256512,0.982,1
1647331676679548648,0.6604,3
1647337936975178767,0.9312,1
1647443844984610765,0.8807,1
1647612681905791293,0.9072,1
1647811772753541014,-0.5574,1
1647825929219206860,0.9304,2
1647827054440611588,0.301,3
1647827054706672450,0.5697,3
1647828347015559065,0.90335,2
1647851240243382861,0.9912,1
1647860565274060657,0.2002,1
1647866906432423150,0.836,1
1647875961418034090,0.72595,2
1647886566393072968,0.88655,2
1647900362861035200,0.7379,2
1647907179636384205,0.5978,2
1647930993502657978,0.9334,1
1648034178182940300,0.5983,1
1648054325421608011,0.5849,1
1648077300934277615,0.855,1
1648097940546555795,0.79345,2
1648317249903698783,0.1496,1
1648425425174409438,0.9468,1
1648478729993162229,0.8779,1
1648493101768943418,0.9684,1
1648494199759748343,0.9817,1
1648495869914238022,0.9579,1
1648508024845356333,0.9773,1
1648518382271096088,0.3971,1
1648518727889013408,0.93755,2
1648618177281785173,0.0,1
1648641952566954476,0.7845,1
1648644580419275326,0.9259,1
1648794246109167275,0.9606,1
1649106292500593243,0.5719,1
1649113348481910219,0.8955,1
1649169856543043587,-0.2695,1
1649246483610635243,0.8006000000000001,3
1649247844120463284,0.9300999999999999,2
1649252332821996309,0.44985,2
1649257328514282140,0.8674,1
1649325913537869921,0.91,1
1649330465631391287,0.4215,1
1649362616353179319,0.37929999999999997,2
1649365769920637125,0.9355,2
1649388541506455067,0.8805,1
1649393425498224791,0.9559,1
1649530045169013480,0.98055,2
1649642178724431802,0.9696,1
1649822579187125147,0.9753,1
1649869482305560200,-0.25,1
1649925482744910045,0.3404,2
1649928256899292837,0.9217,1
1649950703046594734,0.2086,4
1650038802607646781,0.0,1
1650050126652673539,-0.4404,1
1650056240035348859,0.0,1
1650059902315638591,0.9741,1
1650089419286380172,0.5974,1
1650108546558704591,0.9565,1
1650121365021197641,0.9506,1
1650139272591471069,0.10115,2
1650197204898468473,0.93875,2
1650223095168323473,0.8221,1
1650311707136573736,0.0,1
1650341135159702986,0.46785,2
1650353791278538150,0.9524,1
1650661144755418191,0.25525,2
1650693898696972445,0.7933,1
1650694100771191545,0.009750000000000036,2
1650694313769543585,0.84065,2
1650694832462233080,-0.5994,1
1650700863052112042,0.42069999999999996,2
1650740067281583463,0.30262500000000003,4
1650807713798877206,0.63085,2
1650807811287869525,0.17543333333333333,3
1650807997716110978,0.0,1
1650808053505819631,0.9815,1
1650820972234500392,0.9189,1
1650834231917288945,0.9457,1
1650909442466373307,0.91475,2
1650909576075761661,0.796,1
1651242969997439503,0.925,1
1651447595325673377,0.9735,1
1651470552800982886,0.8953500000000001,2
1651487307506317754,0.9076,2
1651487828197605685,-0.04844999999999999,2
1651493623544983295,0.773,2
1651538825467021233,0.922,1
1651566149650510926,0.8475,1
1651580464777452896,0.5994,1
1651690173151413848,0.7713,1
1651744671278518240,0.9714,1
1651918252914301426,0.77075,2
1652057485151898747,-0.6914,1
1652077440086264916,0.9791000000000001,2
1652146019690636158,0.9829,1
1652303773406196930,0.9581500000000001,2
1652351884135851093,0.83025,2
1652360515862036598,0.7906,1
1652365492656337985,0.8385,2
1652471481545319255,0.969,1
1652676872417387649,0.9938,1
1652755047336809161,0.9779,1
1652766844716755367,0.8098000000000001,2
1652820832026219869,0.4019,1
1652823947657669167,0.0,1
1652869186603839103,-0.3786,1
1652893692327944140,-0.6234,2
1652914921225736195,0.98335,2
1652942192564847733,0.4359,2
1652943105441588761,0.8439,1
1652943922688406052,0.9186,1
1652944257358584430,0.8655,1
1652947438633538406,0.6567666666666666,3
1652954151972439687,0.4467666666666667,3
1652957252419889493,0.9214,1
1652958091917182737,0.9186,1
1652969917731918359,0.9841,1
1652975995799833443,0.9245,1
1652978260997276115,0.8267000000000001,3
1652997496497542787,0.0,2
1653015969132847701,-0.4753,1
1653492573493144567,0.7655,1
1653533196492056239,0.4215,1
1653555615622469203,0.8834,1
1653659115405778069,0.7845,1
1653664370646279202,-0.0018,1
1653678763504634676,0.9319,2
1653702270024264666,0.7063,1
1653703841114823835,0.8521,1
1653711625166714618,0.9335,1
1653716364107638493,0.9414,1
1653728422548555121,0.902,1
1653728838798231495,0.9286,1
1653767788953600236,0.9422666666666667,3
1653802123228586294,-0.128,1
1653888586333282375,0.9618,1
1654201606331437291,0.0,1
1654217065903098553,0.9272,1
1654258168440864707,0.16445,2
1654258837949723454,0.8687,1
1654270952965145301,0.7996,1
1654365588714695295,0.4927,1
1654403434630448822,0.872,1
1654418535072877770,0.79815,4
1654446380827130858,0.90675,2
1654453981341198887,0.0,1
1654464055613206636,0.4404,1
1654464727804595729,0.9732,1
1654472863672750885,0.9628,1
1654477989956429105,0.9118,1
1654489369470820470,0.9576,1
1654525086179030494,0.65778,5
1654551629202317146,0.9875,1
1654580664712380045,0.6249,1
1654897013485893295,0.46525000000000005,2
1654958276479311072,-0.10385,2
1655009322054999524,0.936,1
1655033532758580007,0.8012,1
1655078674493077489,-0.128,1
1655173851878774569,0.6249,1
1655202337978716081,0.671,4
1655208054186117777,0.8979,1
1655265700620496486,0.9645,1
1655339916738623901,0.9857,1
1655657524351858384,0.7038500000000001,2
1655708078377290657,0.0,1
1655806941682693573,-0.9727,1
1656010937538763216,-0.22535,2
1656420420404516303,0.994,1
1656463918881128190,0.6697,1
1656481480091414598,0.9667,1
1656514126005908321,0.0,1
1656528477406046070,0.5819,1
1656576645429911148,0.9560500000000001,2
1656644106413170269,0.8908,1
1656652698761306750,0.7845,1
1656753025784680092,-0.5267,1
1656845643227139255,0.0,1
1657095207787286850,-0.9136,1
1657240268292406886,0.7178,1
1657253805729977459,0.6893,2
1657271704308666342,0.3445,1
1657298211323190207,0.4878,2
1657337552085520228,-0.8309,1
1657367756002880502,0.4019,1
1657465239049358435,0.6073,1
1657901491271001927,0.9885,1
1657950300200186483,0.5538,1
1658079510279753099,0.9468,1
1658089319693412673,0.9298,1
1658454493451980158,0.8762000000000001,2
1658521383519405073,0.6588,1
1658596259637438763,0.4404,1
1658670588432021996,0.9402,1
1658684781881281767,0.9157,1
1658719173606705559,0.8714,1
1658740572497375243,0.3612,1
1658740904126386424,0.91,1
1658742216423920409,0.180425,4
1658744259370950829,0.9349,1
1658751358012753788,0.8943,1
1658840855227634740,0.6249,1
1658855985325231355,0.8956333333333334,3
1658905568855868286,0.8938,2
1659027475725895876,0.4215,1
1659246274813054443,0.9838,1
1659267763667809392,0.9441,1
1659356068741905810,0.9839,1
1659396237418306138,0.6643,1
1659430627801874709,0.5994,1
1659458654887584406,0.76835,2
1659512057814968691,0.9152,1
1659569342876493298,0.6812499999999999,2
1659587203400663058,0.9464,1
1659621212163484128,0.9682,1
1659623074137513175,0.6114,1
1659683887005247595,0.9618,2
1659889235895694991,-0.9761,1
1660001675192295165,0.8268,1
1660065954713194464,0.0,1
1660075834985684525,0.9889,1
1660144305899458806,0.0772,1
1660146170188427384,0.5994,1
1660195101603025000,0.9541,2
1660238189830649865,0.128,1
1660259308044069024,0.4939,1
1660281674548243086,0.5994,1
1660288225206176655,0.681,2
1660294133277383231,0.6588,1
1660308733830173906,0.9183,1
1660335574735400217,0.9313,1
1660341814305804208,0.6486,1
1660376275198887386,0.9332,1
1660385499013395937,0.90875,2
1660859916512976627,0.3444,1
1660877083695195739,0.9754,2
1660904598911249185,0.9077999999999999,2
1660910140590156625,0.8915,1
1660914319162514877,0.4215,1
1660965569663374665,0.5972999999999999,2
1660976829560791318,0.9761,1
1660982280825775313,0.6249,1
1660999057669337607,-0.296,1
1661028999012695595,0.9857,1
1661108086099173969,0.9254,1
1661127454955552311,0.974,1
1661563449691560034,0.9726,1
1661589983082247906,0.8923,1
1661594866044037698,0.9891,1
1661606558435809922,0.25,1
1661616318397525957,0.0,1
1661631521361111151,0.9693,1
1661661179183779833,0.807,1
1661662284790114860,-0.9365,1
1661702198710129179,0.9544,1
1661731171904971528,0.9452,1
1661734393102365737,0.4404,1
1661859342146134931,0.1806,2
1662258202749932043,0.06,2
1662387794673257426,0.824,1
1662398264936400211,0.0,1
1662448766159715079,0.15565,2
1662466484536454015,-0.21739999999999998,2
1662473120811795613,0.8883,1
1662483122538018372,0.9517,1
1662496753266145266,0.95575,2
1662590877802921837,0.8354,1
1662625887935229085,-0.128,1
1662898941752251458,0.9886,1
1663075987947400743,0.9680500000000001,2
1663076060795509843,0.9509,1
1663079229795541729,0.6688,1
1663081895765856018,0.9153,1
1663145494144052434,0.74665,2
1663237714229608028,0.9578,1
1663246236241470406,0.9312,1
1663273391431022019,0.6369,1
1663273455269952527,0.9771,2
1663366531419900787,0.296,1
1663366943122965345,0.4188,1
1663368345918254666,0.8844,1
1663521679965115749,0.8313,1
1663622534001574943,0.908,1
1663626269860969842,0.0,1
1663642525169607396,0.9194,1
1663642555535519197,0.5994,1
1663663611632263829,0.6249,1
1663673249228070162,0.937,1
1663694223026301630,0.5106,1
1663755014879222470,0.8977,1
1663759029181627730,-0.8658,1
1663831025082067732,0.6678,1
1663838801324938773,0.8402,1
1663890236896391225,0.9474,1
1663966896582605092,0.8583,1
1664201614775267823,0.6249,1
1664346041827906028,0.737,2
1664348125067112353,0.9186,2
1664358668894572283,0.7418,2
1664386483825119888,0.8775,1
1664391391900145621,0.4927,1
1664404841986232717,0.5106,1
1664415639016600603,0.9269,1
1664426475062240960,0.9629,2
1664456345674973473,0.6249,1
1664457776190556643,0.5719,1
1664499971647768577,0.0,1
1664637446436955859,0.0,1
1664686703758459433,0.916,1
1664690706232274092,0.9637,1
1664717069358951265,0.0,1
1664725944764680140,0.938,2
1664744889500316958,0.9635,1
1665005578120241075,-0.575,1
1665109212770729537,0.977,1
1665118523237919165,0.872,1
1665166163198213703,0.977,1
1665167934929927014,0.5994,1
1665170292876704065,0.7712,1
1665236431786803679,0.5719,1
1665343567943008436,0.9652,1
1665351942318587604,0.0,1
1665377008423463385,0.92825,2
1665379084810222858,0.85975,2
1665393831763179521,0.9539,1
1665395913319560237,0.0,1
1665410803179488096,0.043899999999999995,2
1665436476128746940,0.7836,1
1665489524503650962,0.7574,1
1665554349328127894,0.0,1
1665704155707518034,0.8217,1
1665741682749278984,0.9459,1
1665857481382160728,0.9324,1
1665922491801735309,0.3384,1
1665992908136303775,0.9939,1
1666050300268086066,0.9858,1
1666138565763427356,0.0,1
1666168915070336117,0.7717,1
1666490721732918825,-0.148,2
1666511966896180430,0.95125,2
1666549634208056734,0.7906,1
1666603497753984747,-0.296,1
1666728331762818170,0.7778,2
1666827224262958377,0.9583,1
1667270324060206489,0.976,1
1667355343940394004,0.8167500000000001,2
1667397175467658073,0.9852,1
1667420719506110348,0.0,1
1667518286477211728,0.8802,1
1667521442899343386,0.7964,1
1667547579024656784,0.9685,1
1667602307917299694,0.6249,1
1667634434385941328,0.9963,1
1667636656992156037,0.8858,1
1667651971368175102,0.47385,2
1667669776358003097,0.0,1
1667904584728287261,0.8061666666666666,3
1667977999978653018,0.0,1
1667982496216368283,0.9744,1
1668036213620467741,0.9697,1
1668038166235217365,0.5483333333333333,3
1668080811562990682,0.2263,1
1668092233021852801,0.0,1
1668099614318950007,0.9036,1
1668130459841299503,0.8402,1
1668131853347754638,0.0,1
1668133908311002248,0.5106,1
1668156061321231079,0.7468,1
1668172570848115128,-0.296,1
1668212331656143078,0.9792,1
1668240766698693666,0.9823,1
1668241795518317146,0.98445,2
1668290631869708162,0.0,1
1668305132796680595,0.762925,4
1668319759787791259,0.0,1
1668322985497902298,0.7708,1
1668343601679762037,0.9589333333333333,3
1668617977409783751,0.8516,1
1668699207665764108,0.2732,1
1668797851283025960,0.9650000000000001,2
1668804651057076264,0.8292,1
1668820847188181657,0.875,1
1668822530287103359,0.9523,1
1668824151242012321,0.4404,1
1668840417366656130,0.7773,1
1668843954959101925,0.8284,1
1668853904797749521,0.9442,1
1668885161128707821,0.9875,1
1668888673959739871,0.7774,1
1668897264370376980,0.9151499999999999,2
1668901924127621998,0.9499,1
1668918296728705274,0.765,1
1668965903560647713,-0.296,1
1669006244470856080,0.7579,1
1669065824617966469,0.493,2
1669077682208296225,0.4215,1
1669289027197037702,0.8297000000000001,5
1669421120505942075,0.9603,1
1669433500224639263,0.9216,1
1669440879068037577,0.8591,1
1669451325299619052,0.9758,1
1669490677416482699,0.0,1
1669550240668869680,0.93415,2
1669647753934761762,0.9587,3
1669652889757788645,0.6688,1
1669678454618021902,0.0,1
1669725644081025673,0.7351,1
1669926146151496202,0.9403,1
1670141570956427069,0.59785,2
1670151261996000402,0.34205,2
1670162359943038709,0.9538,1
1670183614080025358,0.5719,1
1670197346989089536,0.86495,2
1670219472576978394,-0.2382,1
1670274487752993446,0.5513333333333333,3
1670284425550091759,0.9632,1
1670286376459030393,0.8622,1
1670355696587543565,0.0,1
1670385164150641541,0.6249,1
1670486131854190673,0.5859,1
1670511445395832101,0.9215,1
1670676293190081325,0.0,1
1670759696902952357,0.9577,1
1670832176101824178,0.9386,1
1670888312121579835,0.8016,1
1670892394449075100,0.0,1
1670898682153610853,0.8200333333333333,3
1670940494518957638,0.944,1
1670952453563385477,0.7542,2
1670960256824792566,0.9583,1
1671030326985245036,0.9902,1
1671061386120617542,0.9969,1
1671078982286533333,-0.3069,1
1671079079907651248,0.5994,1
1671097569575887615,0.9349,1
1671139606136889434,0.9393,1
1671190279239340013,0.9052,1
1671206955722721185,0.0,1
1671556167086380585,0.5604,1
1671653465789420581,0.0,1
1671691529957957272,-0.7567,1
1671770101958350702,0.7089,1
1671875127355176303,0.6801,1
1671954776826679544,0.9706,1
1672084427653808403,0.31215000000000004,2
1672390097361839492,0.975,1
1672409802913110151,0.9937,2
1672416645439769438,0.8399,1
1672489382254017406,0.7783,1
1672522663116508152,0.9168,1
1672619317090134967,0.765,1
1672639061360973633,0.9343,1
1672974455685719910,0.8799,1
1673020633577958911,0.4199,1
1673116402409430016,0.0,1
1673181317361012268,0.968,1
1673258699964051537,0.9264,1
1673280886372556635,0.8173,1
1673382111909456835,0.9774,1
1673400295500998847,0.9332,1
1673713200585474650,0.9747,1
1673867724263797914,0.2263,1
1673885666982263601,0.8555,1
1673897166044724616,0.9837,1
1673899697311533692,0.9916,1
1673925108999306263,0.8402,1
1673934290966646522,0.9137,1
1674078010247342922,0.9674,1
1674127388440895162,0.9186,1
1674160586679675309,0.8488333333333333,3
1674168801661794669,0.9784,1
1674198567449821294,0.8488,2
1674393735667830383,0.0,1
1674537739676177365,0.8396,1
1674575136795589490,0.9819,1
1674579799209984439,0.855,1
1674633127553687223,0.8126,1
1674692074065281667,0.79015,4
1674792023166328256,0.836,1
1674816100083394432,0.9726,1
1674835486854759217,0.32016666666666665,3
1674891081515747467,0.0,1
1674891876960039334,0.94245,2
1674932860506510177,0.6777,2
1674942415692709507,0.961,2
1674945539814769941,0.2526333333333333,3
1675203608697850167,0.9646,1
1675213480963309806,0.4754,1
1675364581518728736,0.9389,1
1675408382645652825,0.9531,1
1675420426682939301,0.6588,1
1675514764359196437,-0.9712,1
1675576004850594847,0.0,1
1675730673936119506,0.4215,1
1675848250536586246,0.66745,2
1675958956584877770,0.9198,1
1675962126835973308,0.8601,2
1676024074012198444,0.0,1
1676257549338031441,0.6249,1
1676283956015392386,0.9311,1
1676340119738782598,0.1779,1
1676380944648560260,0.9785,1
1676616035224427438,0.6892,1
1676730535868403002,0.891,1
1676751334930666460,0.891,1
1676865032937748491,0.6588,1
1676876455150922703,-0.296,1
1676938453923992087,-0.010899999999999965,2
1676954173374051051,0.7751,1
1676979654494586463,0.0,1
1676996112019198530,0.8084,2
1677019629840962466,0.9455,1
1677042397288520687,0.5859,1
1677053395452948787,0.9022,1
1677064622883304226,0.9531,1
1677346136363369540,0.9743,1
1677454204050939418,0.47465,2
1677597768061576289,0.9535,1
1677622866189937432,0.847,1
1677727200400366915,0.7906,1
1677748094238313083,0.7845,1
1678029904684442022,0.0,1
1678078441400286029,-0.9726,1
1678086302408518038,0.2714,1
1678170832255639914,0.6789,1
1678188082341855548,0.9912,1
1678201056067364444,0.5859,1
1678293968074721698,0.2263,1
1678301043107279690,0.3953,2
1678483010275844743,0.9672,1
1678504129663079787,0.9166,1
1678508599234317101,0.0,1
1678509922405254129,0.9814,1
1678519587200237969,0.9601,1
1678840932461865558,0.3664666666666667,3
1678842688009737384,0.9892,1
1678902081925545749,0.9180999999999999,2
1678906567507749833,0.7845,1
1678942590663054916,0.0,1
1678959892849932578,0.8442,1
1678966356624632177,0.9517,1
1679019387401266680,0.0,1
1679070954352908086,0.4215,1
1679163531520509006,0.6442,3
1679300227811074145,0.9849,1
1679590523045616507,0.0,1
1679606742673857370,0.8573,1
1679615779214851134,-0.3976,1
1679643096304727750,0.9253,1
1679681631677430177,0.8481,1
1679761863908566321,0.9624999999999999,2
1679837863528668183,0.6249,1
1680295717749530755,0.89135,2
1680316922483016190,0.9533499999999999,2
1680328817068630790,0.9246,1
1680362016671963595,0.9771,1
1680418493076534167,0.8162,1
1680418586180728467,-0.2732,1
1680418680952843443,0.0,1
1680418905070564931,0.9078,1
1680419004582452547,0.8977,1
1680419685262915884,-0.4767,1
1680439812093930744,0.3089,1
1680486606454957547,0.9073,2
1680501240713965984,0.7812,1
1680510911837906756,-0.9948,1
1680548238604996453,0.9762,1
1680566939217490864,0.9677,2
1680594259355203240,0.8264,1
1680696441462344394,0.9899,1
1680977287106566133,0.8516,1
1680995131020193953,0.5903,1
1681000413681677322,0.91,1
1681009210087955231,0.9411,1
1681057696726728588,0.6249,1
1681143855152830972,0.8923,1
1681148706549436426,0.7579,1
1681260246853888385,0.9075,1
1681278213009286327,0.9666,1
1681417771483132994,0.7264,1
1681434191999747752,0.6693,1
1681822702905873307,0.8777,1
1681829825721635957,0.8519,1
1681834695368813448,0.0,1
1681849606060630797,0.0,1
1681854260526485761,-0.6186,1
1681950179154576308,0.9272,1
1681950512690194843,0.8655,1
1681954354033916177,0.9936,1
1682063411112547336,0.94765,2
1682131533121953689,0.4927,1
1682137624535328903,0.9682,1
1682232650154161553,0.9686,1
1682407522302478442,0.9838,1
1682422153848419952,0.6588,1
1682591631636654244,0.0,1
1682593161607171905,0.5859,1
1682595979153142544,0.7535,1
1682654353722991227,0.9287,1
1682704531280458119,0.9961,1
1682798729599248588,0.8682,1
1682862918974726654,0.0,1
1683255768290002933,0.8481,1
1683267800433243004,0.9947,1
1683287541446274507,0.6249,1
1683332926535464997,0.9367,1
1683357333713638144,0.5994,1
1683448652780603230,0.8622,1
1683580414129259293,0.9917,2
1683739828479759177,0.9773000000000001,2
1683894508902264620,0.9802,1
1683894606443470987,0.85075,2
1683937958203050707,0.7089,1
1683945144446246589,0.5994,1
1683983105881803777,0.9491,1
1684033289511332197,0.7906,1
1684041354548517488,0.0,1
1684071797374283972,0.6249,1
1684105716412706356,0.8271,1
1684122786524064828,0.7783,1
1684160553183832826,0.5994,1
1684251291599047380,0.9715,1
1684257559263375536,0.9855,1
1684341064203755381,0.9388,1
1684424416757363947,0.9829,1
1684580384000006057,0.3291,1
1684654384491410165,0.7227,1
1684660226507254236,0.886,1
1684808250380202589,0.0,1
1684815474480684499,0.9116,1
1684834789445533643,0.8402,1
1684841968179127766,0.9747,1
1685330584074093177,0.9648,1
1685344559331719894,0.0,1
1685405595333815559,0.9889,1
1685437299530504538,0.9451,1
1685513856594552923,0.9322,1
1685572544405801548,0.9955,1
1685574083994477175,0.8353,1
1685578288605974647,0.9947,1
1685579163089273115,0.9708,1
1685601302419979999,0.982,1
1685687357138876095,0.9678,1
1685753311111281700,0.9299,1
1685804887896468235,0.9501,1
1686106128155728779,0.5244,1
1686153026025347593,-0.6712,1
1686221364026225813,0.994,1
1686369505670895052,0.6249,1
1686474881252927209,0.7629,1
1686731552140017467,0.6506,3
1686812604830328835,0.0,1
1686922497945575251,0.0,1
1686927055746217215,0.8173,1
1686962377736618607,0.9854,1
1687088058357321045,0.73845,2
1687097745882126673,0.9421,1
1687103545030044562,0.0,1
1687162816771375088,0.0,1
1687202089065599224,0.9634,1
1687235365887339789,0.0,1
1687700297763905651,0.9715,1
1687813682004146949,0.9939,1
1687878023949046131,0.9828,1
1687912323911748462,0.9329,1
1688229390337662800,0.9404,1
1688433276896660475,0.97325,2
1688440749752028070,0.6908,1
1688452881509914869,0.0,1
1688464841490414371,0.9112,1
1688484709634486078,0.70395,2
1688514328235543838,-0.7783,1
1688521306020964743,0.7809,2
1688557443461513476,0.5562,1
1688585565947371952,0.9748,1
1688626809484343870,0.5156000000000001,4
1688826210953314415,0.9616,1
1688995489966551525,0.6652,1
1689002199565256175,0.9824,1
1689073382271096630,0.9183333333333333,3
1689147486985669452,0.9545,1
1689205210515807009,0.979,1
1689258822635422194,0.9152,2
1689266096636658262,0.9781,1
1689297049596135684,0.9501,1
1689307987924522063,0.4239,2
1689368637734395312,0.743,1
1689422016472060237,0.2382,1
1689423295235190555,0.9781,1
1689605557560636697,0.7841,1
1689757849136230985,0.4404,1
1689762967809264909,0.927,1
1689813933683930935,0.8625,1
1689841241521629208,0.8481,1
1689861124559334666,0.9537,1
1690058586319655469,0.771,2
1690073644991022497,0.6808,1
1690085488766031179,0.936,1
1690091876297141930,0.8883,1
1690093632145504472,0.888,1
1690131605280558347,0.0,1
1690336497538666450,0.9516,1
1690469408180705592,0.9705,1
1690507705853196256,0.9299,1
1690611460313715756,0.8225,1
1690754996175826499,0.944,1
1690771069138306667,0.9877,1
1690776962834621517,0.7196,2
1690833137947988148,0.8126,1
1691217883449820183,0.6873,2
1691254926248422863,0.9557,1
1691344053523173808,0.9882,1
1691429263374614808,0.6249,1
1691815834647760402,0.0,1
1691851325748789022,0.8601,1
1692064348457837333,0.9613499999999999,2
1692555406481308613,0.8885,1
1692839823200724102,0.9932,1
1692875587347439399,0.8665,1
1692916197800880927,0.7836,1
1692939181165209021,0.8675,1
1692994493529912646,0.93645,2
1693002768577196239,0.969,1
1693396317051664202,0.7712,1
1693426570176592788,0.94365,2
1693506246606900416,0.37095,2
1693531492747996743,-0.34,1
1693762163388600687,0.9821,2
1694009635313434116,0.954,2
1695188092466432106,-0.8885,1
1695643098040988854,0.8905,1
1695675431376896292,0.7783,1
1695730319413584169,0.0,1
1695756730262851859,0.8879,1
1695822088822469210,0.9538,2
1695925828855755848,0.9754,1
1695955451099004464,0.9348,1
1696384676666979241,0.8977,1
1696397181429255562,0.6808,1
1696999960977099476,0.9846,1
1697007478892544606,0.7783,1
1697041112473741593,0.7717,1
1697048690704482191,0.6249,1
1697087935839915201,0.8858,1
1697349848655520050,0.8074,1
1697366071850099929,0.6249,1
1697624088969394166,0.9059,1
1697766739811835984,0.7902,1
1697964594994383988,0.9061,1
1698462551269242156,0.9888,1
1698482351179743525,0.9426,1
1698535630416860213,0.9359,1
1698575620558543576,0.0,1
1698610354186061424,0.6369,1
1698633167677578341,0.9553,1
1698695148601645871,0.9325,1
1699288630309962436,0.1002,1
1699307107439451170,0.6478,1
1699319721631821195,0.8481,1
1699384314972685767,0.6696,1
1699423827930816247,-0.6876,1
1699424383782662901,0.8378,1
1699793467491952522,0.765,1
1699955868128708503,0.8619,1
1699989289872585637,0.80805,2
1700026719597667693,0.0,1
1700050521996849693,0.7708,1
1700201208383442402,0.9536,1
1700204078606711134,0.9607,1
1700568173622708648,0.8526,1
1700597178773725833,0.991,1
1700910803209122793,0.9778,1
1701074647868997247,0.9485,1
1701337845304879752,0.9657,1
1701421755534531613,0.296,1
1701763217796028044,0.9245,1
1701769881053362211,0.9809,1
1702136195239376541,0.9907,1
1702170565756872345,0.9725,1
1702985193874413998,0.97,1
1703037690658728189,0.0,1
1703101481789540616,0.91,1
1703211397759750937,0.9781,1
1703461223546015267,0.9729,1
1703498114196742825,0.9268,1
1703843175670237938,0.9659,1
1703886562912951393,0.9169,1
1704458555341025627,0.9298,1
1704545086160697842,0.8297,1
1704603419336725086,0.8481,1
1704823314524730111,0.6588,1
1707824310047947918,0.8934,1
1707827761561806801,-0.128,1
1707831642727612209,0.9133,1
1708972054099579134,-0.8038,1
